flow_duration,Header_Length,Protocol Type,Duration,Rate,Srate,Drate,fin_flag_number,syn_flag_number,rst_flag_number,psh_flag_number,ack_flag_number,ece_flag_number,cwr_flag_number,ack_count,syn_count,fin_count,urg_count,rst_count,HTTP,HTTPS,DNS,Telnet,SMTP,SSH,IRC,TCP,UDP,DHCP,ARP,ICMP,IPv,LLC,Tot sum,Min,Max,AVG,Std,Tot size,IAT,Number,Magnitue,Radius,Covariance,Variance,Weight,label,is_attack
1.897955071926117,1179549.1,16.5,62.72,1122.1615776979668,1122.1615776979668,0.0,0.0,0.0,0.0,0.0,0.0,0.0,0.0,0.0,0.0,0.0,0.0,0.0,0.0,0.0,0.0,0.0,0.0,0.0,0.0,0.0,1.0,0.0,0.0,0.0,1.0,1.0,5678.22,479.9,558.48,542.261032624754,27.262477627428936,544.4,83767519.81422725,9.5,32.91789619921476,38.60370921347459,5004.535890352488,0.16,141.55,Other_Attack,1
3.624856986999512,108.0,6.0,64.0,0.5517459273352838,0.5517459273352838,0.0,0.0,1.0,0.0,0.0,0.0,0.0,0.0,0.0,2.0,0.0,0.0,0.0,1.0,0.0,0.0,0.0,0.0,0.0,0.0,1.0,0.0,0.0,0.0,0.0,1.0,1.0,567.0,54.0,54.0,54.0,0.0,54.0,82981662.63433415,9.5,10.392304845413264,0.0,0.0,0.0,141.55,DoS-SYN_Flood,1
0.0306170797348022,1.74,1.05,65.91,0.9890743981782754,0.9890743981782754,0.0,0.0,0.0,0.0,0.0,0.0,0.0,0.0,0.0,0.03,0.0,0.0,0.01,0.0,0.0,0.0,0.0,0.0,0.0,0.0,0.0,0.0,0.0,0.0,1.0,1.0,1.0,443.24,42.0,44.24,42.18363834514299,0.6047827632796686,42.16,83483222.96393467,9.5,9.185062539370325,0.8565029898853064,2.676036602788922,0.14,141.55,DDoS-ICMP_Flood,1
0.0,54.0,6.0,64.0,51.63968112284157,51.63968112284157,0.0,0.0,1.0,0.0,0.0,0.0,0.0,0.0,0.0,1.0,0.0,0.0,0.0,1.0,0.0,0.0,0.0,0.0,0.0,0.0,1.0,0.0,0.0,0.0,0.0,1.0,1.0,567.0,54.0,54.0,54.0,0.0,54.0,83094104.17137757,9.5,10.392304845413264,0.0,0.0,0.0,141.55,DDoS-SYN_Flood,1
12.137978887557985,1252745.0,6.0,231.0,93.1373929573569,93.1373929573569,0.0,0.0,0.0,0.0,0.0,1.0,0.0,0.0,0.0,2.0,0.0,44.0,1129.5,0.0,1.0,0.0,0.0,0.0,0.0,0.0,1.0,0.0,0.0,0.0,0.0,1.0,1.0,7252.0,50.0,2962.0,482.5777070379741,815.5751547947035,66.0,166519355.1132338,13.5,31.02023821301848,1155.5840702330763,670735.5981933235,1.0,244.6,BenignTraffic,0
0.0133388900756835,23.64,46.59,64.0,5.516613290700234,5.516613290700234,0.0,0.0,0.0,0.0,0.0,0.0,0.0,0.0,0.0,0.0,0.0,0.03,0.03,0.0,0.0,0.0,0.0,0.0,0.0,0.0,0.0,0.0,0.0,0.0,0.0,1.0,1.0,6090.0,578.0,599.0,579.4044199466683,5.218450796948797,580.1,83581823.11160345,9.5,34.04121057258177,7.395898316046774,275.5091873467549,0.1,141.55,Other_Attack,1
0.0,54.0,6.0,64.0,17.888446283106585,17.888446283106585,0.0,1.0,0.0,1.0,0.0,0.0,0.0,0.0,1.0,0.0,1.0,0.0,0.0,0.0,0.0,0.0,0.0,0.0,0.0,0.0,1.0,0.0,0.0,0.0,0.0,1.0,1.0,567.0,54.0,54.0,54.0,0.0,54.0,83348613.75764984,9.5,10.392304845413264,0.0,0.0,0.0,141.55,DDoS-RSTFINFlood,1
6.465867006778717,108.0,6.0,64.0,0.3093166062636296,0.3093166062636296,0.0,0.0,0.0,0.0,0.0,0.0,0.0,0.0,0.0,0.0,0.0,0.0,0.0,0.0,0.0,0.0,0.0,0.0,0.0,0.0,1.0,0.0,0.0,0.0,0.0,1.0,1.0,567.0,54.0,54.0,54.0,0.0,54.0,82943430.00030163,9.5,10.392304845413264,0.0,0.0,0.0,141.55,DoS-TCP_Flood,1
0.0,174.0,6.0,64.0,3.252216125656398,3.252216125656398,0.0,0.0,1.0,0.0,0.0,0.0,0.0,0.0,0.0,1.0,0.0,0.0,0.0,0.0,0.0,0.0,0.0,0.0,0.0,0.0,1.0,0.0,0.0,0.0,0.0,1.0,1.0,1827.0,174.0,174.0,174.0,0.0,174.0,83089463.50457497,9.5,18.65475810617764,0.0,0.0,0.0,141.55,DDoS-SYN_Flood,1
0.0,54.0,6.0,64.0,18.219120958549944,18.219120958549944,0.0,0.0,1.0,0.0,0.0,0.0,0.0,0.0,0.0,1.0,0.0,0.0,0.0,0.0,0.0,0.0,0.0,0.0,0.0,0.0,1.0,0.0,0.0,0.0,0.0,1.0,1.0,567.0,54.0,54.0,54.0,0.0,54.0,82977201.01199704,9.5,10.392304845413264,0.0,0.0,0.0,141.55,DoS-SYN_Flood,1
0.0,54.0,6.0,64.0,7.443189017389255,7.443189017389255,0.0,0.0,1.0,0.0,0.0,0.0,0.0,0.0,0.0,1.0,0.0,0.0,0.0,0.0,0.0,0.0,0.0,0.0,0.0,0.0,1.0,0.0,0.0,0.0,0.0,1.0,1.0,567.0,54.0,54.0,54.0,0.0,54.0,82985248.83259669,9.5,10.392304845413264,0.0,0.0,0.0,141.55,DoS-SYN_Flood,1
76.22683613300323,431140.6,6.0,99.2,17.765893709111662,17.765893709111662,0.0,0.0,0.0,0.0,0.0,1.0,0.0,0.0,0.0,0.4,0.0,138.6,624.6,0.0,1.0,0.0,0.0,0.0,0.0,0.0,1.0,0.0,0.0,0.0,0.0,1.0,1.0,1017.9,59.8,461.4,142.574126984127,138.66447628128117,396.4,0.0302541017532348,5.5,16.06734756225241,196.10118297635017,55813.46296195515,0.8,38.5,BenignTraffic,0
10.170546650886536,17671.3,8.2,119.6,16.190429115958104,16.190429115958104,0.0,0.0,0.0,0.0,0.0,1.0,0.0,0.0,0.5,0.9,0.0,48.6,102.1,0.0,1.0,0.0,0.0,0.0,0.0,0.0,1.0,0.0,0.0,0.0,0.0,1.0,1.0,3970.6,66.0,2479.0,262.2898807406044,592.444325524805,329.0,166521152.1764974,13.5,22.884744496408352,839.669634089629,355019.8523990432,1.0,244.6,BenignTraffic,0
0.0,54.0,6.0,64.0,15.747162600008268,15.747162600008268,0.0,0.0,1.0,0.0,0.0,0.0,0.0,0.0,0.0,1.0,0.0,0.0,0.0,0.0,0.0,0.0,0.0,0.0,0.0,0.0,1.0,0.0,0.0,0.0,0.0,1.0,1.0,567.0,54.0,54.0,54.0,0.0,54.0,82985890.93242316,9.5,10.392304845413264,0.0,0.0,0.0,141.55,DoS-SYN_Flood,1
0.0533893775939941,79.92,6.0,64.0,18.0786402596692,18.0786402596692,0.0,0.0,0.0,0.0,1.0,1.0,0.0,0.0,0.0,0.0,0.48,1.0,1.0,0.0,0.0,0.0,0.0,0.0,0.0,0.0,1.0,0.0,0.0,0.0,0.0,1.0,1.0,567.0,54.0,54.0,54.0,0.0,54.0,83313984.9027397,9.5,10.392304845413264,0.0,0.0,0.0,141.55,DDoS-PSHACK_Flood,1
0.0,0.0,1.0,64.0,56.54834708515341,56.54834708515341,0.0,0.0,0.0,0.0,0.0,0.0,0.0,0.0,0.0,0.0,0.0,0.0,0.0,0.0,0.0,0.0,0.0,0.0,0.0,0.0,0.0,0.0,0.0,0.0,1.0,1.0,1.0,441.0,42.0,42.0,42.0,0.0,42.0,83128976.03755493,9.5,9.16515138991168,0.0,0.0,0.0,141.55,DDoS-ICMP_Flood,1
0.965626049041748,109.62,6.0,64.0,1.6391089917998307,1.6391089917998307,0.0,0.0,1.0,0.0,0.0,0.0,0.0,0.0,0.0,2.03,0.0,0.0,0.0,0.0,0.0,0.0,0.0,0.0,0.0,0.0,1.0,0.0,0.0,0.0,0.0,1.0,1.0,567.0,54.0,54.0,54.0,0.0,54.0,83362044.75114202,9.5,10.392304845413264,0.0,0.0,0.0,141.55,DDoS-SynonymousIP_Flood,1
0.1466235780715942,30115.0,17.0,64.0,4283.834571161188,4283.834571161188,0.0,0.0,0.0,0.0,0.0,0.0,0.0,0.0,0.0,0.0,0.0,0.0,0.0,0.0,0.0,0.0,0.0,0.0,0.0,0.0,0.0,1.0,0.0,0.0,0.0,1.0,1.0,525.0,50.0,50.0,50.0,0.0,50.0,83102042.5585227,9.5,10.0,0.0,0.0,0.0,141.55,DDoS-UDP_Flood,1
0.0,53.46,5.94,63.36,7.034843422491656,7.034843422491656,0.0,0.0,1.0,0.0,0.0,0.0,0.0,0.0,0.0,0.99,0.0,0.0,0.0,0.0,0.0,0.0,0.0,0.0,0.0,0.0,1.0,0.0,0.0,0.0,0.0,1.0,1.0,567.18,54.0,54.18,54.009491228070175,0.0402181949455137,54.06,82985568.3393616,9.5,10.39323195330928,0.0573312431582562,0.0547891658971991,0.03,141.55,DoS-SYN_Flood,1
0.0,54.0,6.0,64.0,1.156661060273006,1.156661060273006,0.0,0.0,1.0,0.0,0.0,0.0,0.0,0.0,0.0,1.0,0.0,0.0,0.0,0.0,0.0,0.0,0.0,0.0,0.0,0.0,1.0,0.0,0.0,0.0,0.0,1.0,1.0,567.0,54.0,54.0,54.0,0.0,54.0,83089360.36292668,9.5,10.392304845413264,0.0,0.0,0.0,141.55,DDoS-SYN_Flood,1
0.0,54.0,6.0,64.0,2.4459483048524704,2.4459483048524704,0.0,1.0,0.0,1.0,0.0,0.0,0.0,0.0,1.0,0.0,1.0,0.0,0.0,0.0,1.0,0.0,0.0,0.0,0.0,0.0,1.0,0.0,0.0,0.0,0.0,1.0,1.0,567.0,54.0,54.0,54.0,0.0,54.0,83348184.89099623,9.5,10.392304845413264,0.0,0.0,0.0,141.55,DDoS-RSTFINFlood,1
0.005517828464508,64.42,6.0,64.0,21.99526412337805,21.99526412337805,0.0,0.0,0.0,0.0,0.0,0.0,0.0,0.0,0.01,0.04,0.0,0.02,0.09,0.0,0.0,0.0,0.0,0.0,0.0,0.0,1.0,0.0,0.0,0.0,0.0,1.0,1.0,570.12,54.0,57.12,54.2810722363292,0.8619695701593235,54.24,83076025.25287396,9.5,10.41923909591438,1.2208255621208053,2.9862841608402606,0.26,141.55,DDoS-TCP_Flood,1
0.0,54.0,6.0,64.0,0.898622233867804,0.898622233867804,0.0,0.0,0.0,0.0,0.0,0.0,0.0,0.0,0.0,0.0,0.0,0.0,0.0,0.0,0.0,0.0,0.0,0.0,0.0,0.0,1.0,0.0,0.0,0.0,0.0,1.0,1.0,567.0,54.0,54.0,54.0,0.0,54.0,83067309.36998528,9.5,10.392304845413264,0.0,0.0,0.0,141.55,DDoS-TCP_Flood,1
0.0,54.0,6.0,64.0,1.5060497951444367,1.5060497951444367,0.0,1.0,0.0,1.0,0.0,0.0,0.0,0.0,1.0,0.0,1.0,0.0,0.0,0.0,0.0,0.0,0.0,0.0,0.0,0.0,1.0,0.0,0.0,0.0,0.0,1.0,1.0,567.0,54.0,54.0,54.0,0.0,54.0,83345103.34399116,9.5,10.392304845413264,0.0,0.0,0.0,141.55,DDoS-RSTFINFlood,1
0.0,0.0,1.0,64.0,13.631966822834649,13.631966822834649,0.0,0.0,0.0,0.0,0.0,0.0,0.0,0.0,0.0,0.0,0.0,0.0,0.0,0.0,0.0,0.0,0.0,0.0,0.0,0.0,0.0,0.0,0.0,0.0,1.0,1.0,1.0,441.0,42.0,42.0,42.0,0.0,42.0,83150638.11754909,9.5,9.16515138991168,0.0,0.0,0.0,141.55,DDoS-ICMP_Flood,1
0.0,53.46,5.94,63.36,1.3191929288332214,1.3191929288332214,0.0,0.0,0.0,0.0,1.0,1.0,0.0,0.0,0.0,0.0,0.0,0.99,0.99,0.0,0.0,0.0,0.0,0.0,0.0,0.0,1.0,0.0,0.0,0.0,0.0,1.0,1.0,567.9,54.0,54.9,54.078864379428616,0.2491542160048736,54.06,83314709.99165794,9.5,10.399887600398095,0.3528113978086736,0.4263176472671922,0.15,141.55,DDoS-PSHACK_Flood,1
0.0,54.0,6.0,64.0,2.182062086030504,2.182062086030504,0.0,0.0,0.0,0.0,0.0,0.0,0.0,0.0,0.0,0.0,0.0,0.0,0.0,0.0,1.0,0.0,0.0,0.0,0.0,0.0,1.0,0.0,0.0,0.0,0.0,1.0,1.0,567.0,54.0,54.0,54.0,0.0,54.0,83076387.60284333,9.5,10.392304845413264,0.0,0.0,0.0,141.55,DDoS-TCP_Flood,1
1.579382917881012,88.56,6.0,64.0,0.6078743455741931,0.6078743455741931,0.0,0.0,1.0,0.0,0.0,0.0,0.0,0.0,0.0,1.64,0.0,0.0,0.0,0.0,1.0,0.0,0.0,0.0,0.0,0.0,1.0,0.0,0.0,0.0,0.0,1.0,1.0,567.0,54.0,54.0,54.0,0.0,54.0,83365537.20011097,9.5,10.392304845413264,0.0,0.0,0.0,141.55,DDoS-SynonymousIP_Flood,1
0.0,54.0,6.0,64.0,1.201653600753028,1.201653600753028,0.0,1.0,0.0,1.0,0.0,0.0,0.0,0.0,1.0,0.0,1.0,0.0,0.0,0.0,1.0,0.0,0.0,0.0,0.0,0.0,1.0,0.0,0.0,0.0,0.0,1.0,1.0,567.0,54.0,54.0,54.0,0.0,54.0,83340916.77475965,9.5,10.392304845413264,0.0,0.0,0.0,141.55,DDoS-RSTFINFlood,1
1.2609118175506593,119.34,5.94,63.36,1.4544410217818713,1.4544410217818713,0.0,0.0,1.0,0.0,0.0,0.0,0.0,0.0,0.0,2.21,0.0,0.0,0.0,0.0,0.0,0.0,0.0,0.0,0.0,0.0,1.0,0.0,0.0,0.0,0.0,1.0,1.0,567.9,54.0,54.9,54.078864379428616,0.2491542160048736,54.06,83361898.3537401,9.5,10.399887600398095,0.3528113978086736,0.4263176472671922,0.15,141.55,DDoS-SynonymousIP_Flood,1
3.4213972735404967,85.86,6.0,64.0,0.3448413139076637,0.3448413139076637,0.0,1.0,0.0,1.0,0.0,0.0,0.0,0.0,1.59,0.0,1.59,0.0,0.0,0.0,0.0,0.0,0.0,0.0,0.0,0.0,1.0,0.0,0.0,0.0,0.0,1.0,1.0,567.0,54.0,54.0,54.0,0.0,54.0,83348600.64125678,9.5,10.392304845413264,0.0,0.0,0.0,141.55,DDoS-RSTFINFlood,1
0.0223747706413269,63.62,6.0,83.1,28.626830163500152,28.626830163500152,0.0,0.0,1.0,0.0,0.0,0.0,0.0,0.0,0.0,1.01,0.16,0.0,0.16,0.0,0.0,0.0,0.0,0.0,0.0,0.0,1.0,0.0,0.0,0.0,0.0,1.0,1.0,568.4,54.0,55.04,54.140121734302845,0.3301679846861818,54.2,82977532.1781252,9.5,10.405585868572675,0.4652306577925417,0.4400775611219083,0.26,141.55,DoS-SYN_Flood,1
0.0,54.0,6.0,64.0,20.04919041048308,20.04919041048308,0.0,0.0,0.0,0.0,0.0,0.0,0.0,0.0,0.0,0.0,0.0,0.0,0.0,0.0,0.0,0.0,0.0,0.0,0.0,0.0,1.0,0.0,0.0,0.0,0.0,1.0,1.0,567.0,54.0,54.0,54.0,0.0,54.0,83067588.40163887,9.5,10.392304845413264,0.0,0.0,0.0,141.55,DDoS-TCP_Flood,1
0.1904260063171386,24203.36,16.83,63.23,4662.105788751355,4662.105788751355,0.0,0.0,0.0,0.0,0.0,0.0,0.0,0.0,0.0,0.0,0.0,0.0,0.0,0.0,0.0,0.0,0.0,0.0,0.0,0.0,0.0,1.0,0.0,0.0,0.0,1.0,1.0,528.9,50.0,53.9,50.261647030729854,0.958615446718162,50.7,83106450.30954508,9.5,10.026072603702726,1.3609851073242007,8.656211861348313,0.19,141.55,DDoS-UDP_Flood,1
0.0,54.7,6.22,64.0,10.651389100512974,10.651389100512974,0.0,1.0,0.0,1.0,0.0,0.0,0.0,0.0,0.98,0.0,0.98,0.0,0.0,0.0,1.0,0.0,0.0,0.0,0.0,0.0,1.0,0.0,0.0,0.0,0.0,1.0,1.0,571.55,54.0,56.45,54.26732413140695,0.7600405925593541,54.7,83340906.54271291,9.5,10.417748331897926,1.0782711813724717,8.356881370720018,0.07,141.55,DDoS-RSTFINFlood,1
0.8533824968338013,82.08,6.0,64.0,1.2815256382404618,1.2815256382404618,0.0,0.0,1.0,0.0,0.0,0.0,0.0,0.0,0.0,1.52,0.0,0.0,0.0,0.0,0.0,0.0,0.0,0.0,0.0,0.0,1.0,0.0,0.0,0.0,0.0,1.0,1.0,567.0,54.0,54.0,54.0,0.0,54.0,83362445.33530115,9.5,10.392304845413264,0.0,0.0,0.0,141.55,DDoS-SynonymousIP_Flood,1
0.0,54.0,6.0,64.0,23.50863013583461,23.50863013583461,0.0,0.0,1.0,0.0,0.0,0.0,0.0,0.0,0.0,1.0,0.0,0.0,0.0,1.0,0.0,0.0,0.0,0.0,0.0,0.0,1.0,0.0,0.0,0.0,0.0,1.0,1.0,567.0,54.0,54.0,54.0,0.0,54.0,83089223.89812727,9.5,10.392304845413264,0.0,0.0,0.0,141.55,DDoS-SYN_Flood,1
133.98227581977844,249206.1,11.5,82.7,13.824292888265546,13.824292888265546,0.0,0.0,0.0,0.0,0.0,0.0,0.0,0.0,0.0,0.2,0.0,267.6,687.6,0.0,0.0,0.0,0.0,0.0,0.0,0.0,0.0,0.0,0.0,0.0,0.0,1.0,1.0,745.6,52.4,341.2,125.38301587301586,97.87551112060756,243.6,0.0145147800445556,5.5,15.5982288272051,138.4168752509619,22117.182512219704,0.9,38.5,BenignTraffic,0
0.0059220600128173,55.9,6.0,65.68,2.7670376838195274,2.7670376838195274,0.0,1.0,0.0,1.0,0.0,0.0,0.0,0.0,1.01,0.0,0.99,0.02,0.03,0.0,0.0,0.0,0.0,0.0,0.0,0.0,1.0,0.0,0.0,0.0,0.0,1.0,1.0,568.86,54.0,55.86,54.10731497248022,0.4331018220151726,54.31,83349337.94263485,9.5,10.402623689738048,0.6148447903784415,3.1556493607471374,0.06,141.55,DDoS-RSTFINFlood,1
0.0,54.0,6.0,64.0,0.9911657003068278,0.9911657003068278,0.0,0.0,0.0,0.0,0.0,0.0,0.0,0.0,0.0,0.0,0.0,0.0,0.0,0.0,0.0,0.0,0.0,0.0,0.0,0.0,1.0,0.0,0.0,0.0,0.0,1.0,1.0,567.0,54.0,54.0,54.0,0.0,54.0,83075905.59904309,9.5,10.392304845413264,0.0,0.0,0.0,141.55,DDoS-TCP_Flood,1
0.2142954683303833,41002.37,17.0,67.82,3821.678107057377,3821.678107057377,0.0,0.0,0.0,0.0,0.0,0.0,0.0,0.0,0.0,0.0,0.0,0.0,0.0,0.0,0.0,0.0,0.0,0.0,0.0,0.0,0.0,1.0,0.0,0.0,0.0,1.0,1.0,542.55,50.0,67.55,51.16107255390808,4.3393231047117045,51.87,83015824.02644527,9.5,10.110926183448573,6.150883192714093,169.437296676459,0.15,141.55,DoS-UDP_Flood,1
0.0,0.0,0.99,63.36,246.57871840094063,246.57871840094063,0.0,0.0,0.0,0.0,0.0,0.0,0.0,0.0,0.0,0.0,0.0,0.0,0.0,0.0,0.0,0.0,0.0,0.0,0.0,0.0,0.0,0.0,0.0,0.0,1.0,1.0,1.0,443.52,42.0,44.52,42.20659313828586,0.6803806086896271,42.18,83124151.78536399,9.5,9.18752783597352,0.9635658636209696,3.386858825404731,0.14,141.55,DDoS-ICMP_Flood,1
0.0,1.51,44.3,63.35,2.030676976890693,2.030676976890693,0.0,0.0,0.0,0.0,0.0,0.0,0.0,0.0,0.01,0.0,0.01,0.01,0.02,0.0,0.0,0.0,0.0,0.0,0.0,0.0,0.0,0.0,0.0,0.0,0.0,1.0,1.0,5976.63,520.78,578.0,572.8891538527691,15.704997308561188,547.23,83573857.04559188,9.5,33.860139704257115,21.38002056988793,2147.4920447007376,0.11,141.55,Other_Attack,1
0.0,53.46,5.94,63.81,0.0,0.0,0.0,1.0,0.0,1.0,0.0,0.0,0.0,0.0,0.98,0.0,0.99,0.0,0.01,0.0,0.0,0.0,0.0,0.0,0.0,0.0,1.0,0.0,0.0,0.0,0.0,1.0,1.0,567.3,54.0,54.3,54.01677063983488,0.068859529552615,54.06,83344180.2927172,9.5,10.393931237608696,0.0978362070040848,0.09581371174495,0.05,141.55,DDoS-RSTFINFlood,1
0.0,81.0,6.0,64.0,8.452227919550452,8.452227919550452,0.0,0.0,0.0,0.0,0.0,0.0,0.0,0.0,0.0,0.0,0.0,0.0,0.0,0.0,0.0,0.0,0.0,0.0,0.0,0.0,1.0,0.0,0.0,0.0,0.0,1.0,1.0,567.0,54.0,54.0,54.0,0.0,54.0,82925794.0435853,9.5,10.392304845413264,0.0,0.0,0.0,141.55,DoS-TCP_Flood,1
0.0,54.0,6.0,64.0,59.415085719952,59.415085719952,0.0,1.0,0.0,1.0,0.0,0.0,0.0,0.0,1.0,0.0,1.0,0.0,0.0,0.0,0.0,0.0,0.0,0.0,0.0,0.0,1.0,0.0,0.0,0.0,0.0,1.0,1.0,567.0,54.0,54.0,54.0,0.0,54.0,83344257.92477907,9.5,10.392304845413264,0.0,0.0,0.0,141.55,DDoS-RSTFINFlood,1
0.0,54.0,6.0,64.0,19.50267596006751,19.50267596006751,0.0,1.0,0.0,1.0,0.0,0.0,0.0,0.0,1.0,0.0,1.0,0.0,0.0,0.0,0.0,0.0,0.0,0.0,0.0,0.0,1.0,0.0,0.0,0.0,0.0,1.0,1.0,567.0,54.0,54.0,54.0,0.0,54.0,83344764.08943696,9.5,10.392304845413264,0.0,0.0,0.0,141.55,DDoS-RSTFINFlood,1
64.3008474111557,354086.9,7.6,107.2,65.98671822608935,65.98671822608935,0.0,0.0,0.0,0.0,0.0,1.0,0.0,0.0,0.0,0.7,0.0,266.9,754.5,0.0,1.0,0.0,0.0,0.0,0.0,0.0,1.0,0.0,0.0,0.0,0.0,1.0,1.0,409.8,62.0,120.0,72.7068253968254,19.077972118083384,73.6,0.0099980115890502,5.5,12.04800297379909,26.98032691196929,611.3254600655076,0.6,38.5,BenignTraffic,0
32.690026950836184,180950.1,9.3,153.0,33.1185602498751,33.1185602498751,0.0,0.0,0.0,0.0,0.0,1.0,0.0,0.0,0.0,0.4,0.0,106.5,335.8,0.0,0.0,0.0,0.0,0.0,0.0,0.0,1.0,0.0,0.0,0.0,0.0,1.0,1.0,1635.5,58.8,302.9,104.56671003746855,72.3905539641077,155.7,166521909.8874336,13.5,14.411696603777768,102.06640031447134,5289.450187938675,1.0,244.6,BenignTraffic,0
0.0,54.0,6.0,64.0,0.6465866775337975,0.6465866775337975,0.0,0.0,0.0,0.0,1.0,1.0,0.0,0.0,0.0,0.0,0.0,1.0,1.0,0.0,0.0,0.0,0.0,0.0,0.0,0.0,1.0,0.0,0.0,0.0,0.0,1.0,1.0,567.0,54.0,54.0,54.0,0.0,54.0,83331718.60686198,9.5,10.392304845413264,0.0,0.0,0.0,141.55,DDoS-PSHACK_Flood,1
0.0345051264762878,14692.0,16.83,63.36,20813.457018462734,20813.457018462734,0.0,0.0,0.0,0.0,0.0,0.0,0.0,0.0,0.0,0.0,0.0,0.0,0.0,0.0,0.0,0.0,0.0,0.0,0.0,0.0,0.0,1.0,0.0,0.0,0.0,1.0,1.0,527.0,50.1,52.0,50.35977396571437,0.5956987489431145,50.1,83097600.92497003,9.5,10.035259567536588,0.8432021271976141,2.0039379090755336,0.19,141.55,DDoS-UDP_Flood,1
44.22220699548721,13614.4,6.0,77.44,7.271852972557151,7.271852972557151,0.0,0.0,0.0,0.0,1.0,1.0,0.0,0.0,0.0,2.04,0.0,5.38,22.21,1.0,0.0,0.0,0.0,0.0,0.0,0.0,1.0,0.0,0.0,0.0,0.0,1.0,1.0,802.33,74.15,80.93,76.4103999461151,2.005797985844625,76.83,83375331.51496094,9.5,12.361825130511749,2.838246242606188,24.09401418439252,0.88,141.55,Other_Attack,1
0.0,54.0,6.0,64.0,4.602349032258182,4.602349032258182,0.0,1.0,0.0,1.0,0.0,0.0,0.0,0.0,1.0,0.0,1.0,0.0,0.0,0.0,0.0,0.0,0.0,0.0,0.0,0.0,1.0,0.0,0.0,0.0,0.0,1.0,1.0,567.0,54.0,54.0,54.0,0.0,54.0,83343846.1369024,9.5,10.392304845413264,0.0,0.0,0.0,141.55,DDoS-RSTFINFlood,1
0.0,0.0,1.0,64.0,46.80228749965129,46.80228749965129,0.0,0.0,0.0,0.0,0.0,0.0,0.0,0.0,0.0,0.0,0.0,0.0,0.0,0.0,0.0,0.0,0.0,0.0,0.0,0.0,0.0,0.0,0.0,0.0,1.0,1.0,1.0,441.0,42.0,42.0,42.0,0.0,42.0,83149465.55083357,9.5,9.16515138991168,0.0,0.0,0.0,141.55,DDoS-ICMP_Flood,1
5.976827275753021,216.68,6.0,64.0,1.0021039207820683,1.0021039207820683,0.0,0.0,0.0,1.0,0.0,1.0,0.0,0.0,0.0,1.87,1.45,0.0,1.45,0.0,0.0,0.0,0.0,0.0,0.0,0.0,1.0,0.0,0.0,0.0,0.0,1.0,1.0,654.0,57.4,68.0,61.70147106935032,4.30341590673957,62.4,83002835.07727376,9.5,11.088150937325556,6.079340770419107,36.91605609612398,0.53,141.55,Other_Attack,1
0.0,54.0,6.0,64.0,30.64667543475084,30.64667543475084,0.0,1.0,0.0,1.0,0.0,0.0,0.0,0.0,1.0,0.0,1.0,0.0,0.0,0.0,0.0,0.0,0.0,0.0,0.0,0.0,1.0,0.0,0.0,0.0,0.0,1.0,1.0,567.0,54.0,54.0,54.0,0.0,54.0,83349216.7765341,9.5,10.392304845413264,0.0,0.0,0.0,141.55,DDoS-RSTFINFlood,1
0.0,81.0,6.0,64.0,2.7782348955190463,2.7782348955190463,0.0,0.0,0.0,0.0,0.0,0.0,0.0,0.0,0.0,0.0,0.0,0.0,0.0,0.0,0.0,0.0,0.0,0.0,0.0,0.0,1.0,0.0,0.0,0.0,0.0,1.0,1.0,567.0,54.0,54.0,54.0,0.0,54.0,82925816.23165919,9.5,10.392304845413264,0.0,0.0,0.0,141.55,DoS-TCP_Flood,1
0.0,0.0,47.0,64.0,8.915600212989602,8.915600212989602,0.0,0.0,0.0,0.0,0.0,0.0,0.0,0.0,0.0,0.0,0.0,0.0,0.0,0.0,0.0,0.0,0.0,0.0,0.0,0.0,0.0,0.0,0.0,0.0,0.0,1.0,1.0,6069.0,578.0,578.0,578.0,0.0,578.0,83647249.73512316,9.5,34.0,0.0,0.0,0.0,141.55,Other_Attack,1
0.0203921890258789,15398.04,16.89,65.91,22481.19651060041,22481.19651060041,0.0,0.0,0.0,0.0,0.0,0.0,0.0,0.0,0.0,0.0,0.0,0.02,0.04,0.0,0.0,0.0,0.0,0.0,0.0,0.0,0.0,1.0,0.0,0.0,0.0,1.0,1.0,525.72,50.0,50.72,50.08390958628576,0.2182794995772457,50.04,83033276.86882961,9.5,10.00837401000603,0.3089965796315836,0.2806300654520854,0.18,141.55,DoS-UDP_Flood,1
0.0,54.0,6.0,64.0,7.431804755797681,7.431804755797681,0.0,1.0,0.0,1.0,0.0,0.0,0.0,0.0,1.0,0.0,1.0,0.0,0.0,0.0,0.0,0.0,0.0,0.0,0.0,0.0,1.0,0.0,0.0,0.0,0.0,1.0,1.0,567.0,54.0,54.0,54.0,0.0,54.0,83348457.2179595,9.5,10.392304845413264,0.0,0.0,0.0,141.55,DDoS-RSTFINFlood,1
0.0,54.0,6.0,64.0,9.834040899986334,9.834040899986334,0.0,1.0,0.0,1.0,0.0,0.0,0.0,0.0,1.0,0.0,1.0,0.0,0.0,0.0,0.0,0.0,0.0,0.0,0.0,0.0,1.0,0.0,0.0,0.0,0.0,1.0,1.0,567.0,54.0,54.0,54.0,0.0,54.0,83348346.76561387,9.5,10.392304845413264,0.0,0.0,0.0,141.55,DDoS-RSTFINFlood,1
0.0,2.3,1.16,65.91,5.154647469707069,5.154647469707069,0.0,0.0,0.0,0.0,0.0,0.0,0.0,0.0,0.0,0.0,0.0,0.0,0.0,0.0,0.0,0.0,0.0,0.0,0.0,0.0,0.0,0.0,0.0,0.0,1.0,1.0,1.0,478.6,43.88,79.6,48.76375055543012,11.199136480130552,43.88,83149433.9419285,9.5,9.73609112412228,15.852199991315144,708.2718145836567,0.19,141.55,DDoS-ICMP_Flood,1
0.0,54.0,6.0,64.0,2.4420043996365663,2.4420043996365663,0.0,0.0,0.0,0.0,1.0,1.0,0.0,0.0,0.0,0.0,0.0,1.0,1.0,0.0,0.0,0.0,0.0,0.0,0.0,0.0,1.0,0.0,0.0,0.0,0.0,1.0,1.0,567.0,54.0,54.0,54.0,0.0,54.0,83332040.68721454,9.5,10.392304845413264,0.0,0.0,0.0,141.55,DDoS-PSHACK_Flood,1
28.01495115756989,42886.3,7.1,83.1,29.60325840512373,29.60325840512373,0.0,0.0,0.0,0.0,0.0,1.0,0.0,0.0,0.5,1.4,0.0,10.5,45.3,0.0,1.0,0.0,0.0,0.0,0.0,0.0,1.0,0.0,0.0,0.0,0.0,1.0,1.0,5810.3,501.5,1514.0,1151.2098015873016,468.4214088209112,1097.1,0.003654408454895,5.5,47.701044880247935,662.4479092604447,314048.8199850561,0.7,38.5,BenignTraffic,0
0.0,5.83,1.05,64.0,9.044319520839103,9.044319520839103,0.0,0.0,0.0,0.0,0.0,0.0,0.0,0.0,0.01,0.0,0.0,0.01,0.01,0.0,0.0,0.0,0.0,0.0,0.0,0.0,0.0,0.0,0.0,0.0,1.0,1.0,1.0,478.87,42.0,79.87,44.2592479298737,8.951613374080607,47.41,83124057.20475198,9.5,9.377677440775791,12.700440103573646,1155.2059132618829,0.07,141.55,DDoS-ICMP_Flood,1
3.790348241329193,108.0,6.0,64.0,0.5276560177017137,0.5276560177017137,0.0,0.0,0.0,0.0,0.0,0.0,0.0,0.0,0.0,0.0,0.0,0.0,0.0,0.0,0.0,0.0,0.0,0.0,0.0,0.0,1.0,0.0,0.0,0.0,0.0,1.0,1.0,567.0,54.0,54.0,54.0,0.0,54.0,82951548.63883102,9.5,10.392304845413264,0.0,0.0,0.0,141.55,DoS-TCP_Flood,1
7.165118479728699,532208.6,6.0,81.3,130.85363674680582,130.85363674680582,0.0,0.0,0.0,0.0,0.0,1.0,0.0,0.0,0.0,1.8,0.0,18.6,482.5,0.0,1.0,0.0,0.0,0.0,0.0,0.0,1.0,0.0,0.0,0.0,0.0,1.0,1.0,6879.0,66.0,1369.2,1089.8853968253968,502.7471811371603,1369.2,0.0041998863220214,5.5,45.170607311891885,710.9918820090152,289177.5252960443,0.9,38.5,BenignTraffic,0
0.0,54.0,6.0,64.0,22.95456485809044,22.95456485809044,0.0,0.0,1.0,0.0,0.0,0.0,0.0,0.0,0.0,1.0,0.0,0.0,0.0,1.0,0.0,0.0,0.0,0.0,0.0,0.0,1.0,0.0,0.0,0.0,0.0,1.0,1.0,567.0,54.0,54.0,54.0,0.0,54.0,83090059.94749722,9.5,10.392304845413264,0.0,0.0,0.0,141.55,DDoS-SYN_Flood,1
1.3104710054397584,133.38,5.94,63.36,1.77293939488547,1.77293939488547,0.0,0.0,1.0,0.0,0.0,0.0,0.0,0.0,0.0,2.47,0.0,0.0,0.0,0.0,0.0,0.0,0.0,0.0,0.0,0.0,1.0,0.0,0.0,0.0,0.0,1.0,1.0,567.96,54.0,54.96,54.09086437942862,0.2731542160048736,54.06,83362487.60959682,9.5,10.401035956236472,0.3867525233056279,0.4839176472671922,0.16,141.55,DDoS-SynonymousIP_Flood,1
0.0,54.0,6.0,64.0,24.51368640068264,24.51368640068264,0.0,0.0,1.0,0.0,0.0,0.0,0.0,0.0,0.0,1.0,0.0,0.0,0.0,1.0,0.0,0.0,0.0,0.0,0.0,0.0,1.0,0.0,0.0,0.0,0.0,1.0,1.0,567.0,54.0,54.0,54.0,0.0,54.0,83094085.8424706,9.5,10.392304845413264,0.0,0.0,0.0,141.55,DDoS-SYN_Flood,1
0.0,54.0,6.0,64.0,55.808344033370815,55.808344033370815,0.0,0.0,1.0,0.0,0.0,0.0,0.0,0.0,0.0,1.0,0.0,0.0,0.0,0.0,0.0,0.0,0.0,0.0,0.0,0.0,1.0,0.0,0.0,0.0,0.0,1.0,1.0,567.0,54.0,54.0,54.0,0.0,54.0,83088949.67090769,9.5,10.392304845413264,0.0,0.0,0.0,141.55,DDoS-SYN_Flood,1
0.0,0.0,1.0,64.0,71.99965667888317,71.99965667888317,0.0,0.0,0.0,0.0,0.0,0.0,0.0,0.0,0.0,0.0,0.0,0.0,0.0,0.0,0.0,0.0,0.0,0.0,0.0,0.0,0.0,0.0,0.0,0.0,1.0,1.0,1.0,441.0,42.0,42.0,42.0,0.0,42.0,83128984.26339714,9.5,9.16515138991168,0.0,0.0,0.0,141.55,DDoS-ICMP_Flood,1
0.3971579790115356,555412.06,15.93,62.49,923.8531214076412,923.8531214076412,0.0,0.0,0.0,0.0,0.0,0.0,0.0,0.0,0.0,0.02,0.0,0.0,0.01,0.0,0.0,0.0,0.0,0.0,0.0,0.0,0.0,0.0,0.0,0.0,0.0,1.0,1.0,9308.52,260.96,1479.44,889.4201014234304,554.5144377118353,870.74,83370694.9494454,9.5,42.01225884437216,784.415051443175,324171.22006152273,0.95,141.55,Other_Attack,1
0.05757896900177,117401.4,6.0,99.4,2307.6457609654976,2307.6457609654976,0.0,0.0,0.0,0.0,0.0,1.0,0.0,0.0,0.0,0.0,0.0,18.7,132.9,1.0,0.0,0.0,0.0,0.0,0.0,0.0,1.0,0.0,0.0,0.0,0.0,1.0,1.0,15768.2,94.0,2858.0,1024.5382139583842,1083.7724287494702,914.8,166517698.74572662,13.5,45.19398335661421,1535.5032719325386,1182258.0926235395,1.0,244.6,BenignTraffic,0
11.393487405776977,20969.8,12.6,110.9,44.697096834288615,44.697096834288615,0.0,0.0,0.0,0.0,0.0,0.0,0.0,0.0,0.0,0.4,0.0,53.0,113.6,0.0,0.0,0.0,0.0,0.0,0.0,0.0,0.0,1.0,0.0,0.0,0.0,1.0,1.0,1714.8,60.0,230.0,110.37199540182898,55.01618245787133,117.0,166523837.0681537,13.5,14.862196232981882,77.98898120270644,3045.6116274687324,1.0,244.6,BenignTraffic,0
0.2194905853271484,60.26,5.94,63.36,15.378393989277695,15.378393989277695,0.0,0.0,1.0,0.0,0.0,0.0,0.0,0.0,0.0,1.03,0.08,0.0,0.08,0.0,0.0,0.0,0.0,0.0,0.0,0.0,1.0,0.0,0.0,0.0,0.0,1.0,1.0,567.42,54.0,54.42,54.025056354120586,0.0992785217088422,54.06,83088902.0985859,9.5,10.394727005678016,0.1408551582651421,0.1420912627653582,0.07,141.55,DDoS-SYN_Flood,1
0.0,0.0,1.0,64.0,11.817121187148611,11.817121187148611,0.0,0.0,0.0,0.0,0.0,0.0,0.0,0.0,0.0,0.0,0.0,0.0,0.0,0.0,0.0,0.0,0.0,0.0,0.0,0.0,0.0,0.0,0.0,0.0,1.0,1.0,1.0,441.0,42.0,42.0,42.0,0.0,42.0,83149581.84398438,9.5,9.16515138991168,0.0,0.0,0.0,141.55,DDoS-ICMP_Flood,1
38.62294521331787,63336.2,10.4,72.1,16.374497857456667,16.374497857456667,0.0,0.0,0.0,0.0,0.0,0.0,0.0,0.0,0.0,0.1,0.0,197.7,411.5,0.0,0.0,0.0,0.0,0.0,0.0,0.0,1.0,0.0,0.0,0.0,0.0,1.0,1.0,1563.5,46.0,214.0,100.90400006512236,49.61800316561599,96.0,166517524.1883529,13.5,14.214471494345611,70.29129298659748,2476.5578113562487,1.0,244.6,BenignTraffic,0
0.0,54.0,6.0,64.0,3.0274223879246795,3.0274223879246795,0.0,0.0,0.0,0.0,0.0,0.0,0.0,0.0,0.0,0.0,0.0,0.0,0.0,0.0,0.0,0.0,0.0,0.0,0.0,0.0,1.0,0.0,0.0,0.0,0.0,1.0,1.0,567.0,54.0,54.0,54.0,0.0,54.0,82951549.95406598,9.5,10.392304845413264,0.0,0.0,0.0,141.55,DoS-TCP_Flood,1
3.9444427132606505,108.0,6.0,64.0,0.5070435054908159,0.5070435054908159,0.0,0.0,1.0,0.0,0.0,0.0,0.0,0.0,0.0,2.0,0.0,0.0,0.0,0.0,0.0,0.0,0.0,0.0,0.0,0.0,1.0,0.0,0.0,0.0,0.0,1.0,1.0,567.0,54.0,54.0,54.0,0.0,54.0,82977526.2943737,9.5,10.392304845413264,0.0,0.0,0.0,141.55,DoS-SYN_Flood,1
0.0468223404884338,10.96,44.6,63.36,3.275123539039445,3.275123539039445,0.0,0.0,0.0,0.0,0.0,0.0,0.0,0.0,0.0,0.0,0.0,0.06,0.08,0.0,0.0,0.0,0.0,0.0,0.0,0.0,0.0,0.0,0.0,0.0,0.0,1.0,1.0,5933.97,491.39,578.0,569.5192894583486,24.699255420053856,548.58,83647513.3589856,9.5,33.74899129297082,34.79384488164568,3679.6210178149336,0.17,141.55,Other_Attack,1
0.0,53.46,5.94,63.36,4.2891170775579575,4.2891170775579575,0.0,0.0,0.0,0.0,1.0,1.0,0.0,0.0,0.0,0.0,0.0,0.99,0.99,0.0,1.0,0.0,0.0,0.0,0.0,0.0,1.0,0.0,0.0,0.0,0.0,1.0,1.0,568.08,54.0,55.08,54.12586437942862,0.3274192493658687,54.06,83332092.31352693,9.5,10.40437644929932,0.4634948694473756,0.6314176472671922,0.18,141.55,DDoS-PSHACK_Flood,1
3.816936056613922,110.74,6.0,71.64,0.5357378792560428,0.5357378792560428,0.0,0.0,1.0,0.0,0.0,0.0,0.0,0.0,0.0,2.01,0.04,0.0,0.04,0.0,0.0,0.0,0.0,0.0,0.0,0.0,1.0,0.0,0.0,0.0,0.0,1.0,1.0,567.52,54.0,54.52,54.04019530057147,0.1371986065754418,54.04,82980884.65287864,9.5,10.39617675646569,0.1943308810991108,0.1476604509396137,0.13,141.55,DoS-SYN_Flood,1
0.0,0.0,0.99,63.36,38.14460066570872,38.14460066570872,0.0,0.0,0.0,0.0,0.0,0.0,0.0,0.0,0.0,0.0,0.0,0.0,0.0,0.0,0.0,0.0,0.0,0.0,0.0,0.0,0.0,0.0,0.0,0.0,1.0,1.0,1.0,444.42,42.0,45.42,42.46759313828586,1.072257748097606,42.18,83128380.90067802,9.5,9.21504843407837,1.5177638289557052,6.492758825404732,0.19,141.55,DDoS-ICMP_Flood,1
1.5270517182350158,151.2,6.0,64.0,1.8782889821522497,1.8782889821522497,0.0,0.0,1.0,0.0,0.0,0.0,0.0,0.0,0.0,2.8,0.0,0.0,0.0,0.0,0.0,0.0,0.0,0.0,0.0,0.0,1.0,0.0,0.0,0.0,0.0,1.0,1.0,567.0,54.0,54.0,54.0,0.0,54.0,83362084.08946963,9.5,10.392304845413264,0.0,0.0,0.0,141.55,DDoS-SynonymousIP_Flood,1
0.1159081578254699,38756.1,16.2,75.46,11308.393587168972,11308.393587168972,0.0,0.0,0.0,0.0,0.0,0.0,0.0,0.0,0.0,0.0,0.0,0.0,0.0,0.0,0.0,0.0,0.0,0.0,0.0,0.0,0.0,1.0,0.0,0.0,0.0,1.0,1.0,552.4,50.0,68.4,51.831518747850026,4.555769611633425,52.8,83011735.00488955,9.5,10.17016318932063,6.455253176999905,197.9094289096295,0.12,141.55,DoS-UDP_Flood,1
0.0379824590682983,16978.5,16.84,65.91,8931.370092758903,8931.370092758903,0.0,0.0,0.0,0.0,0.0,0.0,0.0,0.0,0.0,0.0,0.0,0.0,0.0,0.0,0.0,0.0,0.0,0.0,0.0,0.0,0.0,1.0,0.0,0.0,0.0,1.0,1.0,529.0,50.2,54.0,50.719547931428735,1.191397497886229,50.2,83012218.98717315,9.5,10.069209187877352,1.686404254395228,8.015751636302138,0.19,141.55,DoS-UDP_Flood,1
0.0,0.0,1.0,64.0,2.5547573211272616,2.5547573211272616,0.0,0.0,0.0,0.0,0.0,0.0,0.0,0.0,0.0,0.0,0.0,0.0,0.0,0.0,0.0,0.0,0.0,0.0,0.0,0.0,0.0,0.0,0.0,0.0,1.0,1.0,1.0,441.0,42.0,42.0,42.0,0.0,42.0,83132154.23254772,9.5,9.16515138991168,0.0,0.0,0.0,141.55,DDoS-ICMP_Flood,1
0.0117698192596435,186.02,16.78,67.58,6.797041356788898,6.797041356788898,0.0,0.0,0.0,0.0,0.0,0.0,0.0,0.0,0.0,0.0,0.0,0.0,0.07,0.0,0.0,0.0,0.0,0.0,0.0,0.0,0.0,1.0,0.0,0.0,0.0,1.0,1.0,1893.84,173.16,182.0,180.29501742323723,3.368522367679508,180.96,83007305.61961144,9.5,18.987748485868632,4.768878483412043,68.41895890891686,0.17,141.55,DoS-UDP_Flood,1
0.0,54.0,6.0,64.0,0.9846678945038704,0.9846678945038704,0.0,0.0,0.0,0.0,0.0,0.0,0.0,0.0,0.0,0.0,0.0,0.0,0.0,1.0,0.0,0.0,0.0,0.0,0.0,0.0,1.0,0.0,0.0,0.0,0.0,1.0,1.0,567.0,54.0,54.0,54.0,0.0,54.0,83068382.45218442,9.5,10.392304845413264,0.0,0.0,0.0,141.55,DDoS-TCP_Flood,1
0.0119808602333068,54.0,5.94,63.36,2.4654832908771174,2.4654832908771174,0.0,0.0,1.0,0.0,0.0,0.0,0.0,0.0,0.0,1.0,0.0,0.0,0.0,0.0,0.0,0.0,0.0,0.0,0.0,0.0,1.0,0.0,0.0,0.0,0.0,1.0,1.0,567.6,54.0,54.6,54.04012628419053,0.149098594198537,54.06,83365305.5552971,9.5,10.396173738092893,0.2113113804584792,0.2249054590585754,0.1,141.55,DDoS-SynonymousIP_Flood,1
0.0002858400344848,54.08,5.94,65.04,28.724620332083013,28.724620332083013,0.0,0.0,1.0,0.0,0.0,0.0,0.0,0.0,0.0,1.0,0.0,0.0,0.01,1.0,0.0,0.0,0.0,0.0,0.0,0.0,1.0,0.0,0.0,0.0,0.0,1.0,1.0,568.7,54.04,55.7,54.22277396571437,0.4874337155821193,54.1,83089229.40389949,9.5,10.413634689679936,0.6900922486877191,0.7469477127192775,0.34,141.55,DDoS-SYN_Flood,1
0.0,54.0,6.0,64.0,3.0933319828745773,3.0933319828745773,0.0,0.0,0.0,0.0,1.0,1.0,0.0,0.0,0.0,0.0,0.0,1.0,1.0,0.0,0.0,0.0,0.0,0.0,0.0,0.0,1.0,0.0,0.0,0.0,0.0,1.0,1.0,567.0,54.0,54.0,54.0,0.0,54.0,83313809.3899879,9.5,10.392304845413264,0.0,0.0,0.0,141.55,DDoS-PSHACK_Flood,1
0.0,54.0,6.0,64.0,15.227429168905475,15.227429168905475,0.0,1.0,0.0,1.0,0.0,0.0,0.0,0.0,1.0,0.0,1.0,0.0,0.0,0.0,0.0,0.0,0.0,0.0,0.0,0.0,1.0,0.0,0.0,0.0,0.0,1.0,1.0,567.0,54.0,54.0,54.0,0.0,54.0,83345083.15274142,9.5,10.392304845413264,0.0,0.0,0.0,141.55,DDoS-RSTFINFlood,1
0.0563661241531372,45975.0,17.0,64.0,16312.737737959747,16312.737737959747,0.0,0.0,0.0,0.0,0.0,0.0,0.0,0.0,0.0,0.0,0.0,0.0,0.0,0.0,0.0,0.0,0.0,0.0,0.0,0.0,0.0,1.0,0.0,0.0,0.0,1.0,1.0,525.0,50.0,50.0,50.0,0.0,50.0,83016347.05464548,9.5,10.0,0.0,0.0,0.0,141.55,DoS-UDP_Flood,1
0.0,54.0,6.0,64.0,1.2427331748375732,1.2427331748375732,0.0,0.0,0.0,0.0,0.0,0.0,0.0,0.0,0.0,0.0,0.0,0.0,0.0,0.0,0.0,0.0,0.0,0.0,0.0,0.0,1.0,0.0,0.0,0.0,0.0,1.0,1.0,567.0,54.0,54.0,54.0,0.0,54.0,83076443.9357784,9.5,10.392304845413264,0.0,0.0,0.0,141.55,DDoS-TCP_Flood,1
5.134451348781585,218.16,6.0,64.0,0.9261977145043172,0.9261977145043172,0.0,0.0,1.0,0.0,0.0,0.0,0.0,0.0,0.0,4.04,0.0,0.0,0.0,1.0,0.0,0.0,0.0,0.0,0.0,0.0,1.0,0.0,0.0,0.0,0.0,1.0,1.0,567.0,54.0,54.0,54.0,0.0,54.0,83362288.48252127,9.5,10.392304845413264,0.0,0.0,0.0,141.55,DDoS-SynonymousIP_Flood,1
0.0,54.0,6.0,64.0,1.532767846902914,1.532767846902914,0.0,0.0,0.0,0.0,0.0,0.0,0.0,0.0,0.0,0.0,0.0,0.0,0.0,0.0,0.0,0.0,0.0,0.0,0.0,0.0,1.0,0.0,0.0,0.0,0.0,1.0,1.0,567.0,54.0,54.0,54.0,0.0,54.0,82943175.73324184,9.5,10.392304845413264,0.0,0.0,0.0,141.55,DoS-TCP_Flood,1
0.0,54.0,6.0,64.0,1.308388002820598,1.308388002820598,0.0,0.0,0.0,0.0,1.0,1.0,0.0,0.0,0.0,0.0,0.0,1.0,1.0,0.0,0.0,0.0,0.0,0.0,0.0,0.0,1.0,0.0,0.0,0.0,0.0,1.0,1.0,567.0,54.0,54.0,54.0,0.0,54.0,83314298.58473988,9.5,10.392304845413264,0.0,0.0,0.0,141.55,DDoS-PSHACK_Flood,1
0.0,0.0,1.0,64.0,71.10573783990621,71.10573783990621,0.0,0.0,0.0,0.0,0.0,0.0,0.0,0.0,0.0,0.0,0.0,0.0,0.0,0.0,0.0,0.0,0.0,0.0,0.0,0.0,0.0,0.0,0.0,0.0,1.0,1.0,1.0,441.0,42.0,42.0,42.0,0.0,42.0,83149997.79614569,9.5,9.16515138991168,0.0,0.0,0.0,141.55,DDoS-ICMP_Flood,1
0.0,54.0,6.0,64.0,108.13127433035136,108.13127433035136,0.0,0.0,1.0,0.0,0.0,0.0,0.0,0.0,0.0,1.0,0.0,0.0,0.0,0.0,0.0,0.0,0.0,0.0,0.0,0.0,1.0,0.0,0.0,0.0,0.0,1.0,1.0,567.0,54.0,54.0,54.0,0.0,54.0,83362436.89360656,9.5,10.392304845413264,0.0,0.0,0.0,141.55,DDoS-SynonymousIP_Flood,1
0.0,0.0,1.0,64.0,49.90664302797377,49.90664302797377,0.0,0.0,0.0,0.0,0.0,0.0,0.0,0.0,0.0,0.0,0.0,0.0,0.0,0.0,0.0,0.0,0.0,0.0,0.0,0.0,0.0,0.0,0.0,0.0,1.0,1.0,1.0,441.0,42.0,42.0,42.0,0.0,42.0,83124830.39884174,9.5,9.16515138991168,0.0,0.0,0.0,141.55,DDoS-ICMP_Flood,1
0.2047526407241821,38105.74,16.89,65.67,7905.902491758515,7905.902491758515,0.0,0.0,0.0,0.0,0.0,0.0,0.0,0.0,0.0,0.03,0.0,0.0,0.02,0.0,0.0,0.0,0.0,0.0,0.0,0.0,0.0,1.0,0.0,0.0,0.0,1.0,1.0,525.24,50.0,50.24,50.01265497076023,0.0536242599273516,50.08,83106370.89154777,9.5,10.001283800991022,0.0764416575443416,0.0974029615950207,0.03,141.55,DDoS-UDP_Flood,1
65.33727145195007,3184263.4,6.0,80.4,58.1829793693337,58.1829793693337,0.0,0.0,0.0,0.0,0.0,1.0,0.0,0.0,0.0,1.4,0.0,303.8,3450.3,0.0,1.0,0.0,0.0,0.0,0.0,0.0,1.0,0.0,0.0,0.0,0.0,1.0,1.0,21356.6,66.0,3638.2,1362.42189203856,975.2072018028526,1716.3,166522388.47666988,13.5,52.1319234908663,1383.3022216725135,1003247.668204004,1.0,244.6,BenignTraffic,0
6.709996674060822,108.0,6.0,64.0,0.2980628508699983,0.2980628508699983,0.0,0.0,1.0,0.0,0.0,0.0,0.0,0.0,0.0,2.0,0.0,0.0,0.0,0.0,0.0,0.0,0.0,0.0,0.0,0.0,1.0,0.0,0.0,0.0,0.0,1.0,1.0,567.0,54.0,54.0,54.0,0.0,54.0,82985346.87262419,9.5,10.392304845413264,0.0,0.0,0.0,141.55,DoS-SYN_Flood,1
0.0356785082817077,12957.0,17.0,64.0,8235.774118433892,8235.774118433892,0.0,0.0,0.0,0.0,0.0,0.0,0.0,0.0,0.0,0.0,0.0,0.0,0.0,0.0,0.0,0.0,0.0,0.0,0.0,0.0,0.0,1.0,0.0,0.0,0.0,1.0,1.0,525.0,50.0,50.0,50.0,0.0,50.0,83107461.34514126,9.5,10.0,0.0,0.0,0.0,141.55,DDoS-UDP_Flood,1
9.5367431640625e-09,2.25,46.18,65.18,2097152.0,2097152.0,0.0,0.0,0.0,0.0,0.0,0.0,0.0,0.0,0.0,0.0,0.0,0.01,0.03,0.0,0.0,0.0,0.0,0.0,0.0,0.0,0.0,0.0,0.0,0.0,0.0,1.0,1.0,6082.48,518.36,592.0,581.5722756571345,25.10808772351379,581.75,83702798.93661974,9.5,34.09455843108066,35.55817610839145,4555.52521715296,0.14,141.55,Other_Attack,1
0.0,54.0,6.0,64.0,19.9428100302116,19.9428100302116,0.0,0.0,0.0,0.0,0.0,0.0,0.0,0.0,0.0,0.0,0.0,0.0,0.0,0.0,0.0,0.0,0.0,0.0,0.0,0.0,1.0,0.0,0.0,0.0,0.0,1.0,1.0,567.0,54.0,54.0,54.0,0.0,54.0,82943151.13357538,9.5,10.392304845413264,0.0,0.0,0.0,141.55,DoS-TCP_Flood,1
0.5642158532142639,888.92,5.89,63.36,8.335031576160356,8.335031576160356,0.0,0.0,0.0,0.0,0.0,0.0,0.0,0.0,0.0,0.0,0.2,0.0,0.58,0.0,0.0,0.0,0.0,0.0,0.0,0.0,1.0,0.0,0.0,0.0,0.0,1.0,1.0,8142.06,335.91,1222.0,807.1094944154142,432.3078232273495,738.73,83340036.1970141,9.5,37.73244009869476,611.442963704274,246046.92424496787,0.76,141.55,Other_Attack,1
0.0,81.0,6.0,64.0,63.26875960586017,63.26875960586017,0.0,0.0,0.0,0.0,0.0,0.0,0.0,0.0,0.0,0.0,0.0,0.0,0.0,0.0,0.0,0.0,0.0,0.0,0.0,0.0,1.0,0.0,0.0,0.0,0.0,1.0,1.0,567.0,54.0,54.0,54.0,0.0,54.0,82925801.12916543,9.5,10.392304845413264,0.0,0.0,0.0,141.55,DoS-TCP_Flood,1
0.0,54.0,6.0,64.0,84.28474685261286,84.28474685261286,0.0,1.0,0.0,1.0,0.0,0.0,0.0,0.0,1.0,0.0,1.0,0.0,0.0,0.0,0.0,0.0,0.0,0.0,0.0,0.0,1.0,0.0,0.0,0.0,0.0,1.0,1.0,567.0,54.0,54.0,54.0,0.0,54.0,83343906.62635429,9.5,10.392304845413264,0.0,0.0,0.0,141.55,DDoS-RSTFINFlood,1
0.0479669308662414,65.28,6.0,64.0,26.6244742709144,26.6244742709144,0.0,0.0,1.0,0.0,0.0,0.0,0.0,0.0,0.0,1.14,0.0,0.0,0.09,0.0,0.0,0.0,0.0,0.0,0.0,0.0,1.0,0.0,0.0,0.0,0.0,1.0,1.0,580.68,54.72,58.8,55.99037255314346,1.7538040435489202,54.72,82972709.49308968,9.5,10.572743068316862,2.4828230971382523,18.335311287168977,0.17,141.55,DoS-SYN_Flood,1
0.0,0.0,1.0,65.91,31.93920264389305,31.93920264389305,0.0,0.0,0.0,0.0,0.0,0.0,0.0,0.0,0.0,0.0,0.0,0.0,0.0,0.0,0.0,0.0,0.0,0.0,0.0,0.0,0.0,0.0,0.0,0.0,1.0,1.0,1.0,442.68,42.0,43.68,42.08858479532164,0.3753698194914613,42.56,83149564.54953846,9.5,9.174807897242797,0.5350916028103917,4.772745118156013,0.03,141.55,DDoS-ICMP_Flood,1
0.0,54.0,6.0,64.0,31.67568384007734,31.67568384007734,0.0,0.0,0.0,0.0,0.0,0.0,0.0,0.0,0.0,0.0,0.0,0.0,0.0,0.0,0.0,0.0,0.0,0.0,0.0,0.0,1.0,0.0,0.0,0.0,0.0,1.0,1.0,567.0,54.0,54.0,54.0,0.0,54.0,82943393.1522396,9.5,10.392304845413264,0.0,0.0,0.0,141.55,DoS-TCP_Flood,1
0.0,174.0,6.0,64.0,18.247719417925143,18.247719417925143,0.0,0.0,0.0,0.0,0.0,0.0,0.0,0.0,0.0,0.0,0.0,0.0,0.0,0.0,0.0,0.0,0.0,0.0,0.0,0.0,1.0,0.0,0.0,0.0,0.0,1.0,1.0,1827.0,174.0,174.0,174.0,0.0,174.0,83064034.5137722,9.5,18.65475810617764,0.0,0.0,0.0,141.55,DDoS-TCP_Flood,1
0.0,180.18,16.83,63.36,0.4007598406211272,0.4007598406211272,0.0,0.0,0.0,0.0,0.0,0.0,0.0,0.0,0.0,0.0,0.0,0.0,0.0,0.0,0.0,0.0,0.0,0.0,0.0,0.0,0.0,1.0,0.0,0.0,0.0,1.0,1.0,1900.02,171.02,182.0,181.29500797903503,2.680946074878851,180.78,83007431.70441334,9.5,19.04124297809748,3.8006642027982167,80.68508612671447,0.09,141.55,DoS-UDP_Flood,1
0.0,54.0,6.0,64.0,0.6445385502237626,0.6445385502237626,0.0,0.0,0.0,0.0,1.0,1.0,0.0,0.0,0.0,0.0,0.0,1.0,1.0,0.0,0.0,0.0,0.0,0.0,0.0,0.0,1.0,0.0,0.0,0.0,0.0,1.0,1.0,567.0,54.0,54.0,54.0,0.0,54.0,83314046.07284978,9.5,10.392304845413264,0.0,0.0,0.0,141.55,DDoS-PSHACK_Flood,1
0.0,0.0,1.0,64.0,28.42815362561467,28.42815362561467,0.0,0.0,0.0,0.0,0.0,0.0,0.0,0.0,0.0,0.0,0.0,0.0,0.0,0.0,0.0,0.0,0.0,0.0,0.0,0.0,0.0,0.0,0.0,0.0,1.0,1.0,1.0,441.0,42.0,42.0,42.0,0.0,42.0,83124815.31763357,9.5,9.16515138991168,0.0,0.0,0.0,141.55,DDoS-ICMP_Flood,1
0.174019501209259,20655.0,16.83,63.36,2864.2889370865864,2864.2889370865864,0.0,0.0,0.0,0.0,0.0,0.0,0.0,0.0,0.0,0.0,0.0,0.0,0.0,0.0,0.0,0.0,0.0,0.0,0.0,0.0,0.0,1.0,0.0,0.0,0.0,1.0,1.0,525.6,50.0,50.6,50.03461773305814,0.1397102651661847,50.1,83102443.61795805,9.5,10.00347793025761,0.198337029154336,0.32837142151375,0.06,141.55,DDoS-UDP_Flood,1
0.0,0.0,1.0,64.0,45.55510421305296,45.55510421305296,0.0,0.0,0.0,0.0,0.0,0.0,0.0,0.0,0.0,0.0,0.0,0.0,0.0,0.0,0.0,0.0,0.0,0.0,0.0,0.0,0.0,0.0,0.0,0.0,1.0,1.0,1.0,441.0,42.0,42.0,42.0,0.0,42.0,83149696.82574241,9.5,9.16515138991168,0.0,0.0,0.0,141.55,DDoS-ICMP_Flood,1
1.0150706481933591,143.64,6.0,64.0,2.999740826672764,2.999740826672764,0.0,0.0,1.0,0.0,0.0,0.0,0.0,0.0,0.0,2.66,0.0,0.0,0.0,0.0,0.0,0.0,0.0,0.0,0.0,0.0,1.0,0.0,0.0,0.0,0.0,1.0,1.0,567.0,54.0,54.0,54.0,0.0,54.0,83365656.93880834,9.5,10.392304845413264,0.0,0.0,0.0,141.55,DDoS-SynonymousIP_Flood,1
4.4540530824661255,109.77,6.22,64.64,2.639995657489231,2.639995657489231,0.0,0.0,0.0,0.0,0.0,0.0,0.0,0.0,0.0,0.0,0.0,0.0,0.0,0.0,0.0,0.0,0.0,0.0,0.0,0.0,1.0,0.0,0.0,0.0,0.0,1.0,1.0,588.63,54.0,68.88,55.99988072685827,4.481639108184963,55.38,82955903.58086537,9.5,10.573882789080974,6.345269205965898,129.12436294352375,0.16,141.55,DoS-TCP_Flood,1
0.2867221117019653,69675.0,17.0,64.0,4859.802080396057,4859.802080396057,0.0,0.0,0.0,0.0,0.0,0.0,0.0,0.0,0.0,0.0,0.0,0.0,0.0,0.0,0.0,0.0,0.0,0.0,0.0,0.0,0.0,1.0,0.0,0.0,0.0,1.0,1.0,525.0,50.0,50.0,50.0,0.0,50.0,83015713.5090118,9.5,10.0,0.0,0.0,0.0,141.55,DoS-UDP_Flood,1
0.0,182.0,17.0,64.0,34.08257559136377,34.08257559136377,0.0,0.0,0.0,0.0,0.0,0.0,0.0,0.0,0.0,0.0,0.0,0.0,0.0,0.0,0.0,0.0,0.0,0.0,0.0,0.0,0.0,1.0,0.0,0.0,0.0,1.0,1.0,1911.0,182.0,182.0,182.0,0.0,182.0,83007284.8871472,9.5,19.078784028338912,0.0,0.0,0.0,141.55,DoS-UDP_Flood,1
0.0,54.0,6.0,64.0,1.485679498565789,1.485679498565789,0.0,0.0,1.0,0.0,0.0,0.0,0.0,0.0,0.0,1.0,0.0,0.0,0.0,0.0,0.0,0.0,0.0,0.0,0.0,0.0,1.0,0.0,0.0,0.0,0.0,1.0,1.0,567.0,54.0,54.0,54.0,0.0,54.0,83089969.87868947,9.5,10.392304845413264,0.0,0.0,0.0,141.55,DDoS-SYN_Flood,1
0.0,0.0,47.0,64.0,2.094929803211244,2.094929803211244,0.0,0.0,0.0,0.0,0.0,0.0,0.0,0.0,0.0,0.0,0.0,0.0,0.0,0.0,0.0,0.0,0.0,0.0,0.0,0.0,0.0,0.0,0.0,0.0,0.0,1.0,1.0,6069.0,578.0,578.0,578.0,0.0,578.0,83647526.01522426,9.5,34.0,0.0,0.0,0.0,141.55,Other_Attack,1
0.0,54.0,6.0,64.0,7.100557417123843,7.100557417123843,0.0,1.0,0.0,1.0,0.0,0.0,0.0,0.0,1.0,0.0,1.0,0.0,0.0,0.0,0.0,0.0,0.0,0.0,0.0,0.0,1.0,0.0,0.0,0.0,0.0,1.0,1.0,567.0,54.0,54.0,54.0,0.0,54.0,83345131.6888215,9.5,10.392304845413264,0.0,0.0,0.0,141.55,DDoS-RSTFINFlood,1
0.0003015708923339,1.08,1.03,63.31,51.72913035228639,51.72913035228639,0.0,0.0,0.0,0.0,0.0,0.0,0.0,0.0,0.0,0.0,0.0,0.0,0.02,0.0,0.0,0.0,0.0,0.0,0.0,0.0,0.0,0.0,0.0,0.0,1.0,1.0,1.0,450.18,42.48,45.6,43.36691503542897,1.226958738477181,42.48,83150104.33128732,9.5,9.30630493357245,1.7369399470890636,8.65311633540362,0.18,141.55,DDoS-ICMP_Flood,1
0.0,54.0,6.0,64.0,0.607576614978836,0.607576614978836,0.0,0.0,0.0,0.0,0.0,0.0,0.0,0.0,0.0,0.0,0.0,0.0,0.0,0.0,0.0,0.0,0.0,0.0,0.0,0.0,1.0,0.0,0.0,0.0,0.0,1.0,1.0,567.0,54.0,54.0,54.0,0.0,54.0,83067521.41932258,9.5,10.392304845413264,0.0,0.0,0.0,141.55,DDoS-TCP_Flood,1
0.0,54.0,6.0,64.0,8.26021127592699,8.26021127592699,0.0,0.0,0.0,0.0,0.0,0.0,0.0,0.0,0.0,0.0,0.0,0.0,0.0,0.0,0.0,0.0,0.0,0.0,0.0,0.0,1.0,0.0,0.0,0.0,0.0,1.0,1.0,567.0,54.0,54.0,54.0,0.0,54.0,83067352.9404824,9.5,10.392304845413264,0.0,0.0,0.0,141.55,DDoS-TCP_Flood,1
0.0,54.0,6.0,64.0,12.741334568693487,12.741334568693487,0.0,0.0,0.0,0.0,1.0,1.0,0.0,0.0,0.0,0.0,0.0,1.0,1.0,0.0,0.0,0.0,0.0,0.0,0.0,0.0,1.0,0.0,0.0,0.0,0.0,1.0,1.0,567.0,54.0,54.0,54.0,0.0,54.0,83332041.65225568,9.5,10.392304845413264,0.0,0.0,0.0,141.55,DDoS-PSHACK_Flood,1
0.0,0.0,47.0,64.0,35.1296452950291,35.1296452950291,0.0,0.0,0.0,0.0,0.0,0.0,0.0,0.0,0.0,0.0,0.0,0.0,0.0,0.0,0.0,0.0,0.0,0.0,0.0,0.0,0.0,0.0,0.0,0.0,0.0,1.0,1.0,6069.0,578.0,578.0,578.0,0.0,578.0,83586107.39618608,9.5,34.0,0.0,0.0,0.0,141.55,Other_Attack,1
0.0,54.0,6.0,64.0,2.0383162914357493,2.0383162914357493,0.0,1.0,0.0,1.0,0.0,0.0,0.0,0.0,1.0,0.0,1.0,0.0,0.0,0.0,0.0,0.0,0.0,0.0,0.0,0.0,1.0,0.0,0.0,0.0,0.0,1.0,1.0,567.0,54.0,54.0,54.0,0.0,54.0,83343763.8008364,9.5,10.392304845413264,0.0,0.0,0.0,141.55,DDoS-RSTFINFlood,1
0.0036814999580383,150.88,6.0,64.59,60.13173023262123,60.13173023262123,0.0,0.0,0.0,0.0,1.0,1.0,0.0,0.0,0.0,0.0,0.0,1.09,1.21,0.0,0.0,0.0,0.0,0.0,0.0,0.0,1.0,0.0,0.0,0.0,0.0,1.0,1.0,568.56,54.0,55.56,54.12058590171439,0.4115958197263256,54.12,83331198.95667301,9.5,10.403884862128972,0.5829926432973324,1.3289440584565242,0.13,141.55,DDoS-PSHACK_Flood,1
4.755911610126495,150.1,16.89,64.0,0.7459479618533668,0.7459479618533668,0.0,0.0,0.0,0.0,0.0,0.0,0.0,0.0,0.0,0.02,0.0,0.03,0.11,0.0,0.0,0.0,0.0,0.0,0.0,0.0,0.0,1.0,0.0,0.0,0.0,1.0,1.0,462.0,42.0,63.0,43.721609485715526,5.669838405746893,43.5,83006894.54416402,9.5,9.340313127774118,8.029715530174746,235.1985295419952,0.14,141.55,DoS-UDP_Flood,1
0.0,54.0,6.0,64.0,3.128470574195096,3.128470574195096,0.0,0.0,0.0,0.0,0.0,0.0,0.0,0.0,0.0,0.0,0.0,0.0,0.0,0.0,0.0,0.0,0.0,0.0,0.0,0.0,1.0,0.0,0.0,0.0,0.0,1.0,1.0,567.0,54.0,54.0,54.0,0.0,54.0,83034056.54623622,9.5,10.392304845413264,0.0,0.0,0.0,141.55,DDoS-TCP_Flood,1
0.0,53.46,5.94,63.36,1.203002929705006,1.203002929705006,0.0,0.0,0.0,0.0,0.0,0.0,0.0,0.0,0.0,0.0,0.0,0.0,0.0,0.0,0.0,0.0,0.0,0.0,0.0,0.0,1.0,0.0,0.0,0.0,0.0,1.0,1.0,567.96,54.0,54.96,54.09086437942862,0.2731542160048736,54.06,83033828.82053022,9.5,10.401035956236472,0.3867525233056279,0.4839176472671922,0.16,141.55,DDoS-TCP_Flood,1
0.0530767297744751,57.74,6.11,65.91,0.4384294623534455,0.4384294623534455,0.0,0.0,1.0,0.0,0.0,0.0,0.0,0.0,0.0,0.99,0.0,0.0,0.0,0.0,0.0,0.0,0.0,0.0,0.0,0.0,1.0,0.0,0.0,0.0,0.0,1.0,1.0,583.0,54.0,70.0,55.07003424508069,3.975962511960988,55.6,83077031.81443097,9.5,10.49085178856821,5.634970145559448,159.93277088609807,0.1,141.55,DDoS-SYN_Flood,1
0.0,54.0,6.0,64.0,22.467880865652464,22.467880865652464,0.0,0.0,1.0,0.0,0.0,0.0,0.0,0.0,0.0,1.0,0.0,0.0,0.0,0.0,0.0,0.0,0.0,0.0,0.0,0.0,1.0,0.0,0.0,0.0,0.0,1.0,1.0,567.0,54.0,54.0,54.0,0.0,54.0,83076988.36096856,9.5,10.392304845413264,0.0,0.0,0.0,141.55,DDoS-SYN_Flood,1
0.0,54.0,6.0,64.0,1.5185816534019452,1.5185816534019452,0.0,0.0,0.0,0.0,0.0,0.0,0.0,0.0,0.0,0.0,0.0,0.0,0.0,1.0,0.0,0.0,0.0,0.0,0.0,0.0,1.0,0.0,0.0,0.0,0.0,1.0,1.0,567.0,54.0,54.0,54.0,0.0,54.0,82943061.88872637,9.5,10.392304845413264,0.0,0.0,0.0,141.55,DoS-TCP_Flood,1
0.1066683363914489,34475.0,17.0,64.0,6462.208409630917,6462.208409630917,0.0,0.0,0.0,0.0,0.0,0.0,0.0,0.0,0.0,0.0,0.0,0.0,0.0,0.0,0.0,0.0,0.0,0.0,0.0,0.0,0.0,1.0,0.0,0.0,0.0,1.0,1.0,525.0,50.0,50.0,50.0,0.0,50.0,83015827.08348711,9.5,10.0,0.0,0.0,0.0,141.55,DoS-UDP_Flood,1
0.0,54.0,6.0,64.0,18.648561888374616,18.648561888374616,0.0,0.0,0.0,0.0,0.0,0.0,0.0,0.0,0.0,0.0,0.0,0.0,0.0,0.0,1.0,0.0,0.0,0.0,0.0,0.0,1.0,0.0,0.0,0.0,0.0,1.0,1.0,567.0,54.0,54.0,54.0,0.0,54.0,83076373.75939852,9.5,10.392304845413264,0.0,0.0,0.0,141.55,DDoS-TCP_Flood,1
0.0,54.0,6.0,64.0,52.63169518493792,52.63169518493792,0.0,1.0,0.0,1.0,0.0,0.0,0.0,0.0,1.0,0.0,1.0,0.0,0.0,0.0,0.0,0.0,0.0,0.0,0.0,0.0,1.0,0.0,0.0,0.0,0.0,1.0,1.0,567.0,54.0,54.0,54.0,0.0,54.0,83348626.45117155,9.5,10.392304845413264,0.0,0.0,0.0,141.55,DDoS-RSTFINFlood,1
0.0224346613883972,55.08,5.95,64.0,6.592455857623167,6.592455857623167,0.0,0.0,0.0,0.0,0.0,0.0,0.0,0.0,0.0,0.0,0.04,0.0,0.04,0.0,0.0,0.0,0.0,0.0,0.0,0.0,1.0,0.0,0.0,0.0,0.0,1.0,1.0,569.2,54.0,56.2,54.12298469212247,0.5049698833858439,54.44,83064233.92061245,9.5,10.404115647362948,0.7174655180299557,5.152648498283978,0.05,141.55,DDoS-TCP_Flood,1
0.062654800415039,24775.0,17.0,64.0,8073.68308647611,8073.68308647611,0.0,0.0,0.0,0.0,0.0,0.0,0.0,0.0,0.0,0.0,0.0,0.0,0.0,0.0,0.0,0.0,0.0,0.0,0.0,0.0,0.0,1.0,0.0,0.0,0.0,1.0,1.0,525.0,50.0,50.0,50.0,0.0,50.0,83123614.2022456,9.5,10.0,0.0,0.0,0.0,141.55,DDoS-UDP_Flood,1
0.0897352457046508,90.08,6.0,65.69,14.295110716470704,14.295110716470704,0.0,0.0,1.0,0.0,0.0,0.0,0.0,0.0,0.0,1.63,0.0,0.01,0.01,0.0,0.0,0.0,0.0,0.0,0.0,0.0,1.0,0.0,0.0,0.0,0.0,1.0,1.0,583.72,54.0,70.72,55.168532532826646,4.233164386362939,55.52,83362141.4228835,9.5,10.49985395786734,5.998103022723607,165.13292572470354,0.11,141.55,DDoS-SynonymousIP_Flood,1
0.0763249468803405,16580.5,17.0,64.0,9158.610938062304,9158.610938062304,0.0,0.0,0.0,0.0,0.0,0.0,0.0,0.0,0.0,0.0,0.0,0.0,0.0,0.0,0.0,0.0,0.0,0.0,0.0,0.0,0.0,1.0,0.0,0.0,0.0,1.0,1.0,525.0,50.0,50.0,50.0,0.0,50.0,83102809.70756102,9.5,10.0,0.0,0.0,0.0,141.55,DDoS-UDP_Flood,1
0.0,54.0,6.0,64.0,26.99623631258397,26.99623631258397,0.0,0.0,0.0,0.0,0.0,0.0,0.0,0.0,0.0,0.0,0.0,0.0,0.0,0.0,0.0,0.0,0.0,0.0,0.0,0.0,1.0,0.0,0.0,0.0,0.0,1.0,1.0,567.0,54.0,54.0,54.0,0.0,54.0,83072002.89656913,9.5,10.392304845413264,0.0,0.0,0.0,141.55,DDoS-TCP_Flood,1
3.93487280368805,160.38,5.94,63.36,0.7828803319217582,0.7828803319217582,0.0,0.0,1.0,0.0,0.0,0.0,0.0,0.0,0.0,2.97,0.0,0.0,0.0,0.0,0.0,0.0,0.0,0.0,0.0,0.0,1.0,0.0,0.0,0.0,0.0,1.0,1.0,567.9,54.0,54.9,54.078864379428616,0.2491542160048735,54.06,83362633.795247,9.5,10.399887600398095,0.3528113978086736,0.4263176472671923,0.15,141.55,DDoS-SynonymousIP_Flood,1
0.8903696870803833,92.4,6.0,64.0,1.0873606289534157,1.0873606289534157,0.0,0.0,1.0,0.0,0.0,0.0,0.0,0.0,0.0,1.42,0.26,0.0,0.42,0.0,0.0,0.0,0.0,0.0,0.0,0.0,1.0,0.0,0.0,0.0,0.0,1.0,1.0,584.08,55.52,55.76,55.6150079119367,0.0735001180688603,55.68,83094329.15309611,9.5,10.544988357135098,0.0976057450544177,0.0831647557483454,0.06,141.55,DDoS-SYN_Flood,1
0.0,0.0,47.0,64.0,33.80717443608415,33.80717443608415,0.0,0.0,0.0,0.0,0.0,0.0,0.0,0.0,0.0,0.0,0.0,0.0,0.0,0.0,0.0,0.0,0.0,0.0,0.0,0.0,0.0,0.0,0.0,0.0,0.0,1.0,1.0,6216.0,592.0,592.0,592.0,0.0,592.0,83681184.51216403,9.5,34.409301068170514,0.0,0.0,0.0,141.55,Other_Attack,1
0.0,54.0,6.0,64.0,61.074584432415,61.074584432415,0.0,1.0,0.0,1.0,0.0,0.0,0.0,0.0,1.0,0.0,1.0,0.0,0.0,0.0,0.0,0.0,0.0,0.0,0.0,0.0,1.0,0.0,0.0,0.0,0.0,1.0,1.0,567.0,54.0,54.0,54.0,0.0,54.0,83345131.81861325,9.5,10.392304845413264,0.0,0.0,0.0,141.55,DDoS-RSTFINFlood,1
0.1099660992622375,29237.5,16.68,67.82,6092.50063342241,6092.50063342241,0.0,0.0,0.0,0.0,0.0,0.0,0.0,0.0,0.0,0.0,0.0,0.0,0.0,0.0,0.0,0.0,0.0,0.0,0.0,0.0,0.0,1.0,0.0,0.0,0.0,1.0,1.0,528.4,50.0,51.8,50.21447825823987,0.5802237781906004,50.4,83101882.61482777,9.5,10.021294053565152,0.8225097462833338,3.7795330010847095,0.09,141.55,DDoS-UDP_Flood,1
0.0,54.0,6.0,64.0,11.747434461124808,11.747434461124808,0.0,0.0,0.0,0.0,1.0,1.0,0.0,0.0,0.0,0.0,0.0,1.0,1.0,0.0,0.0,0.0,0.0,0.0,0.0,0.0,1.0,0.0,0.0,0.0,0.0,1.0,1.0,567.0,54.0,54.0,54.0,0.0,54.0,83332024.68359888,9.5,10.392304845413264,0.0,0.0,0.0,141.55,DDoS-PSHACK_Flood,1
0.0,54.0,6.0,64.0,318.31700375668805,318.31700375668805,0.0,0.0,0.0,0.0,0.0,0.0,0.0,0.0,0.0,0.0,0.0,0.0,0.0,0.0,0.0,0.0,0.0,0.0,0.0,0.0,1.0,0.0,0.0,0.0,0.0,1.0,1.0,567.0,54.0,54.0,54.0,0.0,54.0,82955818.00433956,9.5,10.392304845413264,0.0,0.0,0.0,141.55,DoS-TCP_Flood,1
0.0,54.0,6.0,64.0,113.71299986444356,113.71299986444356,0.0,0.0,1.0,0.0,0.0,0.0,0.0,0.0,0.0,1.0,0.0,0.0,0.0,0.0,0.0,0.0,0.0,0.0,0.0,0.0,1.0,0.0,0.0,0.0,0.0,1.0,1.0,567.0,54.0,54.0,54.0,0.0,54.0,83090106.97219093,9.5,10.392304845413264,0.0,0.0,0.0,141.55,DDoS-SYN_Flood,1
0.0,54.0,6.0,64.0,0.0,0.0,0.0,1.0,0.0,1.0,0.0,0.0,0.0,0.0,1.0,0.0,1.0,0.0,0.0,0.0,0.0,0.0,0.0,0.0,0.0,0.0,1.0,0.0,0.0,0.0,0.0,1.0,1.0,567.0,54.0,54.0,54.0,0.0,54.0,83345178.66014826,9.5,10.392304845413264,0.0,0.0,0.0,141.55,DDoS-RSTFINFlood,1
0.0,54.0,6.0,64.0,3.361920949285084,3.361920949285084,0.0,0.0,0.0,0.0,1.0,1.0,0.0,0.0,0.0,0.0,0.0,1.0,1.0,0.0,0.0,0.0,0.0,0.0,0.0,0.0,1.0,0.0,0.0,0.0,0.0,1.0,1.0,567.0,54.0,54.0,54.0,0.0,54.0,83314421.61794047,9.5,10.392304845413264,0.0,0.0,0.0,141.55,DDoS-PSHACK_Flood,1
29.74977300167084,3449.5,9.9,93.2,37.814382543027165,37.814382543027165,0.0,0.0,0.0,0.0,0.0,0.0,0.0,0.0,0.2,0.0,0.2,1.0,4.0,0.0,0.0,0.0,0.0,0.0,0.0,0.0,0.0,0.0,0.0,0.0,0.0,1.0,1.0,3718.0,54.0,949.0,244.94166937680484,285.9285502904412,109.0,166609573.42365903,13.5,22.130923736386443,405.051701996444,82373.81492800402,1.0,244.6,Other_Attack,1
0.0,54.0,6.0,64.0,21.95097238795035,21.95097238795035,0.0,1.0,0.0,1.0,0.0,0.0,0.0,0.0,1.0,0.0,1.0,0.0,0.0,0.0,0.0,0.0,0.0,0.0,0.0,0.0,1.0,0.0,0.0,0.0,0.0,1.0,1.0,567.0,54.0,54.0,54.0,0.0,54.0,83349147.0199183,9.5,10.392304845413264,0.0,0.0,0.0,141.55,DDoS-RSTFINFlood,1
0.0420743727684021,37225.0,17.0,64.0,17688.94909822983,17688.94909822983,0.0,0.0,0.0,0.0,0.0,0.0,0.0,0.0,0.0,0.0,0.0,0.0,0.0,0.0,0.0,0.0,0.0,0.0,0.0,0.0,0.0,1.0,0.0,0.0,0.0,1.0,1.0,525.0,50.0,50.0,50.0,0.0,50.0,83028580.9306224,9.5,10.0,0.0,0.0,0.0,141.55,DoS-UDP_Flood,1
0.0,54.0,6.0,64.0,67.82893598441048,67.82893598441048,0.0,0.0,0.0,0.0,0.0,0.0,0.0,0.0,0.0,0.0,0.0,0.0,0.0,0.0,0.0,0.0,0.0,0.0,0.0,0.0,1.0,0.0,0.0,0.0,0.0,1.0,1.0,567.0,54.0,54.0,54.0,0.0,54.0,82947259.24035507,9.5,10.392304845413264,0.0,0.0,0.0,141.55,DoS-TCP_Flood,1
0.1687987685203552,26381.25,16.89,64.0,11447.048599503229,11447.048599503229,0.0,0.0,0.0,0.0,0.0,0.0,0.0,0.0,0.0,0.03,0.0,0.04,0.11,0.0,0.0,0.0,0.0,0.0,0.0,0.0,0.0,1.0,0.0,0.0,0.0,1.0,1.0,788.52,50.0,313.52,80.7109085805835,79.89029684527196,64.64,83015832.65310682,9.5,11.8876686716143,113.09274814515965,37592.08104769956,0.18,141.55,DoS-UDP_Flood,1
0.0,52.38,5.82,62.08,0.2998332116949353,0.2998332116949353,0.0,0.0,0.0,0.0,1.0,1.0,0.0,0.0,0.0,0.0,0.0,0.97,0.97,0.0,0.0,0.0,0.0,0.0,0.0,0.0,1.0,0.0,0.0,0.0,0.0,1.0,1.0,567.72,54.0,54.48,54.039282507739934,0.1293429800074795,54.18,83313706.99690923,9.5,10.3961206765593,0.1839575459229238,0.216620348016318,0.08,141.55,DDoS-PSHACK_Flood,1
0.0,54.0,6.0,64.0,3.313068610726327,3.313068610726327,0.0,0.0,0.0,0.0,1.0,1.0,0.0,0.0,0.0,0.0,0.0,1.0,1.0,0.0,0.0,0.0,0.0,0.0,0.0,0.0,1.0,0.0,0.0,0.0,0.0,1.0,1.0,567.0,54.0,54.0,54.0,0.0,54.0,83314043.34573717,9.5,10.392304845413264,0.0,0.0,0.0,141.55,DDoS-PSHACK_Flood,1
0.0,54.0,6.0,64.0,16.62934783901548,16.62934783901548,0.0,0.0,1.0,0.0,0.0,0.0,0.0,0.0,0.0,1.0,0.0,0.0,0.0,0.0,0.0,0.0,0.0,0.0,0.0,0.0,1.0,0.0,0.0,0.0,0.0,1.0,1.0,567.0,54.0,54.0,54.0,0.0,54.0,82973050.73934814,9.5,10.392304845413264,0.0,0.0,0.0,141.55,DoS-SYN_Flood,1
16.786421823501588,19885.0,14.8,63.6,7.754912895635547,7.754912895635547,0.0,0.0,0.0,0.0,0.0,0.0,0.0,0.0,0.0,0.0,0.0,46.4,97.1,0.0,0.0,0.0,0.0,0.0,0.0,0.0,0.0,1.0,0.0,0.0,0.0,1.0,1.0,2173.6,50.0,1097.0,141.59547508090466,258.7927345514183,93.2,166523791.8342674,13.5,16.846730333530424,366.7236382472232,67667.05495801821,1.0,244.6,BenignTraffic,0
6.4031562948226926,118.44,6.0,64.0,0.6220408423588729,0.6220408423588729,0.0,0.0,1.0,0.0,0.0,0.0,0.0,0.0,0.0,2.0,0.18,0.0,0.18,0.0,0.0,0.0,0.0,0.0,0.0,0.0,1.0,0.0,0.0,0.0,0.0,1.0,1.0,574.08,54.12,55.4,54.66884749409517,0.5712559581155504,54.72,82985396.54781452,9.5,10.455931312454394,0.808721107906433,1.031655661009913,0.32,141.55,DoS-SYN_Flood,1
13.280788309574127,108.0,6.0,64.0,0.1505935184335967,0.1505935184335967,0.0,0.0,1.0,0.0,0.0,0.0,0.0,0.0,0.0,2.0,0.0,0.0,0.0,0.0,0.0,0.0,0.0,0.0,0.0,0.0,1.0,0.0,0.0,0.0,0.0,1.0,1.0,567.0,54.0,54.0,54.0,0.0,54.0,82977511.16994268,9.5,10.392304845413264,0.0,0.0,0.0,141.55,DoS-SYN_Flood,1
35.73353128433227,39408.1,9.3,78.1,11.196068500859294,11.196068500859294,0.0,0.0,0.0,0.0,0.0,1.0,0.0,0.0,0.0,0.4,0.0,137.6,280.0,0.0,0.0,0.0,0.0,0.0,0.0,0.0,1.0,0.0,0.0,0.0,0.0,1.0,1.0,1696.8,50.0,230.2,108.68724744295952,54.91109628974306,117.1,166518504.7508056,13.5,14.757794627161491,77.64039373887287,3076.681504305689,1.0,244.6,BenignTraffic,0
0.1454678440093994,30646.0,16.51,63.36,6952.520924366614,6952.520924366614,0.0,0.0,0.0,0.0,0.0,0.0,0.0,0.0,0.0,0.0,0.0,0.0,0.0,0.0,0.0,0.0,0.0,0.0,0.0,0.0,0.0,1.0,0.0,0.0,0.0,1.0,1.0,532.26,50.0,53.36,50.51050023720689,1.127058791000526,50.66,83487414.76976843,9.5,10.050136292883064,1.5965409693177337,10.68016937428118,0.12,141.55,DDoS-UDP_Flood,1
0.0,54.0,6.0,64.0,3003.4400286430373,3003.4400286430373,0.0,0.0,0.0,0.0,0.0,0.0,0.0,0.0,0.0,0.0,0.0,0.0,0.0,0.0,0.0,0.0,0.0,0.0,0.0,0.0,1.0,0.0,0.0,0.0,0.0,1.0,1.0,567.0,54.0,54.0,54.0,0.0,54.0,82951547.02940334,9.5,10.392304845413264,0.0,0.0,0.0,141.55,DoS-TCP_Flood,1
0.0,54.0,6.0,64.0,2.673206305964207,2.673206305964207,0.0,1.0,0.0,1.0,0.0,0.0,0.0,0.0,1.0,0.0,1.0,0.0,0.0,0.0,0.0,0.0,0.0,0.0,0.0,0.0,1.0,0.0,0.0,0.0,0.0,1.0,1.0,567.0,54.0,54.0,54.0,0.0,54.0,83343878.12380618,9.5,10.392304845413264,0.0,0.0,0.0,141.55,DDoS-RSTFINFlood,1
0.0,53.46,5.94,63.36,21.76575230148104,21.76575230148104,0.0,0.0,0.0,0.0,1.0,1.0,0.0,0.0,0.0,0.0,0.0,0.99,0.99,0.0,0.0,0.0,0.0,0.0,0.0,0.0,1.0,0.0,0.0,0.0,0.0,1.0,1.0,567.72,54.0,54.72,54.0527929508572,0.1859547750301783,54.06,83331238.37129638,9.5,10.397389025947918,0.2634338912478616,0.292861014614131,0.12,141.55,DDoS-PSHACK_Flood,1
0.0,1.07,1.16,64.0,2.369146080200345,2.369146080200345,0.0,0.0,0.0,0.0,0.0,0.0,0.0,0.0,0.0,0.0,0.0,0.0,0.0,0.0,0.0,0.0,0.0,0.0,0.0,0.0,0.0,0.0,0.0,0.0,1.0,1.0,1.0,445.55,42.0,46.55,42.27144383630645,1.0755173185124574,42.65,83150306.7129564,9.5,9.194285664216103,1.5259308812057066,16.675988477323287,0.07,141.55,DDoS-ICMP_Flood,1
0.0,53.46,5.94,63.36,0.0,0.0,0.0,0.0,1.0,0.0,0.0,0.0,0.0,0.0,0.0,0.99,0.0,0.0,0.0,0.0,1.0,0.0,0.0,0.0,0.0,0.0,1.0,0.0,0.0,0.0,0.0,1.0,1.0,567.42,54.0,54.42,54.025056354120586,0.0992785217088422,54.06,83362385.19781244,9.5,10.394727005678016,0.1408551582651421,0.1420912627653582,0.07,141.55,DDoS-SynonymousIP_Flood,1
0.0,0.0,1.0,64.0,1.6137762952597976,1.6137762952597976,0.0,0.0,0.0,0.0,0.0,0.0,0.0,0.0,0.0,0.0,0.0,0.0,0.0,0.0,0.0,0.0,0.0,0.0,0.0,0.0,0.0,0.0,0.0,0.0,1.0,1.0,1.0,441.0,42.0,42.0,42.0,0.0,42.0,83150312.27335984,9.5,9.16515138991168,0.0,0.0,0.0,141.55,DDoS-ICMP_Flood,1
0.0403061580657959,12.23,46.59,64.0,3.348069143016017,3.348069143016017,0.0,0.0,0.0,0.0,0.0,0.0,0.0,0.0,0.0,0.02,0.0,0.02,0.07,0.0,0.0,0.0,0.0,0.0,0.0,0.0,0.0,0.0,0.0,0.0,0.0,1.0,1.0,6205.48,581.48,592.0,591.4601578947369,2.3209320018484307,586.74,83677407.24680483,9.5,34.39301729533657,3.3221052631578947,275.90958448753463,0.02,141.55,Other_Attack,1
24.6438404083252,356923.9,8.2,63.4,23.983831838945413,23.983831838945413,0.0,0.0,0.0,0.0,0.0,1.0,0.0,0.0,0.4,0.7,0.0,275.0,724.6,0.0,0.0,0.0,0.0,0.0,0.0,0.0,1.0,0.0,0.0,0.0,0.0,1.0,1.0,2248.7,43.0,614.0,142.03321974121508,152.42575299739025,187.4,166516912.3660948,13.5,16.838595680287323,216.0915298804652,24084.46557712244,1.0,244.6,BenignTraffic,0
0.0336685895919799,11880.5,17.0,64.0,7063.787313695989,7063.787313695989,0.0,0.0,0.0,0.0,0.0,0.0,0.0,0.0,0.0,0.0,0.0,0.0,0.0,0.0,0.0,0.0,0.0,0.0,0.0,0.0,0.0,1.0,0.0,0.0,0.0,1.0,1.0,525.0,50.0,50.0,50.0,0.0,50.0,83102265.95381361,9.5,10.0,0.0,0.0,0.0,141.55,DDoS-UDP_Flood,1
0.2374873185157776,30687.5,17.0,64.0,4020.522850238925,4020.522850238925,0.0,0.0,0.0,0.0,0.0,0.0,0.0,0.0,0.0,0.0,0.0,0.0,0.0,0.0,0.0,0.0,0.0,0.0,0.0,0.0,0.0,1.0,0.0,0.0,0.0,1.0,1.0,525.0,50.0,50.0,50.0,0.0,50.0,83098359.76904827,9.5,10.0,0.0,0.0,0.0,141.55,DDoS-UDP_Flood,1
0.0,54.0,6.0,64.0,5.287062216589972,5.287062216589972,0.0,0.0,1.0,0.0,0.0,0.0,0.0,0.0,0.0,1.0,0.0,0.0,0.0,0.0,0.0,0.0,0.0,0.0,0.0,0.0,1.0,0.0,0.0,0.0,0.0,1.0,1.0,567.0,54.0,54.0,54.0,0.0,54.0,82981081.67186624,9.5,10.392304845413264,0.0,0.0,0.0,141.55,DoS-SYN_Flood,1
0.0,55.76,6.11,65.91,5.585873585154426,5.585873585154426,0.0,0.0,0.0,0.0,1.0,1.0,0.0,0.0,0.0,0.0,0.0,0.99,0.99,0.0,0.0,0.0,0.0,0.0,0.0,0.0,1.0,0.0,0.0,0.0,0.0,1.0,1.0,591.64,54.0,78.64,56.02002179657288,6.652610396076354,55.76,83313864.42819656,9.5,10.574592116038364,9.421532888738367,323.8004289374596,0.14,141.55,DDoS-PSHACK_Flood,1
0.0,182.0,17.0,64.0,8.11747617817285,8.11747617817285,0.0,0.0,0.0,0.0,0.0,0.0,0.0,0.0,0.0,0.0,0.0,0.0,0.0,0.0,0.0,0.0,0.0,0.0,0.0,0.0,0.0,1.0,0.0,0.0,0.0,1.0,1.0,1911.0,182.0,182.0,182.0,0.0,182.0,83007025.49408704,9.5,19.078784028338912,0.0,0.0,0.0,141.55,DoS-UDP_Flood,1
0.0,54.0,6.0,64.0,14.484894531088123,14.484894531088123,0.0,0.0,0.0,0.0,1.0,1.0,0.0,0.0,0.0,0.0,0.0,1.0,1.0,0.0,0.0,0.0,0.0,0.0,0.0,0.0,1.0,0.0,0.0,0.0,0.0,1.0,1.0,567.0,54.0,54.0,54.0,0.0,54.0,83330986.63291316,9.5,10.392304845413264,0.0,0.0,0.0,141.55,DDoS-PSHACK_Flood,1
8.751570000648499,108.0,6.0,64.0,0.2285304450593665,0.2285304450593665,0.0,0.0,0.0,0.0,0.0,0.0,0.0,0.0,0.0,0.0,0.0,0.0,0.0,0.0,0.0,0.0,0.0,0.0,0.0,0.0,1.0,0.0,0.0,0.0,0.0,1.0,1.0,567.0,54.0,54.0,54.0,0.0,54.0,82955810.0243776,9.5,10.392304845413264,0.0,0.0,0.0,141.55,DoS-TCP_Flood,1
0.0010513162612915,59.01,6.22,64.0,62.782578407204255,62.782578407204255,0.0,0.0,1.0,0.0,0.0,0.0,0.0,0.0,0.0,0.98,0.0,0.0,0.0,0.0,0.0,0.0,0.0,0.0,0.0,0.0,1.0,0.0,0.0,0.0,0.0,1.0,1.0,567.99,54.0,54.66,54.05036842105263,0.1726879698289139,54.66,83093155.36630893,9.5,10.395620946078832,0.2084210526315789,1.0859833795013851,0.02,141.55,DDoS-SYN_Flood,1
0.0600923323631286,131.27,6.0,64.0,3.334542837030939,3.334542837030939,0.0,0.0,1.0,0.0,0.0,0.0,0.0,0.0,0.0,1.0,0.0,0.09,0.17,0.0,0.0,0.0,0.0,0.0,0.0,0.0,1.0,0.0,0.0,0.0,0.0,1.0,1.0,600.28,55.63,87.08,59.90078966935197,9.823068890798414,55.83,82973033.79288168,9.5,10.858705720325148,13.90514346470938,532.7500763930653,0.23,141.55,DoS-SYN_Flood,1
0.0,54.0,6.0,64.0,1.3331693215282971,1.3331693215282971,0.0,0.0,1.0,0.0,0.0,0.0,0.0,0.0,0.0,1.0,0.0,0.0,0.0,0.0,0.0,0.0,0.0,0.0,0.0,0.0,1.0,0.0,0.0,0.0,0.0,1.0,1.0,567.0,54.0,54.0,54.0,0.0,54.0,83089729.72341786,9.5,10.392304845413264,0.0,0.0,0.0,141.55,DDoS-SYN_Flood,1
0.0226932096481323,84.24,6.0,64.0,49.20164885361244,49.20164885361244,0.0,0.0,1.0,0.0,0.0,0.0,0.0,0.0,0.0,1.56,0.0,0.0,0.0,0.0,0.0,0.0,0.0,0.0,0.0,0.0,1.0,0.0,0.0,0.0,0.0,1.0,1.0,567.0,54.0,54.0,54.0,0.0,54.0,83361307.69155473,9.5,10.392304845413264,0.0,0.0,0.0,141.55,DDoS-SynonymousIP_Flood,1
0.0,52.38,5.85,63.97,405.0999879270796,405.0999879270796,0.0,0.0,1.0,0.0,0.0,0.0,0.0,0.0,0.0,0.97,0.0,0.0,0.0,0.0,0.0,0.0,0.0,0.0,0.0,0.0,1.0,0.0,0.0,0.0,0.0,1.0,1.0,626.04,54.0,88.56,60.05998556861096,12.115327825027522,58.32,82972968.39707069,9.5,10.904732518181277,17.158595708316316,651.8113982370216,0.24,141.55,DoS-SYN_Flood,1
0.0,55.22,6.05,65.27,29.892128169067632,29.892128169067632,0.0,0.0,0.0,0.0,0.0,0.0,0.0,0.0,0.0,0.0,0.0,0.0,0.0,1.0,0.0,0.0,0.0,0.0,0.0,0.0,1.0,0.0,0.0,0.0,0.0,1.0,1.0,576.04,54.0,63.04,54.50495940832474,2.0742153755477126,55.82,83072233.48133263,9.5,10.439330262783116,2.947158683217464,82.51709593428859,0.09,141.55,DDoS-TCP_Flood,1
54.51746962070465,1379125.4,6.0,113.2,25.49761676723305,25.49761676723305,0.0,0.0,0.0,0.0,0.0,1.0,0.0,0.0,0.0,0.2,0.0,182.3,1556.6,0.0,1.0,0.0,0.0,0.0,0.0,0.0,1.0,0.0,0.0,0.0,0.0,1.0,1.0,5472.7,50.0,1514.0,363.5041320409896,476.78848981900126,76.9,166521599.24673638,13.5,26.930080187444297,675.4422289478091,228819.25528387583,1.0,244.6,BenignTraffic,0
0.0,54.0,6.0,64.0,24.52341169782376,24.52341169782376,0.0,0.0,1.0,0.0,0.0,0.0,0.0,0.0,0.0,1.0,0.0,0.0,0.0,0.0,0.0,0.0,0.0,0.0,0.0,0.0,1.0,0.0,0.0,0.0,0.0,1.0,1.0,567.0,54.0,54.0,54.0,0.0,54.0,82973136.91136335,9.5,10.392304845413264,0.0,0.0,0.0,141.55,DoS-SYN_Flood,1
0.0,54.0,6.0,64.0,8.510288099242974,8.510288099242974,0.0,0.0,1.0,0.0,0.0,0.0,0.0,0.0,0.0,1.0,0.0,0.0,0.0,0.0,0.0,0.0,0.0,0.0,0.0,0.0,1.0,0.0,0.0,0.0,0.0,1.0,1.0,567.0,54.0,54.0,54.0,0.0,54.0,83093410.90318723,9.5,10.392304845413264,0.0,0.0,0.0,141.55,DDoS-SYN_Flood,1
0.0,0.0,1.0,64.0,51.95600039639281,51.95600039639281,0.0,0.0,0.0,0.0,0.0,0.0,0.0,0.0,0.0,0.0,0.0,0.0,0.0,0.0,0.0,0.0,0.0,0.0,0.0,0.0,0.0,0.0,0.0,0.0,1.0,1.0,1.0,441.0,42.0,42.0,42.0,0.0,42.0,83128035.64772141,9.5,9.16515138991168,0.0,0.0,0.0,141.55,DDoS-ICMP_Flood,1
0.0186914682388305,65603.0,6.0,87.6,4052.627491586012,4052.627491586012,0.0,0.0,0.0,0.0,0.0,1.0,0.0,0.0,0.0,0.0,0.0,10.5,75.7,1.0,0.0,0.0,0.0,0.0,0.0,0.0,1.0,0.0,0.0,0.0,0.0,1.0,1.0,4788.6,94.0,2305.2,760.6307936507935,902.6080831135648,920.4,6.92129135131836e-05,5.5,37.10496883499711,1276.480592646785,1023945.256803225,0.8,38.5,BenignTraffic,0
4.988549990653992,108.0,6.0,64.0,0.4009181189574176,0.4009181189574176,0.0,0.0,0.0,0.0,0.0,0.0,0.0,0.0,0.0,0.0,0.0,0.0,0.0,0.0,0.0,0.0,0.0,0.0,0.0,0.0,1.0,0.0,0.0,0.0,0.0,1.0,1.0,567.0,54.0,54.0,54.0,0.0,54.0,82951194.442876,9.5,10.392304845413264,0.0,0.0,0.0,141.55,DoS-TCP_Flood,1
0.0,54.0,6.0,64.0,50.91905016267662,50.91905016267662,0.0,0.0,0.0,0.0,0.0,0.0,0.0,0.0,0.0,0.0,0.0,0.0,0.0,0.0,0.0,0.0,0.0,0.0,0.0,0.0,1.0,0.0,0.0,0.0,0.0,1.0,1.0,567.0,54.0,54.0,54.0,0.0,54.0,82943426.13348635,9.5,10.392304845413264,0.0,0.0,0.0,141.55,DoS-TCP_Flood,1
0.0,54.0,6.0,64.0,47.82395129014972,47.82395129014972,0.0,0.0,0.0,0.0,1.0,1.0,0.0,0.0,0.0,0.0,0.0,1.0,1.0,0.0,0.0,0.0,0.0,0.0,0.0,0.0,1.0,0.0,0.0,0.0,0.0,1.0,1.0,567.0,54.0,54.0,54.0,0.0,54.0,83331880.14915384,9.5,10.392304845413264,0.0,0.0,0.0,141.55,DDoS-PSHACK_Flood,1
0.0,54.0,6.0,64.0,7.930907402872805,7.930907402872805,0.0,0.0,1.0,0.0,0.0,0.0,0.0,0.0,0.0,1.0,0.0,0.0,0.0,0.0,0.0,0.0,0.0,0.0,0.0,0.0,1.0,0.0,0.0,0.0,0.0,1.0,1.0,567.0,54.0,54.0,54.0,0.0,54.0,82985903.10450426,9.5,10.392304845413264,0.0,0.0,0.0,141.55,DoS-SYN_Flood,1
5.130472815036773,108.0,6.0,64.0,0.3898276221810406,0.3898276221810406,0.0,0.0,0.0,0.0,0.0,0.0,0.0,0.0,0.0,0.0,0.0,0.0,0.0,0.0,0.0,0.0,0.0,0.0,0.0,0.0,1.0,0.0,0.0,0.0,0.0,1.0,1.0,567.0,54.0,54.0,54.0,0.0,54.0,82946971.55455449,9.5,10.392304845413264,0.0,0.0,0.0,141.55,DoS-TCP_Flood,1
0.0,54.0,6.0,64.0,5.702934541338408,5.702934541338408,0.0,0.0,0.0,0.0,0.0,0.0,0.0,0.0,0.0,0.0,0.0,0.0,0.0,1.0,0.0,0.0,0.0,0.0,0.0,0.0,1.0,0.0,0.0,0.0,0.0,1.0,1.0,567.0,54.0,54.0,54.0,0.0,54.0,83037245.8001631,9.5,10.392304845413264,0.0,0.0,0.0,141.55,DDoS-TCP_Flood,1
0.0,54.0,6.0,64.0,2.024744357743597,2.024744357743597,0.0,0.0,0.0,0.0,0.0,0.0,0.0,0.0,0.0,0.0,0.0,0.0,0.0,0.0,0.0,0.0,0.0,0.0,0.0,0.0,1.0,0.0,0.0,0.0,0.0,1.0,1.0,567.0,54.0,54.0,54.0,0.0,54.0,82950697.61262326,9.5,10.392304845413264,0.0,0.0,0.0,141.55,DoS-TCP_Flood,1
4.843407001495361,159.01,6.0,64.0,0.4438310608270566,0.4438310608270566,0.0,0.0,1.0,0.0,0.0,0.0,0.0,0.0,0.06,2.01,0.0,0.05,0.18,0.0,0.0,0.0,0.0,0.0,0.0,0.0,1.0,0.0,0.0,0.0,0.0,1.0,1.0,808.42,54.24,293.14,87.11129364572476,74.77213088656852,66.7,82972973.77819452,9.5,12.337526555356614,105.83882242208868,31536.41045187868,0.19,141.55,DoS-SYN_Flood,1
0.0,54.0,6.0,64.0,3.5292762920546337,3.5292762920546337,0.0,0.0,0.0,0.0,1.0,1.0,0.0,0.0,0.0,0.0,0.0,1.0,1.0,0.0,0.0,0.0,0.0,0.0,0.0,0.0,1.0,0.0,0.0,0.0,0.0,1.0,1.0,567.0,54.0,54.0,54.0,0.0,54.0,83331741.5136048,9.5,10.392304845413264,0.0,0.0,0.0,141.55,DDoS-PSHACK_Flood,1
0.0363648343086242,27939.0,17.0,64.0,16035.003612190449,16035.003612190449,0.0,0.0,0.0,0.0,0.0,0.0,0.0,0.0,0.0,0.0,0.0,0.0,0.0,0.0,0.0,0.0,0.0,0.0,0.0,0.0,0.0,1.0,0.0,0.0,0.0,1.0,1.0,525.0,50.0,50.0,50.0,0.0,50.0,83106932.03731151,9.5,10.0,0.0,0.0,0.0,141.55,DDoS-UDP_Flood,1
0.0623057794570922,9880.0,16.84,64.0,372144.0915058562,372144.0915058562,0.0,0.0,0.0,0.0,0.0,0.0,0.0,0.0,0.0,0.0,0.0,0.0,0.0,0.0,0.0,0.0,0.0,0.0,0.0,0.0,0.0,1.0,0.0,0.0,0.0,1.0,1.0,533.16,50.0,58.16,50.84691503542897,2.3930798249472547,50.48,83123888.26685894,9.5,10.082300062340504,3.387958955579005,35.29072942510031,0.17,141.55,DDoS-UDP_Flood,1
0.0803436303138732,23069.92,16.89,64.0,5716.900001754879,5716.900001754879,0.0,0.0,0.0,0.0,0.0,0.0,0.0,0.0,0.0,0.0,0.0,0.01,0.02,0.0,0.0,0.0,0.0,0.0,0.0,0.0,0.0,1.0,0.0,0.0,0.0,1.0,1.0,542.6,50.0,67.6,51.17703766958876,4.373558763157087,51.76,83487412.03392725,9.5,10.1117281771919,6.198467160115392,193.51865277217868,0.1,141.55,DDoS-UDP_Flood,1
0.0,1.23,46.59,65.91,67.36160474098818,67.36160474098818,0.0,0.0,0.0,0.0,0.0,0.0,0.0,0.0,0.0,0.0,0.0,0.01,0.01,0.0,0.0,0.0,0.0,0.0,0.0,0.0,0.0,0.0,0.0,0.0,0.0,1.0,1.0,6046.25,555.25,578.0,576.7282264791882,5.221847657739975,573.45,83586115.12571305,9.5,33.961811815301914,7.419245697809768,550.9953798332854,0.05,141.55,Other_Attack,1
2.9964161682128907,1089031.04,17.0,64.0,661.8428103491093,661.8428103491093,0.0,0.0,0.0,0.0,0.0,0.0,0.0,0.0,0.0,0.0,0.0,0.0,0.0,0.0,0.0,0.0,0.0,0.0,0.0,0.0,0.0,1.0,0.0,0.0,0.0,1.0,1.0,5817.0,554.0,554.0,554.0,0.0,554.0,83789122.0425734,9.5,33.28663395418648,0.0,0.0,0.0,141.55,Other_Attack,1
0.0942123961448669,28643.04,16.89,64.0,6229.212932109994,6229.212932109994,0.0,0.0,0.0,0.0,0.0,0.0,0.0,0.0,0.01,0.0,0.0,0.0,0.01,0.0,0.0,0.0,0.0,0.0,0.0,0.0,0.0,1.0,0.0,0.0,0.0,1.0,1.0,525.76,50.0,50.76,50.10390958628575,0.2382794995772457,50.04,83123707.44132432,9.5,10.010354400277883,0.3372808508790456,0.3206300654520854,0.19,141.55,DDoS-UDP_Flood,1
0.0,54.0,6.0,64.0,32.821191983883594,32.821191983883594,0.0,0.0,1.0,0.0,0.0,0.0,0.0,0.0,0.0,1.0,0.0,0.0,0.0,0.0,0.0,0.0,0.0,0.0,0.0,0.0,1.0,0.0,0.0,0.0,0.0,1.0,1.0,567.0,54.0,54.0,54.0,0.0,54.0,83093276.9078727,9.5,10.392304845413264,0.0,0.0,0.0,141.55,DDoS-SYN_Flood,1
7.529035570621491,140.22,6.0,64.0,1.1230850637962728,1.1230850637962728,0.0,0.0,1.0,0.0,0.0,0.0,0.0,0.0,0.0,1.9,0.63,0.0,0.9,0.0,0.0,0.0,0.0,0.0,0.0,0.0,1.0,0.0,0.0,0.0,0.0,1.0,1.0,577.08,54.72,55.28,54.899635319444926,0.2096775883564148,55.08,82972625.276356,9.5,10.47753222802502,0.2897231058616123,0.3213791557233849,0.14,141.55,DoS-SYN_Flood,1
0.0,54.0,6.0,64.0,2.5829290657400383,2.5829290657400383,0.0,0.0,0.0,0.0,0.0,0.0,0.0,0.0,0.0,0.0,0.0,0.0,0.0,0.0,0.0,0.0,0.0,0.0,0.0,0.0,1.0,0.0,0.0,0.0,0.0,1.0,1.0,567.0,54.0,54.0,54.0,0.0,54.0,82943428.07310426,9.5,10.392304845413264,0.0,0.0,0.0,141.55,DoS-TCP_Flood,1
0.0,54.0,6.0,64.0,9.212813976807093,9.212813976807093,0.0,0.0,0.0,0.0,1.0,1.0,0.0,0.0,0.0,0.0,0.0,1.0,1.0,0.0,0.0,0.0,0.0,0.0,0.0,0.0,1.0,0.0,0.0,0.0,0.0,1.0,1.0,567.0,54.0,54.0,54.0,0.0,54.0,83313821.91284229,9.5,10.392304845413264,0.0,0.0,0.0,141.55,DDoS-PSHACK_Flood,1
0.0,54.04,6.0,65.73,19.78811176406203,19.78811176406203,0.0,0.0,0.0,0.0,0.0,0.0,0.0,0.0,0.0,0.01,0.0,0.0,0.01,0.0,0.0,0.0,0.0,0.0,0.0,0.0,1.0,0.0,0.0,0.0,0.0,1.0,1.0,567.28,54.0,54.28,54.01670423608039,0.0661856811392281,54.04,83067511.97995272,9.5,10.393920523966534,0.093903438843428,0.0631516723401591,0.07,141.55,DDoS-TCP_Flood,1
0.0,54.0,6.0,64.0,150.0269699896269,150.0269699896269,0.0,0.0,0.0,0.0,1.0,1.0,0.0,0.0,0.0,0.0,0.0,1.0,1.0,0.0,0.0,0.0,0.0,0.0,0.0,0.0,1.0,0.0,0.0,0.0,0.0,1.0,1.0,567.0,54.0,54.0,54.0,0.0,54.0,83331686.19137426,9.5,10.392304845413264,0.0,0.0,0.0,141.55,DDoS-PSHACK_Flood,1
0.0,54.0,6.0,64.0,26.607441804404445,26.607441804404445,0.0,0.0,0.0,0.0,0.0,0.0,0.0,0.0,0.0,0.0,0.0,0.0,0.0,0.0,0.0,0.0,0.0,0.0,0.0,0.0,1.0,0.0,0.0,0.0,0.0,1.0,1.0,567.0,54.0,54.0,54.0,0.0,54.0,83072084.84004454,9.5,10.392304845413264,0.0,0.0,0.0,141.55,DDoS-TCP_Flood,1
1.2537479996681211,96.66,6.0,64.0,1.2610927659045452,1.2610927659045452,0.0,0.0,1.0,0.0,0.0,0.0,0.0,0.0,0.0,1.79,0.0,0.0,0.0,0.0,0.0,0.0,0.0,0.0,0.0,0.0,1.0,0.0,0.0,0.0,0.0,1.0,1.0,567.0,54.0,54.0,54.0,0.0,54.0,83362574.26895109,9.5,10.392304845413264,0.0,0.0,0.0,141.55,DDoS-SynonymousIP_Flood,1
3405.7822021484376,32629.3,9.8,88.9,0.0216256500919411,0.0216256500919411,0.0,0.0,0.0,0.0,0.0,0.0,0.0,0.0,0.0,0.2,0.0,7.8,14.1,0.0,0.0,0.0,0.0,0.0,0.0,0.0,0.0,0.0,0.0,0.0,0.0,1.0,1.0,1427.0,168.0,515.0,315.83488095238096,137.23090806020946,192.5,0.0178042888641357,5.5,24.74995009873324,194.07381135552347,23580.34045223923,0.9,38.5,Other_Attack,1
6.881578302383423,108.0,6.0,64.0,0.2906311687329029,0.2906311687329029,0.0,0.0,0.0,0.0,0.0,0.0,0.0,0.0,0.0,0.0,0.0,0.0,0.0,0.0,0.0,0.0,0.0,0.0,0.0,0.0,1.0,0.0,0.0,0.0,0.0,1.0,1.0,567.0,54.0,54.0,54.0,0.0,54.0,82947344.069486,9.5,10.392304845413264,0.0,0.0,0.0,141.55,DoS-TCP_Flood,1
0.0005348300933837,161.12,16.78,63.86,618.0972586144559,618.0972586144559,0.0,0.0,0.0,0.0,0.0,0.0,0.0,0.0,0.01,0.0,0.0,0.0,0.03,0.0,0.0,0.0,0.0,0.0,0.0,0.0,0.0,1.0,0.0,0.0,0.0,1.0,1.0,1689.0,153.84,162.0,161.34616993464053,2.176736199974376,158.96,83008102.38561232,9.5,17.962710654113952,3.0962040498554644,60.5197630951185,0.08,141.55,DoS-UDP_Flood,1
4.64465585231781,108.0,6.0,64.0,0.4306026116353224,0.4306026116353224,0.0,0.0,0.0,0.0,0.0,0.0,0.0,0.0,0.0,0.0,0.0,0.0,0.0,0.0,0.0,0.0,0.0,0.0,0.0,0.0,1.0,0.0,0.0,0.0,0.0,1.0,1.0,567.0,54.0,54.0,54.0,0.0,54.0,82951113.82365061,9.5,10.392304845413264,0.0,0.0,0.0,141.55,DoS-TCP_Flood,1
0.0,54.0,6.0,64.0,1.5076702647074358,1.5076702647074358,0.0,0.0,0.0,0.0,1.0,1.0,0.0,0.0,0.0,0.0,0.0,1.0,1.0,0.0,0.0,0.0,0.0,0.0,0.0,0.0,1.0,0.0,0.0,0.0,0.0,1.0,1.0,567.0,54.0,54.0,54.0,0.0,54.0,83318206.1776721,9.5,10.392304845413264,0.0,0.0,0.0,141.55,DDoS-PSHACK_Flood,1
1.209670257568359,91.74,6.0,65.68,0.7257742184468431,0.7257742184468431,0.0,0.0,1.0,0.0,0.0,0.0,0.0,0.0,0.0,1.62,0.01,0.02,0.03,0.0,0.0,0.0,0.0,0.0,0.0,0.0,1.0,0.0,0.0,0.0,0.0,1.0,1.0,567.0,54.0,54.0,54.0,0.0,54.0,83362362.79124717,9.5,10.392304845413264,0.0,0.0,0.0,141.55,DDoS-SynonymousIP_Flood,1
0.0556700682640075,15189.0,17.0,64.0,56081.19515592641,56081.19515592641,0.0,0.0,0.0,0.0,0.0,0.0,0.0,0.0,0.0,0.0,0.0,0.0,0.0,0.0,0.0,0.0,0.0,0.0,0.0,0.0,0.0,1.0,0.0,0.0,0.0,1.0,1.0,525.0,50.0,50.0,50.0,0.0,50.0,83106672.92237255,9.5,10.0,0.0,0.0,0.0,141.55,DDoS-UDP_Flood,1
13.477124667167663,421357.4,8.8,142.0,48.70428708516912,48.70428708516912,0.0,0.0,0.0,0.0,0.0,1.0,0.0,0.0,0.0,0.8,0.0,83.6,540.1,0.0,1.0,0.0,0.0,0.0,0.0,0.0,1.0,0.0,0.0,0.0,0.0,1.0,1.0,506.6,79.0,156.0,102.22261904761906,27.31140556169685,82.2,0.0080519199371337,5.5,14.224578408063532,38.62416015282367,835.5004552154194,0.9,38.5,BenignTraffic,0
0.0,54.0,6.0,64.0,0.5618222187931315,0.5618222187931315,0.0,0.0,0.0,0.0,1.0,1.0,0.0,0.0,0.0,0.0,0.0,1.0,1.0,0.0,0.0,0.0,0.0,0.0,0.0,0.0,1.0,0.0,0.0,0.0,0.0,1.0,1.0,567.0,54.0,54.0,54.0,0.0,54.0,83313730.89641878,9.5,10.392304845413264,0.0,0.0,0.0,141.55,DDoS-PSHACK_Flood,1
0.0,54.0,6.0,64.0,0.6941715661189388,0.6941715661189388,0.0,0.0,0.0,0.0,0.0,0.0,0.0,0.0,0.0,0.0,0.0,0.0,0.0,0.0,0.0,0.0,0.0,0.0,0.0,0.0,1.0,0.0,0.0,0.0,0.0,1.0,1.0,567.0,54.0,54.0,54.0,0.0,54.0,83064145.81955606,9.5,10.392304845413264,0.0,0.0,0.0,141.55,DDoS-TCP_Flood,1
0.0,54.0,6.0,64.0,7.913236163924562,7.913236163924562,0.0,1.0,0.0,1.0,0.0,0.0,0.0,0.0,1.0,0.0,1.0,0.0,0.0,0.0,0.0,0.0,0.0,0.0,0.0,0.0,1.0,0.0,0.0,0.0,0.0,1.0,1.0,567.0,54.0,54.0,54.0,0.0,54.0,83348252.32734345,9.5,10.392304845413264,0.0,0.0,0.0,141.55,DDoS-RSTFINFlood,1
0.0,0.0,1.0,64.0,24.322607831690945,24.322607831690945,0.0,0.0,0.0,0.0,0.0,0.0,0.0,0.0,0.0,0.0,0.0,0.0,0.0,0.0,0.0,0.0,0.0,0.0,0.0,0.0,0.0,0.0,0.0,0.0,1.0,1.0,1.0,441.0,42.0,42.0,42.0,0.0,42.0,83124625.79218775,9.5,9.16515138991168,0.0,0.0,0.0,141.55,DDoS-ICMP_Flood,1
0.0399999332427978,39175.0,17.0,64.0,19597.2463011425,19597.2463011425,0.0,0.0,0.0,0.0,0.0,0.0,0.0,0.0,0.0,0.0,0.0,0.0,0.0,0.0,0.0,0.0,0.0,0.0,0.0,0.0,0.0,1.0,0.0,0.0,0.0,1.0,1.0,525.0,50.0,50.0,50.0,0.0,50.0,83011484.41247731,9.5,10.0,0.0,0.0,0.0,141.55,DoS-UDP_Flood,1
0.0,54.0,6.0,64.0,1.7023003199124,1.7023003199124,0.0,0.0,0.0,0.0,0.0,0.0,0.0,0.0,0.0,0.0,0.0,0.0,0.0,0.0,0.0,0.0,0.0,0.0,0.0,0.0,1.0,0.0,0.0,0.0,0.0,1.0,1.0,567.0,54.0,54.0,54.0,0.0,54.0,83076173.95059131,9.5,10.392304845413264,0.0,0.0,0.0,141.55,DDoS-TCP_Flood,1
0.0,54.0,6.0,64.0,38.133651631907966,38.133651631907966,0.0,0.0,0.0,0.0,0.0,0.0,0.0,0.0,0.0,0.0,0.0,0.0,0.0,0.0,0.0,0.0,0.0,0.0,0.0,0.0,1.0,0.0,0.0,0.0,0.0,1.0,1.0,567.0,54.0,54.0,54.0,0.0,54.0,82947256.841294,9.5,10.392304845413264,0.0,0.0,0.0,141.55,DoS-TCP_Flood,1
0.0,54.0,6.0,64.0,35.43339401798574,35.43339401798574,0.0,1.0,0.0,1.0,0.0,0.0,0.0,0.0,1.0,0.0,1.0,0.0,0.0,0.0,0.0,0.0,0.0,0.0,0.0,0.0,1.0,0.0,0.0,0.0,0.0,1.0,1.0,567.0,54.0,54.0,54.0,0.0,54.0,83344284.11354135,9.5,10.392304845413264,0.0,0.0,0.0,141.55,DDoS-RSTFINFlood,1
0.2215985941886901,207.48,6.0,69.17,5.064223307989515,5.064223307989515,0.0,0.0,1.0,0.0,0.0,0.0,0.0,0.0,0.02,1.02,0.18,0.1,0.27,0.0,0.0,0.0,0.0,0.0,0.0,0.0,1.0,0.0,0.0,0.0,0.0,1.0,1.0,572.72,54.12,56.68,54.73245482329848,0.9279974232207578,54.48,82985374.42906797,9.5,10.461215050268216,1.3132936169177356,4.058885056617514,0.22,141.55,DoS-SYN_Flood,1
0.0,54.0,6.0,64.0,3.063393927265372,3.063393927265372,0.0,0.0,1.0,0.0,0.0,0.0,0.0,0.0,0.0,1.0,0.0,0.0,0.0,0.0,0.0,0.0,0.0,0.0,0.0,0.0,1.0,0.0,0.0,0.0,0.0,1.0,1.0,567.0,54.0,54.0,54.0,0.0,54.0,83365456.39530207,9.5,10.392304845413264,0.0,0.0,0.0,141.55,DDoS-SynonymousIP_Flood,1
173.7574891090393,1139252.1,5.4,68.9,33.69513910486607,33.69513910486607,0.0,0.0,0.0,0.0,0.0,1.0,0.0,0.0,0.0,1.6,0.0,50.8,1167.6,1.0,0.0,0.0,0.0,0.0,0.0,0.0,1.0,0.0,0.0,0.0,0.0,1.0,1.0,10874.6,54.0,2490.0,694.6843065216517,844.6685608959384,872.5,166863012.87595516,13.5,36.87323896657981,1165.7965430934037,681216.715239993,1.0,244.6,Other_Attack,1
4.003135764598847,108.0,6.0,64.0,0.4996085557406948,0.4996085557406948,0.0,0.0,1.0,0.0,0.0,0.0,0.0,0.0,0.0,2.0,0.0,0.0,0.0,0.0,0.0,0.0,0.0,0.0,0.0,0.0,1.0,0.0,0.0,0.0,0.0,1.0,1.0,567.0,54.0,54.0,54.0,0.0,54.0,82972687.43123572,9.5,10.392304845413264,0.0,0.0,0.0,141.55,DoS-SYN_Flood,1
0.0,54.0,6.0,64.0,1.0103918602140427,1.0103918602140427,0.0,1.0,0.0,1.0,0.0,0.0,0.0,0.0,1.0,0.0,1.0,0.0,0.0,0.0,0.0,0.0,0.0,0.0,0.0,0.0,1.0,0.0,0.0,0.0,0.0,1.0,1.0,567.0,54.0,54.0,54.0,0.0,54.0,83349224.99929616,9.5,10.392304845413264,0.0,0.0,0.0,141.55,DDoS-RSTFINFlood,1
0.0,54.0,6.0,64.0,48.08630602640312,48.08630602640312,0.0,0.0,1.0,0.0,0.0,0.0,0.0,0.0,0.0,1.0,0.0,0.0,0.0,0.0,0.0,0.0,0.0,0.0,0.0,0.0,1.0,0.0,0.0,0.0,0.0,1.0,1.0,567.0,54.0,54.0,54.0,0.0,54.0,83088898.62757632,9.5,10.392304845413264,0.0,0.0,0.0,141.55,DDoS-SYN_Flood,1
50.984828686714174,322328.0,7.6,57.2,31.3473205999242,31.3473205999242,0.0,0.0,0.0,0.0,0.0,1.0,0.0,0.0,0.0,0.4,0.0,47.7,333.2,0.0,0.0,0.0,0.0,0.0,0.0,0.0,1.0,0.0,0.0,0.0,0.0,1.0,1.0,2069.3,50.0,1071.7,327.15833333333336,395.58887330727214,708.0,0.0054777145385742,5.5,24.723677036426047,559.4471497550362,222885.63732142857,0.9,38.5,BenignTraffic,0
0.4391361355781555,108.74,6.0,64.49,3.407995412483234,3.407995412483234,0.0,0.0,1.0,0.0,0.0,0.0,0.0,0.0,0.0,1.31,0.68,0.0,0.33,0.0,0.0,0.0,0.0,0.0,0.0,0.0,1.0,0.0,0.0,0.0,0.0,1.0,1.0,580.44,55.04,55.84,55.36159821258892,0.3543074632145033,55.28,82972549.1739274,9.5,10.521175478562444,0.5004250321680542,0.639712756232798,0.2,141.55,DoS-SYN_Flood,1
0.0,0.0,1.0,64.0,85.40805147732597,85.40805147732597,0.0,0.0,0.0,0.0,0.0,0.0,0.0,0.0,0.0,0.0,0.0,0.0,0.0,0.0,0.0,0.0,0.0,0.0,0.0,0.0,0.0,0.0,0.0,0.0,1.0,1.0,1.0,441.0,42.0,42.0,42.0,0.0,42.0,83149341.39879268,9.5,9.16515138991168,0.0,0.0,0.0,141.55,DDoS-ICMP_Flood,1
1.5241328191757202,137.16,6.0,64.0,1.6534225164309513,1.6534225164309513,0.0,0.0,1.0,0.0,0.0,0.0,0.0,0.0,0.0,2.54,0.0,0.0,0.0,0.0,0.0,0.0,0.0,0.0,0.0,0.0,1.0,0.0,0.0,0.0,0.0,1.0,1.0,567.0,54.0,54.0,54.0,0.0,54.0,83361903.84001678,9.5,10.392304845413264,0.0,0.0,0.0,141.55,DDoS-SynonymousIP_Flood,1
0.0,54.0,6.0,64.0,47.51029654969301,47.51029654969301,0.0,0.0,0.0,0.0,0.0,0.0,0.0,0.0,0.0,0.0,0.0,0.0,0.0,1.0,0.0,0.0,0.0,0.0,0.0,0.0,1.0,0.0,0.0,0.0,0.0,1.0,1.0,567.0,54.0,54.0,54.0,0.0,54.0,83037235.49472278,9.5,10.392304845413264,0.0,0.0,0.0,141.55,DDoS-TCP_Flood,1
0.1931115913391113,612805.53,6.0,75.94,3291.652694739847,3291.652694739847,0.0,0.0,0.0,0.0,0.0,0.0,0.0,0.0,0.0,0.0,0.0,96.3,669.84,0.0,0.0,0.0,0.0,0.0,0.0,0.0,1.0,0.0,0.0,0.0,0.0,1.0,1.0,4976.49,97.32,1808.84,524.0798425159721,622.651968312117,380.01,82955822.4054558,9.5,29.204347274528885,881.3260671074227,576483.8410678367,0.8,141.55,DoS-TCP_Flood,1
3.8371768951416017,4717.2,9.8,71.5,10.01870573071874,10.01870573071874,0.0,0.0,0.0,0.0,0.0,0.0,0.0,0.0,0.0,0.0,0.0,15.7,31.9,0.0,0.0,0.0,0.0,0.0,0.0,0.0,0.0,0.0,0.0,0.0,0.0,1.0,1.0,1562.8,99.6,590.4,242.35706349206347,193.4454035730245,521.6,0.0115591764450073,5.5,21.38068794209667,273.573113311708,92644.05423122951,0.8,38.5,BenignTraffic,0
0.0,0.0,1.0,64.0,27.28419628365962,27.28419628365962,0.0,0.0,0.0,0.0,0.0,0.0,0.0,0.0,0.0,0.0,0.0,0.0,0.0,0.0,0.0,0.0,0.0,0.0,0.0,0.0,0.0,0.0,0.0,0.0,1.0,1.0,1.0,441.0,42.0,42.0,42.0,0.0,42.0,83128573.8768929,9.5,9.16515138991168,0.0,0.0,0.0,141.55,DDoS-ICMP_Flood,1
0.7659981060028076,45640.5,17.0,64.0,1201.0371111415857,1201.0371111415857,0.0,0.0,0.0,0.0,0.0,0.0,0.0,0.0,0.0,0.0,0.0,0.0,0.0,0.0,0.0,0.0,0.0,0.0,0.0,0.0,0.0,1.0,0.0,0.0,0.0,1.0,1.0,525.0,50.0,50.0,50.0,0.0,50.0,83487406.78371471,9.5,10.0,0.0,0.0,0.0,141.55,DDoS-UDP_Flood,1
0.0013547801971435,56.22,6.0,63.84,35.14108830967448,35.14108830967448,0.0,1.0,0.0,1.0,0.0,0.0,0.0,0.0,0.99,0.0,0.99,0.02,0.03,0.0,0.0,0.0,0.0,0.0,0.0,0.0,1.0,0.0,0.0,0.0,0.0,1.0,1.0,569.16,54.0,56.16,54.13868695494392,0.52739922784502,54.24,83348229.57329431,9.5,10.405613697785263,0.7476716464521082,3.122454287085968,0.09,141.55,DDoS-RSTFINFlood,1
0.0,54.0,6.0,64.0,2.07420891590506,2.07420891590506,0.0,1.0,0.0,1.0,0.0,0.0,0.0,0.0,1.0,0.0,1.0,0.0,0.0,0.0,0.0,0.0,0.0,0.0,0.0,0.0,1.0,0.0,0.0,0.0,0.0,1.0,1.0,567.0,54.0,54.0,54.0,0.0,54.0,83343795.04283321,9.5,10.392304845413264,0.0,0.0,0.0,141.55,DDoS-RSTFINFlood,1
0.0,0.0,1.0,64.0,0.0,0.0,0.0,0.0,0.0,0.0,0.0,0.0,0.0,0.0,0.0,0.0,0.0,0.0,0.0,0.0,0.0,0.0,0.0,0.0,0.0,0.0,0.0,0.0,0.0,0.0,1.0,1.0,1.0,441.0,42.0,42.0,42.0,0.0,42.0,83149458.01086152,9.5,9.16515138991168,0.0,0.0,0.0,141.55,DDoS-ICMP_Flood,1
0.0,54.0,6.0,64.0,14.764620984377524,14.764620984377524,0.0,0.0,1.0,0.0,0.0,0.0,0.0,0.0,0.0,0.75,0.25,0.0,0.0,0.0,0.0,0.0,0.0,0.0,0.0,0.0,1.0,0.0,0.0,0.0,0.0,1.0,1.0,567.0,54.0,54.0,54.0,0.0,54.0,82977527.84907173,9.5,10.392304845413264,0.0,0.0,0.0,141.55,DoS-SYN_Flood,1
0.1262197470664978,32452.0,17.0,64.0,5206.727720162511,5206.727720162511,0.0,0.0,0.0,0.0,0.0,0.0,0.0,0.0,0.0,0.0,0.0,0.0,0.0,0.0,0.0,0.0,0.0,0.0,0.0,0.0,0.0,1.0,0.0,0.0,0.0,1.0,1.0,525.0,50.0,50.0,50.0,0.0,50.0,83015916.24926738,9.5,10.0,0.0,0.0,0.0,141.55,DoS-UDP_Flood,1
0.0,54.0,6.0,64.0,7.527456251338004,7.527456251338004,0.0,0.0,0.0,0.0,1.0,1.0,0.0,0.0,0.0,0.0,0.0,1.0,1.0,0.0,0.0,0.0,0.0,0.0,0.0,0.0,1.0,0.0,0.0,0.0,0.0,1.0,1.0,567.0,54.0,54.0,54.0,0.0,54.0,83318154.20167604,9.5,10.392304845413264,0.0,0.0,0.0,141.55,DDoS-PSHACK_Flood,1
0.0,54.0,6.0,64.0,2.510093807507593,2.510093807507593,0.0,0.0,1.0,0.0,0.0,0.0,0.0,0.0,0.0,1.0,0.0,0.0,0.0,0.0,0.0,0.0,0.0,0.0,0.0,0.0,1.0,0.0,0.0,0.0,0.0,1.0,1.0,567.0,54.0,54.0,54.0,0.0,54.0,83365450.4165616,9.5,10.392304845413264,0.0,0.0,0.0,141.55,DDoS-SynonymousIP_Flood,1
0.0,55.33,6.0,65.74,14.349459624970496,14.349459624970496,0.0,0.0,0.0,0.0,1.0,1.0,0.0,0.0,0.0,0.0,0.0,1.0,1.0,0.0,0.0,0.0,0.0,0.0,0.0,0.0,1.0,0.0,0.0,0.0,0.0,1.0,1.0,581.91,54.0,68.91,55.141461997969344,3.8801583097604055,55.33,83330960.97884722,9.5,10.499595959793034,5.497438974620394,83.69599972258634,0.27,141.55,DDoS-PSHACK_Flood,1
1.3986530113220217,626035.74,16.67,63.17,773.6130698708355,773.6130698708355,0.0,0.0,0.0,0.0,0.0,0.0,0.0,0.0,0.0,0.0,0.0,0.0,0.0,0.0,0.0,0.0,0.0,0.0,0.0,0.0,0.0,1.0,0.0,0.0,0.0,1.0,1.0,5728.26,466.56,557.64,546.1914826020213,24.75382996938647,539.5,83759284.88289535,9.5,33.05300225201725,34.51457693519976,3428.3885566539234,0.18,141.55,Other_Attack,1
0.0,54.0,6.0,64.0,25.69108858250473,25.69108858250473,0.0,0.0,1.0,0.0,0.0,0.0,0.0,0.0,0.0,1.0,0.0,0.0,0.0,0.0,0.0,0.0,0.0,0.0,0.0,0.0,1.0,0.0,0.0,0.0,0.0,1.0,1.0,567.0,54.0,54.0,54.0,0.0,54.0,83093265.52865195,9.5,10.392304845413264,0.0,0.0,0.0,141.55,DDoS-SYN_Flood,1
0.0,54.0,6.0,64.0,4.653992096490656,4.653992096490656,0.0,1.0,0.0,1.0,0.0,0.0,0.0,0.0,1.0,0.0,1.0,0.0,0.0,0.0,0.0,0.0,0.0,0.0,0.0,0.0,1.0,0.0,0.0,0.0,0.0,1.0,1.0,567.0,54.0,54.0,54.0,0.0,54.0,83345191.9333469,9.5,10.392304845413264,0.0,0.0,0.0,141.55,DDoS-RSTFINFlood,1
0.0780172085762024,17125.0,17.0,64.0,4387.138038960074,4387.138038960074,0.0,0.0,0.0,0.0,0.0,0.0,0.0,0.0,0.0,0.0,0.0,0.0,0.0,0.0,0.0,0.0,0.0,0.0,0.0,0.0,0.0,1.0,0.0,0.0,0.0,1.0,1.0,525.0,50.0,50.0,50.0,0.0,50.0,83015841.8052542,9.5,10.0,0.0,0.0,0.0,141.55,DoS-UDP_Flood,1
0.0,52.92,5.9,66.45,2.7934660011408816,2.7934660011408816,0.0,0.0,0.0,0.0,0.0,0.0,0.0,0.0,0.0,0.0,0.0,0.0,0.0,0.0,0.0,0.0,0.0,0.0,0.0,0.0,1.0,0.0,0.0,0.0,0.0,1.0,1.0,568.32,54.0,54.88,54.067157894736845,0.2302506264385518,54.88,83033826.78927292,9.5,10.396714800430376,0.2778947368421052,1.9306371191135736,0.02,141.55,DDoS-TCP_Flood,1
0.0,54.0,6.0,64.0,7.489495704952796,7.489495704952796,0.0,0.0,0.0,0.0,0.0,0.0,0.0,0.0,0.0,0.0,0.0,0.0,0.0,0.0,0.0,0.0,0.0,0.0,0.0,0.0,1.0,0.0,0.0,0.0,0.0,1.0,1.0,567.0,54.0,54.0,54.0,0.0,54.0,83033910.49373578,9.5,10.392304845413264,0.0,0.0,0.0,141.55,DDoS-TCP_Flood,1
0.1751057839393615,32825.5,17.0,64.0,4425.539440535022,4425.539440535022,0.0,0.0,0.0,0.0,0.0,0.0,0.0,0.0,0.0,0.0,0.0,0.0,0.0,0.0,0.0,0.0,0.0,0.0,0.0,0.0,0.0,1.0,0.0,0.0,0.0,1.0,1.0,525.0,50.0,50.0,50.0,0.0,50.0,83102354.1272555,9.5,10.0,0.0,0.0,0.0,141.55,DDoS-UDP_Flood,1
0.0,58.64,6.0,64.0,3.2045629750817586,3.2045629750817586,0.0,0.0,1.0,0.0,0.0,0.0,0.0,0.0,0.01,0.99,0.0,0.01,0.01,0.0,0.0,0.0,0.0,0.0,0.0,0.0,1.0,0.0,0.0,0.0,0.0,1.0,1.0,585.56,54.0,72.56,55.00692948056416,4.201971781668747,58.64,83361103.00457563,9.5,10.480911281918177,5.977604591550914,446.85858010668767,0.04,141.55,DDoS-SynonymousIP_Flood,1
0.0,54.0,6.0,64.0,0.0,0.0,0.0,0.0,1.0,0.0,0.0,0.0,0.0,0.0,0.0,1.0,0.0,0.0,0.0,0.0,0.0,0.0,0.0,0.0,0.0,0.0,1.0,0.0,0.0,0.0,0.0,1.0,1.0,567.0,54.0,54.0,54.0,0.0,54.0,83361293.37225011,9.5,10.392304845413264,0.0,0.0,0.0,141.55,DDoS-SynonymousIP_Flood,1
0.101158754825592,128.71,6.1,69.88,19.146627851262807,19.146627851262807,0.0,0.0,0.0,0.0,0.0,0.0,0.0,0.0,0.04,0.05,0.0,0.15,0.22,0.0,0.0,0.0,0.0,0.0,0.0,0.0,1.0,0.0,0.0,0.0,0.0,1.0,1.0,867.05,54.0,190.99,82.27073027557239,37.208477634983545,74.4,82946990.0177791,9.5,12.22235701562552,52.67167712905312,8206.605652427448,0.19,141.55,DoS-TCP_Flood,1
0.0,54.0,6.0,64.0,3.812202303737972,3.812202303737972,0.0,0.0,1.0,0.0,0.0,0.0,0.0,0.0,0.0,1.0,0.0,0.0,0.0,0.0,0.0,0.0,0.0,0.0,0.0,0.0,1.0,0.0,0.0,0.0,0.0,1.0,1.0,567.0,54.0,54.0,54.0,0.0,54.0,83089165.57382657,9.5,10.392304845413264,0.0,0.0,0.0,141.55,DDoS-SYN_Flood,1
1.8868731665611267,93.96,6.0,64.0,0.784418510223668,0.784418510223668,0.0,0.0,1.0,0.0,0.0,0.0,0.0,0.0,0.0,1.74,0.0,0.0,0.0,0.0,0.0,0.0,0.0,0.0,0.0,0.0,1.0,0.0,0.0,0.0,0.0,1.0,1.0,567.0,54.0,54.0,54.0,0.0,54.0,83361038.82933754,9.5,10.392304845413264,0.0,0.0,0.0,141.55,DDoS-SynonymousIP_Flood,1
0.1034462356567382,23773.5,17.0,64.0,6440.798353588083,6440.798353588083,0.0,0.0,0.0,0.0,0.0,0.0,0.0,0.0,0.0,0.0,0.0,0.0,0.0,0.0,0.0,0.0,0.0,0.0,0.0,0.0,0.0,1.0,0.0,0.0,0.0,1.0,1.0,525.0,50.0,50.0,50.0,0.0,50.0,83098706.88756205,9.5,10.0,0.0,0.0,0.0,141.55,DDoS-UDP_Flood,1
0.0,54.0,6.0,64.0,2.1327214212271564,2.1327214212271564,0.0,0.0,0.0,0.0,0.0,0.0,0.0,0.0,0.0,0.0,0.0,0.0,0.0,0.0,0.0,0.0,0.0,0.0,0.0,0.0,1.0,0.0,0.0,0.0,0.0,1.0,1.0,567.0,54.0,54.0,54.0,0.0,54.0,83076522.19780776,9.5,10.392304845413264,0.0,0.0,0.0,141.55,DDoS-TCP_Flood,1
0.1061193490028381,90.33,6.0,64.0,2.772781886334505,2.772781886334505,0.0,0.0,1.0,0.0,0.0,0.0,0.0,0.0,0.03,1.02,0.01,0.04,0.12,0.0,0.0,0.0,0.0,0.0,0.0,0.0,1.0,0.0,0.0,0.0,0.0,1.0,1.0,569.04,54.0,56.04,54.21172875885724,0.5982699562368136,54.12,82985904.13111542,9.5,10.412560580236502,0.8469897388947513,2.2056705890687685,0.17,141.55,DoS-SYN_Flood,1
0.0,54.0,6.0,64.0,20.60040372686061,20.60040372686061,0.0,0.0,0.0,0.0,1.0,1.0,0.0,0.0,0.0,0.0,0.0,1.0,1.0,0.0,0.0,0.0,0.0,0.0,0.0,0.0,1.0,0.0,0.0,0.0,0.0,1.0,1.0,567.0,54.0,54.0,54.0,0.0,54.0,83314076.50711024,9.5,10.392304845413264,0.0,0.0,0.0,141.55,DDoS-PSHACK_Flood,1
67.28672094345093,959111.3,5.4,91.2,24.92125194095508,24.92125194095508,0.0,0.0,0.0,0.0,0.0,1.0,0.0,0.0,0.0,0.6,0.0,224.6,1221.3,0.0,1.0,0.0,0.0,0.0,0.0,0.0,1.0,0.0,0.0,0.0,0.0,1.0,1.0,1334.7,63.6,545.8,178.3572619047619,191.17779120071697,513.5,0.0374757051467895,5.5,17.51858501006423,270.3662251405857,101426.00445280613,0.9,38.5,BenignTraffic,0
15.202612233161926,1048532.5,4.8,51.2,51.94103401200088,51.94103401200088,0.0,0.0,0.0,0.0,0.0,1.0,0.0,0.0,0.0,0.0,0.0,33.7,985.2,0.0,1.0,0.0,0.0,0.0,0.0,0.0,1.0,0.0,0.0,0.0,0.0,1.0,1.0,7060.9,60.0,1995.7,989.8285714285714,729.8180901538593,1706.1,0.0059579133987426,5.5,41.15957636394237,1032.118641160818,687110.3014240364,0.8,38.5,BenignTraffic,0
0.0,54.0,6.0,64.0,0.377296136885423,0.377296136885423,0.0,0.0,0.0,0.0,1.0,1.0,0.0,0.0,0.0,0.0,0.0,1.0,1.0,0.0,0.0,0.0,0.0,0.0,0.0,0.0,1.0,0.0,0.0,0.0,0.0,1.0,1.0,567.0,54.0,54.0,54.0,0.0,54.0,83331738.31761369,9.5,10.392304845413264,0.0,0.0,0.0,141.55,DDoS-PSHACK_Flood,1
0.0,54.0,6.0,64.0,50.78910547299528,50.78910547299528,0.0,0.0,1.0,0.0,0.0,0.0,0.0,0.0,0.0,1.0,0.0,0.0,0.0,0.0,0.0,0.0,0.0,0.0,0.0,0.0,1.0,0.0,0.0,0.0,0.0,1.0,1.0,567.0,54.0,54.0,54.0,0.0,54.0,83093451.00973806,9.5,10.392304845413264,0.0,0.0,0.0,141.55,DDoS-SYN_Flood,1
0.0,0.0,1.0,64.0,1.1940351534454554,1.1940351534454554,0.0,0.0,0.0,0.0,0.0,0.0,0.0,0.0,0.0,0.0,0.0,0.0,0.0,0.0,0.0,0.0,0.0,0.0,0.0,0.0,0.0,0.0,0.0,0.0,1.0,1.0,1.0,441.0,42.0,42.0,42.0,0.0,42.0,83128099.9388011,9.5,9.16515138991168,0.0,0.0,0.0,141.55,DDoS-ICMP_Flood,1
0.0,744.16,6.11,65.91,4.852789712183553,4.852789712183553,0.0,0.0,0.0,0.0,0.0,0.0,0.0,0.0,0.0,0.0,0.0,0.0,0.49,0.0,0.0,0.0,0.0,0.0,0.0,0.0,0.0,0.0,0.0,0.0,0.0,1.0,1.0,9941.64,392.24,1491.2,960.0428054118224,534.5429283817713,931.16,83340421.29836911,9.5,43.68303618898823,755.9524129013655,303289.89730176656,0.95,141.55,Other_Attack,1
4.135745062828064,670.06,5.94,68.59,1.703193622882508,1.703193622882508,0.0,0.0,1.0,0.0,0.0,0.0,0.0,0.0,0.06,2.46,0.44,0.75,2.22,0.0,0.0,0.0,0.0,0.0,0.0,0.0,1.0,0.0,0.0,0.0,0.0,1.0,1.0,646.43,54.0,95.04,58.54653338646219,10.919800999769953,87.76,82972547.67196071,9.5,10.70758715400122,13.93058481337147,2060.9552531974714,0.25,141.55,DoS-SYN_Flood,1
50.56934595108032,1903858.4,6.5,159.6,36.63103983567103,36.63103983567103,0.0,0.0,0.0,0.0,0.0,1.0,0.0,0.0,0.0,0.0,0.0,82.6,1765.2,0.0,0.0,0.0,0.0,0.0,0.0,0.0,1.0,0.0,0.0,0.0,0.0,1.0,1.0,1335.4,46.0,213.8,85.75160873955767,47.85027923935472,92.8,166521683.1611079,13.5,13.101828390229548,67.81853502234476,2327.389005940654,1.0,244.6,BenignTraffic,0
0.0,55.76,6.11,65.91,0.0,0.0,0.0,0.0,1.0,0.0,0.0,0.0,0.0,0.0,0.0,0.99,0.0,0.0,0.0,0.0,0.0,0.0,0.0,0.0,0.0,0.0,1.0,0.0,0.0,0.0,0.0,1.0,1.0,568.76,54.0,55.76,54.088,0.3835831070315793,55.76,82972714.51811063,9.5,10.392304845413264,0.0,0.0,0.0,141.55,DoS-SYN_Flood,1
0.0,54.0,6.0,64.0,23.670034069060254,23.670034069060254,0.0,0.0,0.0,0.0,0.0,0.0,0.0,0.0,0.0,0.0,0.0,0.0,0.0,0.0,0.0,0.0,0.0,0.0,0.0,0.0,1.0,0.0,0.0,0.0,0.0,1.0,1.0,567.0,54.0,54.0,54.0,0.0,54.0,83072376.0624139,9.5,10.392304845413264,0.0,0.0,0.0,141.55,DDoS-TCP_Flood,1
0.0665068793296814,30086.82,15.93,77.15,9139.171762688704,9139.171762688704,0.0,0.0,0.0,0.0,0.0,0.0,0.0,0.0,0.0,0.0,0.0,0.0,0.02,0.0,0.0,0.0,0.0,0.0,0.0,0.0,0.0,1.0,0.0,0.0,0.0,1.0,1.0,538.72,50.0,52.6,50.94575676954624,1.2056202329232657,51.36,83015501.48401749,9.5,10.091497036440767,1.7065113529856015,11.298499163449469,0.13,141.55,DoS-UDP_Flood,1
0.0,54.0,6.0,64.0,30.816627984720977,30.816627984720977,0.0,0.0,0.0,0.0,0.0,0.0,0.0,0.0,0.0,0.0,0.0,0.0,0.0,0.0,0.0,0.0,0.0,0.0,0.0,0.0,1.0,0.0,0.0,0.0,0.0,1.0,1.0,567.0,54.0,54.0,54.0,0.0,54.0,83075976.4489147,9.5,10.392304845413264,0.0,0.0,0.0,141.55,DDoS-TCP_Flood,1
0.0,54.0,6.0,64.0,30.805248410824383,30.805248410824383,0.0,0.0,1.0,0.0,0.0,0.0,0.0,0.0,0.0,1.0,0.0,0.0,0.0,0.0,0.0,0.0,0.0,0.0,0.0,0.0,1.0,0.0,0.0,0.0,0.0,1.0,1.0,567.0,54.0,54.0,54.0,0.0,54.0,82985552.70168719,9.5,10.392304845413264,0.0,0.0,0.0,141.55,DoS-SYN_Flood,1
0.2029250526428222,22343.5,17.0,64.0,2344.765053035567,2344.765053035567,0.0,0.0,0.0,0.0,0.0,0.0,0.0,0.0,0.0,0.0,0.0,0.0,0.0,0.0,0.0,0.0,0.0,0.0,0.0,0.0,0.0,1.0,0.0,0.0,0.0,1.0,1.0,525.0,50.0,50.0,50.0,0.0,50.0,83102206.2004033,9.5,10.0,0.0,0.0,0.0,141.55,DDoS-UDP_Flood,1
0.1072630500793457,41375.0,17.0,64.0,7712.7239122733135,7712.7239122733135,0.0,0.0,0.0,0.0,0.0,0.0,0.0,0.0,0.0,0.0,0.0,0.0,0.0,0.0,0.0,0.0,0.0,0.0,0.0,0.0,0.0,1.0,0.0,0.0,0.0,1.0,1.0,525.0,50.0,50.0,50.0,0.0,50.0,83011841.25426306,9.5,10.0,0.0,0.0,0.0,141.55,DoS-UDP_Flood,1
0.0,54.0,6.0,64.0,64.96049065312003,64.96049065312003,0.0,0.0,1.0,0.0,0.0,0.0,0.0,0.0,0.0,1.0,0.0,0.0,0.0,0.0,0.0,0.0,0.0,0.0,0.0,0.0,1.0,0.0,0.0,0.0,0.0,1.0,1.0,567.0,54.0,54.0,54.0,0.0,54.0,83093408.54290861,9.5,10.392304845413264,0.0,0.0,0.0,141.55,DDoS-SYN_Flood,1
0.0,0.0,47.0,64.0,8.872593795388367,8.872593795388367,0.0,0.0,0.0,0.0,0.0,0.0,0.0,0.0,0.0,0.0,0.0,0.0,0.0,0.0,0.0,0.0,0.0,0.0,0.0,0.0,0.0,0.0,0.0,0.0,0.0,1.0,1.0,6069.0,578.0,578.0,578.0,0.0,578.0,83647077.17604657,9.5,34.0,0.0,0.0,0.0,141.55,Other_Attack,1
0.0,54.0,6.0,64.0,3.583591093533364,3.583591093533364,0.0,0.0,1.0,0.0,0.0,0.0,0.0,0.0,0.0,1.0,0.0,0.0,0.0,0.0,0.0,0.0,0.0,0.0,0.0,0.0,1.0,0.0,0.0,0.0,0.0,1.0,1.0,567.0,54.0,54.0,54.0,0.0,54.0,83093216.16951665,9.5,10.392304845413264,0.0,0.0,0.0,141.55,DDoS-SYN_Flood,1
0.0002269911766052,8.18,1.85,64.64,28.88384052670265,28.88384052670265,0.0,0.0,0.0,0.0,0.0,0.0,0.0,0.0,0.0,0.01,0.0,0.0,0.0,0.0,0.0,0.0,0.0,0.0,0.0,0.0,0.0,0.0,0.0,0.0,1.0,1.0,1.0,9784.96,376.64,1502.48,960.8878872603146,548.109512766035,900.6,83248761.55186108,9.5,43.71987517869479,774.9893136139432,316305.95227155497,0.95,141.55,Other_Attack,1
0.0,0.0,1.0,64.0,11.039109144767924,11.039109144767924,0.0,0.0,0.0,0.0,0.0,0.0,0.0,0.0,0.0,0.0,0.0,0.0,0.0,0.0,0.0,0.0,0.0,0.0,0.0,0.0,0.0,0.0,0.0,0.0,1.0,1.0,1.0,441.0,42.0,42.0,42.0,0.0,42.0,83132283.63515969,9.5,9.16515138991168,0.0,0.0,0.0,141.55,DDoS-ICMP_Flood,1
0.0447200155258178,14651.98,16.68,67.82,7427.66574489674,7427.66574489674,0.0,0.0,0.0,0.0,0.0,0.0,0.0,0.0,0.0,0.0,0.0,0.0,0.0,0.0,0.0,0.0,0.0,0.0,0.0,0.0,0.0,1.0,0.0,0.0,0.0,1.0,1.0,532.76,50.0,54.76,50.480975160847066,1.219301878984692,50.97,83101928.70799534,9.5,10.047038595019178,1.7285949764270716,17.374051566335606,0.09,141.55,DDoS-UDP_Flood,1
6.475498213768005,108.0,6.0,64.0,0.3088568540245851,0.3088568540245851,0.0,0.0,1.0,0.0,0.0,0.0,0.0,0.0,0.0,2.0,0.0,0.0,0.0,0.0,0.0,0.0,0.0,0.0,0.0,0.0,1.0,0.0,0.0,0.0,0.0,1.0,1.0,567.0,54.0,54.0,54.0,0.0,54.0,83090082.06570758,9.5,10.392304845413264,0.0,0.0,0.0,141.55,DDoS-SYN_Flood,1
0.0140874814987182,7575.0,17.0,64.0,10666.74043880999,10666.74043880999,0.0,0.0,0.0,0.0,0.0,0.0,0.0,0.0,0.0,0.0,0.0,0.0,0.0,0.0,0.0,0.0,0.0,0.0,0.0,0.0,0.0,1.0,0.0,0.0,0.0,1.0,1.0,525.0,50.0,50.0,50.0,0.0,50.0,83011469.43861553,9.5,10.0,0.0,0.0,0.0,141.55,DoS-UDP_Flood,1
0.0,54.0,6.0,64.0,6.017497396050029,6.017497396050029,0.0,0.0,1.0,0.0,0.0,0.0,0.0,0.0,0.0,1.0,0.0,0.0,0.0,0.0,0.0,0.0,0.0,0.0,0.0,0.0,1.0,0.0,0.0,0.0,0.0,1.0,1.0,567.0,54.0,54.0,54.0,0.0,54.0,82973148.4671369,9.5,10.392304845413264,0.0,0.0,0.0,141.55,DoS-SYN_Flood,1
0.0531795144081115,3576.35,6.11,64.48,76.37114670459258,76.37114670459258,0.0,0.0,0.0,0.0,0.0,0.0,0.0,0.0,0.03,0.46,0.59,1.24,2.77,1.0,0.0,0.0,0.0,0.0,0.0,0.0,1.0,0.0,0.0,0.0,0.0,1.0,1.0,8130.24,156.73,1569.25,806.7380513178344,535.7903969780355,657.67,83002634.43147995,9.5,34.59876767939005,751.9081954478579,538184.3989132929,0.63,141.55,Other_Attack,1
0.0829628491401672,70.8,6.0,64.0,5.42810398436764,5.42810398436764,0.0,0.0,1.0,0.0,0.0,0.0,0.0,0.0,0.0,1.15,0.15,0.0,0.15,0.0,0.0,0.0,0.0,0.0,0.0,0.0,1.0,0.0,0.0,0.0,0.0,1.0,1.0,567.0,54.0,54.0,54.0,0.0,54.0,82972416.42430308,9.5,10.392304845413264,0.0,0.0,0.0,141.55,DoS-SYN_Flood,1
4.280509066581726,108.0,6.0,64.0,0.4672341494850288,0.4672341494850288,0.0,0.0,0.0,0.0,0.0,0.0,0.0,0.0,0.0,0.0,0.0,0.0,0.0,0.0,0.0,0.0,0.0,0.0,0.0,0.0,1.0,0.0,0.0,0.0,0.0,1.0,1.0,567.0,54.0,54.0,54.0,0.0,54.0,82947329.5438513,9.5,10.392304845413264,0.0,0.0,0.0,141.55,DoS-TCP_Flood,1
0.0,54.0,6.0,64.0,1.6043446512907076,1.6043446512907076,0.0,0.0,0.0,0.0,1.0,1.0,0.0,0.0,0.0,0.0,0.0,1.0,1.0,0.0,0.0,0.0,0.0,0.0,0.0,0.0,1.0,0.0,0.0,0.0,0.0,1.0,1.0,567.0,54.0,54.0,54.0,0.0,54.0,83318164.06266384,9.5,10.392304845413264,0.0,0.0,0.0,141.55,DDoS-PSHACK_Flood,1
0.0081901001930236,21.19,1.51,65.13,21.36749251106332,21.36749251106332,0.0,0.0,0.0,0.0,0.0,0.0,0.0,0.0,0.01,0.07,0.0,0.03,0.12,0.0,0.0,0.0,0.0,0.0,0.0,0.0,0.0,0.0,0.0,0.0,1.0,1.0,1.0,8859.28,266.84,1467.92,821.2852398528975,551.3240544321139,874.17,83253885.97722715,9.5,40.24624877195488,779.6920108762788,320433.07650570443,0.95,141.55,Other_Attack,1
0.0,54.0,6.0,64.0,1.008177932190406,1.008177932190406,0.0,0.0,0.0,0.0,0.0,0.0,0.0,0.0,0.0,0.0,0.0,0.0,0.0,0.0,0.0,0.0,0.0,0.0,0.0,0.0,1.0,0.0,0.0,0.0,0.0,1.0,1.0,567.0,54.0,54.0,54.0,0.0,54.0,83067245.09314488,9.5,10.392304845413264,0.0,0.0,0.0,141.55,DDoS-TCP_Flood,1
0.0,54.0,6.0,64.0,2.880561840541485,2.880561840541485,0.0,0.0,1.0,0.0,0.0,0.0,0.0,0.0,0.0,1.0,0.0,0.0,0.0,0.0,0.0,0.0,0.0,0.0,0.0,0.0,1.0,0.0,0.0,0.0,0.0,1.0,1.0,567.0,54.0,54.0,54.0,0.0,54.0,82980976.33335361,9.5,10.392304845413264,0.0,0.0,0.0,141.55,DoS-SYN_Flood,1
4.2683487582206725,108.0,6.0,64.0,0.4685655979222839,0.4685655979222839,0.0,0.0,0.0,0.0,0.0,0.0,0.0,0.0,0.0,0.0,0.0,0.0,0.0,0.0,0.0,0.0,0.0,0.0,0.0,0.0,1.0,0.0,0.0,0.0,0.0,1.0,1.0,567.0,54.0,54.0,54.0,0.0,54.0,82947331.00313172,9.5,10.392304845413264,0.0,0.0,0.0,141.55,DoS-TCP_Flood,1
51.439021944999695,2971665.8,6.0,68.2,56.46784633641087,56.46784633641087,0.0,0.0,0.0,0.0,0.0,1.0,0.0,0.0,0.0,0.2,0.0,160.4,2840.3,0.0,1.0,0.0,0.0,0.0,0.0,0.0,1.0,0.0,0.0,0.0,0.0,1.0,1.0,27155.0,54.0,4434.0,1749.7110251349957,1685.2075878680516,1951.9,166521725.7600116,13.5,59.29246309089267,2382.722066832305,2852158.6322097904,1.0,244.6,BenignTraffic,0
11.996811461448669,465044.6,6.0,147.1,212.57825719278327,212.57825719278327,0.0,0.0,0.0,0.0,0.0,1.0,0.0,0.0,0.0,1.8,0.0,88.8,487.0,0.0,1.0,0.0,0.0,0.0,0.0,0.0,1.0,0.0,0.0,0.0,0.0,1.0,1.0,6235.8,66.0,2962.0,368.7316698712364,763.1616534321181,1079.6,166521031.6668988,13.5,25.982186765939208,1081.0227051989295,727812.0460525354,1.0,244.6,BenignTraffic,0
5.766203861236573,108.0,6.0,64.0,0.3468490852274531,0.3468490852274531,0.0,0.0,1.0,0.0,0.0,0.0,0.0,0.0,0.0,2.0,0.0,0.0,0.0,0.0,0.0,0.0,0.0,0.0,0.0,0.0,1.0,0.0,0.0,0.0,0.0,1.0,1.0,567.0,54.0,54.0,54.0,0.0,54.0,82985251.49051578,9.5,10.392304845413264,0.0,0.0,0.0,141.55,DoS-SYN_Flood,1
0.0,54.0,6.0,64.0,24.932110397137247,24.932110397137247,0.0,0.0,0.0,0.0,1.0,1.0,0.0,0.0,0.0,0.0,0.0,1.0,1.0,0.0,0.0,0.0,0.0,0.0,0.0,0.0,1.0,0.0,0.0,0.0,0.0,1.0,1.0,567.0,54.0,54.0,54.0,0.0,54.0,83314579.68987575,9.5,10.392304845413264,0.0,0.0,0.0,141.55,DDoS-PSHACK_Flood,1
1.1159627914428711,707452.6,6.0,215.2,480.72701539195486,480.72701539195486,0.0,0.0,0.0,0.0,0.0,1.0,0.0,0.0,0.0,0.2,0.0,9.3,570.8,0.0,1.0,0.0,0.0,0.0,0.0,0.0,1.0,0.0,0.0,0.0,0.0,1.0,1.0,352.2,55.2,66.0,63.68523809523808,4.166413103346633,64.8,0.0016690969467163,5.5,11.284951543668154,5.892197917201782,19.86048752834467,0.9,38.5,BenignTraffic,0
0.0,53.46,5.94,63.36,30.425381455520693,30.425381455520693,0.0,0.0,1.0,0.0,0.0,0.0,0.0,0.0,0.0,0.99,0.0,0.0,0.0,0.0,0.0,0.0,0.0,0.0,0.0,0.0,1.0,0.0,0.0,0.0,0.0,1.0,1.0,568.08,54.0,55.08,54.12586437942862,0.3274192493658687,54.06,83090139.86162241,9.5,10.40437644929932,0.4634948694473756,0.6314176472671922,0.18,141.55,DDoS-SYN_Flood,1
0.0194685935974121,78.4,6.0,54.2,37.1312292899236,37.1312292899236,0.0,0.0,1.0,0.0,0.0,0.0,0.0,0.0,0.0,0.7,0.7,0.0,0.7,0.0,0.0,0.0,0.0,0.0,0.0,0.0,1.0,0.0,0.0,0.0,0.0,1.0,1.0,312.2,54.8,58.0,56.97857142857142,1.4737913645368876,56.8,0.0008058071136474,5.5,10.67494141385668,2.0842557358364164,2.725503401360544,0.8,38.5,Other_Attack,1
0.0,54.0,6.0,64.0,0.9012707340096744,0.9012707340096744,0.0,0.0,0.0,0.0,1.0,1.0,0.0,0.0,0.0,0.0,0.0,1.0,1.0,0.0,0.0,0.0,0.0,0.0,0.0,0.0,1.0,0.0,0.0,0.0,0.0,1.0,1.0,567.0,54.0,54.0,54.0,0.0,54.0,83330816.1512637,9.5,10.392304845413264,0.0,0.0,0.0,141.55,DDoS-PSHACK_Flood,1
0.0,54.0,6.0,64.0,8.456748249016446,8.456748249016446,0.0,0.0,1.0,0.0,0.0,0.0,0.0,0.0,0.0,1.0,0.0,0.0,0.0,1.0,0.0,0.0,0.0,0.0,0.0,0.0,1.0,0.0,0.0,0.0,0.0,1.0,1.0,567.0,54.0,54.0,54.0,0.0,54.0,83094381.1069699,9.5,10.392304845413264,0.0,0.0,0.0,141.55,DDoS-SYN_Flood,1
0.0495399069786071,11620.0,17.0,64.0,12960.842484042472,12960.842484042472,0.0,0.0,0.0,0.0,0.0,0.0,0.0,0.0,0.0,0.0,0.0,0.0,0.0,0.0,0.0,0.0,0.0,0.0,0.0,0.0,0.0,1.0,0.0,0.0,0.0,1.0,1.0,525.0,50.0,50.0,50.0,0.0,50.0,83123515.59470467,9.5,10.0,0.0,0.0,0.0,141.55,DDoS-UDP_Flood,1
0.0315972709655761,32274.94,17.0,64.64,20422.59351765676,20422.59351765676,0.0,0.0,0.0,0.0,0.0,0.0,0.0,0.0,0.0,0.0,0.0,0.0,0.0,0.0,0.0,0.0,0.0,0.0,0.0,0.0,0.0,1.0,0.0,0.0,0.0,1.0,1.0,531.16,50.0,56.16,50.50500544914322,1.6631525990190883,50.44,83015392.08348353,9.5,10.049642097355273,2.355383222184592,20.237526808591223,0.14,141.55,DoS-UDP_Flood,1
0.0,54.0,6.0,64.0,13.407991529985818,13.407991529985818,0.0,0.0,0.0,0.0,0.0,0.0,0.0,0.0,0.0,0.0,0.0,0.0,0.0,0.0,0.0,0.0,0.0,0.0,0.0,0.0,1.0,0.0,0.0,0.0,0.0,1.0,1.0,567.0,54.0,54.0,54.0,0.0,54.0,83072313.97380514,9.5,10.392304845413264,0.0,0.0,0.0,141.55,DDoS-TCP_Flood,1
4.992404937744141,212994.5,17.0,55.7,81.31313152355482,81.31313152355482,0.0,0.0,0.0,0.0,0.0,0.0,0.0,0.0,0.0,0.0,0.0,0.0,0.0,0.0,0.0,0.0,0.0,0.0,0.0,0.0,0.0,1.0,0.0,0.0,0.0,1.0,1.0,2560.3,46.0,651.7,438.1582142857144,270.8323109480092,375.7,0.0053038835525512,5.5,28.80260271545965,383.0147272715218,82229.82318239796,0.9,38.5,Other_Attack,1
0.0774932241439819,33753.0,17.0,64.0,28896.221183862075,28896.221183862075,0.0,0.0,0.0,0.0,0.0,0.0,0.0,0.0,0.0,0.0,0.0,0.0,0.0,0.0,0.0,0.0,0.0,0.0,0.0,0.0,0.0,1.0,0.0,0.0,0.0,1.0,1.0,525.0,50.0,50.0,50.0,0.0,50.0,83098365.01689216,9.5,10.0,0.0,0.0,0.0,141.55,DDoS-UDP_Flood,1
0.0153516101837158,20325.0,17.0,64.0,26516.60789362743,26516.60789362743,0.0,0.0,0.0,0.0,0.0,0.0,0.0,0.0,0.0,0.0,0.0,0.0,0.0,0.0,0.0,0.0,0.0,0.0,0.0,0.0,0.0,1.0,0.0,0.0,0.0,1.0,1.0,525.0,50.0,50.0,50.0,0.0,50.0,83016673.85279639,9.5,10.0,0.0,0.0,0.0,141.55,DoS-UDP_Flood,1
2.3176476883888246,133.92,6.0,64.0,1.0503405428183863,1.0503405428183863,0.0,0.0,1.0,0.0,0.0,0.0,0.0,0.0,0.0,2.48,0.0,0.0,0.0,0.0,0.0,0.0,0.0,0.0,0.0,0.0,1.0,0.0,0.0,0.0,0.0,1.0,1.0,567.0,54.0,54.0,54.0,0.0,54.0,83365336.10501331,9.5,10.392304845413264,0.0,0.0,0.0,141.55,DDoS-SynonymousIP_Flood,1
0.0827633190155029,59.94,6.0,64.0,2.658008786941379,2.658008786941379,0.0,0.0,1.0,0.0,0.0,0.0,0.0,0.0,0.0,1.11,0.0,0.0,0.0,0.0,0.0,0.0,0.0,0.0,0.0,0.0,1.0,0.0,0.0,0.0,0.0,1.0,1.0,567.0,54.0,54.0,54.0,0.0,54.0,83361872.92198052,9.5,10.392304845413264,0.0,0.0,0.0,141.55,DDoS-SynonymousIP_Flood,1
0.0,0.0,47.0,64.0,5.448334420871734,5.448334420871734,0.0,0.0,0.0,0.0,0.0,0.0,0.0,0.0,0.0,0.0,0.0,0.0,0.0,0.0,0.0,0.0,0.0,0.0,0.0,0.0,0.0,0.0,0.0,0.0,0.0,1.0,1.0,6069.0,578.0,578.0,578.0,0.0,578.0,83651186.98836967,9.5,34.0,0.0,0.0,0.0,141.55,Other_Attack,1
11.216045558452606,120.42,6.0,64.0,0.3511980549848262,0.3511980549848262,0.0,0.0,1.0,0.0,0.0,0.0,0.0,0.0,0.0,2.23,0.0,0.0,0.0,0.0,0.0,0.0,0.0,0.0,0.0,0.0,1.0,0.0,0.0,0.0,0.0,1.0,1.0,567.0,54.0,54.0,54.0,0.0,54.0,83362098.14577417,9.5,10.392304845413264,0.0,0.0,0.0,141.55,DDoS-SynonymousIP_Flood,1
0.1415898561477661,33770.15,16.89,63.86,22249.960915030577,22249.960915030577,0.0,0.0,0.0,0.0,0.0,0.0,0.0,0.0,0.01,0.02,0.0,0.02,0.07,0.0,0.0,0.0,0.0,0.0,0.0,0.0,0.0,1.0,0.0,0.0,0.0,1.0,1.0,528.04,50.0,53.04,50.415638345143,0.9531179983089832,50.16,83097822.04033236,9.5,10.040880581392084,1.3491234035161823,5.130081047233366,0.19,141.55,DDoS-UDP_Flood,1
0.0,52.92,5.88,62.72,24.83335504268849,24.83335504268849,0.0,0.0,0.0,0.0,1.0,1.0,0.0,0.0,0.0,0.0,0.0,0.98,0.98,0.0,0.0,0.0,0.0,0.0,0.0,0.0,1.0,0.0,0.0,0.0,0.0,1.0,1.0,567.54,54.0,54.54,54.03267173873598,0.1283433798401,54.12,83314575.9697128,9.5,10.395170176338633,0.1634658328139099,0.1676533929428729,0.08,141.55,DDoS-PSHACK_Flood,1
3.8393846559524536,108.0,6.0,64.0,0.5209190416668081,0.5209190416668081,0.0,0.0,0.0,0.0,0.0,0.0,0.0,0.0,0.0,0.0,0.0,0.0,0.0,0.0,0.0,0.0,0.0,0.0,0.0,0.0,1.0,0.0,0.0,0.0,0.0,1.0,1.0,567.0,54.0,54.0,54.0,0.0,54.0,82946727.87749608,9.5,10.392304845413264,0.0,0.0,0.0,141.55,DoS-TCP_Flood,1
0.0,54.0,6.0,64.0,1.6860711931556258,1.6860711931556258,0.0,0.0,0.0,0.0,1.0,1.0,0.0,0.0,0.0,0.0,0.0,1.0,1.0,0.0,0.0,0.0,0.0,0.0,0.0,0.0,1.0,0.0,0.0,0.0,0.0,1.0,1.0,567.0,54.0,54.0,54.0,0.0,54.0,83314321.44316363,9.5,10.392304845413264,0.0,0.0,0.0,141.55,DDoS-PSHACK_Flood,1
0.0,54.0,6.0,64.0,20.67758808536652,20.67758808536652,0.0,0.0,1.0,0.0,0.0,0.0,0.0,0.0,0.0,1.0,0.0,0.0,0.0,1.0,0.0,0.0,0.0,0.0,0.0,0.0,1.0,0.0,0.0,0.0,0.0,1.0,1.0,567.0,54.0,54.0,54.0,0.0,54.0,83090045.56264395,9.5,10.392304845413264,0.0,0.0,0.0,141.55,DDoS-SYN_Flood,1
13.364679169654844,475412.6,6.0,181.2,139.1689945370402,139.1689945370402,0.0,0.0,0.0,0.0,0.0,1.0,0.0,0.0,0.0,1.7,0.0,62.0,497.7,0.0,1.0,0.0,0.0,0.0,0.0,0.0,1.0,0.0,0.0,0.0,0.0,1.0,1.0,1416.8,66.0,230.0,91.73627456564762,55.61703692654485,77.8,166521369.4322038,13.5,13.552313012875183,78.80640306691126,3112.768357891364,1.0,244.6,BenignTraffic,0
28.99032490253449,290286.9,9.8,57.9,19.41845040583416,19.41845040583416,0.0,0.0,0.0,0.0,0.0,0.0,0.0,0.0,0.3,0.4,0.0,265.1,567.7,0.0,0.0,0.0,0.0,0.0,0.0,0.0,0.0,0.0,0.0,0.0,0.0,1.0,1.0,432.0,54.9,147.3,73.80873015873017,28.11651329444432,118.6,0.0058503866195678,5.5,12.090823544261436,39.76275442764658,2424.8048172083645,0.9,38.5,BenignTraffic,0
0.0,54.0,6.0,64.0,1.730208513378443,1.730208513378443,0.0,1.0,0.0,1.0,0.0,0.0,0.0,0.0,1.0,0.0,1.0,0.0,0.0,0.0,0.0,0.0,0.0,0.0,0.0,0.0,1.0,0.0,0.0,0.0,0.0,1.0,1.0,567.0,54.0,54.0,54.0,0.0,54.0,83349384.89522763,9.5,10.392304845413264,0.0,0.0,0.0,141.55,DDoS-RSTFINFlood,1
0.0233730268478393,13775.0,17.0,64.0,36114.6390951315,36114.6390951315,0.0,0.0,0.0,0.0,0.0,0.0,0.0,0.0,0.0,0.0,0.0,0.0,0.0,0.0,0.0,0.0,0.0,0.0,0.0,0.0,0.0,1.0,0.0,0.0,0.0,1.0,1.0,525.0,50.0,50.0,50.0,0.0,50.0,83028642.7958547,9.5,10.0,0.0,0.0,0.0,141.55,DoS-UDP_Flood,1
0.0,54.0,6.0,64.0,24.24803584332996,24.24803584332996,0.0,0.0,1.0,0.0,0.0,0.0,0.0,0.0,0.0,1.0,0.0,0.0,0.0,0.0,1.0,0.0,0.0,0.0,0.0,0.0,1.0,0.0,0.0,0.0,0.0,1.0,1.0,567.0,54.0,54.0,54.0,0.0,54.0,83093992.15761599,9.5,10.392304845413264,0.0,0.0,0.0,141.55,DDoS-SYN_Flood,1
0.1607243180274963,18268.21,16.73,64.0,4614.411573100571,4614.411573100571,0.0,0.0,0.0,0.0,0.0,0.0,0.0,0.0,0.0,0.02,0.0,0.04,0.13,0.0,0.0,0.0,0.0,0.0,0.0,0.0,0.0,1.0,0.0,0.0,0.0,1.0,1.0,527.06,50.0,51.78,50.10373684210526,0.3919149898101048,51.78,83102816.58225913,9.5,10.002925965239594,0.1768421052631578,0.7818282548476454,0.02,141.55,DDoS-UDP_Flood,1
0.0,54.0,6.0,64.0,4.194465906383988,4.194465906383988,0.0,0.0,0.0,0.0,1.0,1.0,0.0,0.0,0.0,0.0,0.0,1.0,1.0,0.0,0.0,0.0,0.0,0.0,0.0,0.0,1.0,0.0,0.0,0.0,0.0,1.0,1.0,567.0,54.0,54.0,54.0,0.0,54.0,83331260.91310892,9.5,10.392304845413264,0.0,0.0,0.0,141.55,DDoS-PSHACK_Flood,1
0.0546052074432373,29836.84,16.57,67.67,12084.43073492212,12084.43073492212,0.0,0.0,0.0,0.0,0.0,0.0,0.0,0.0,0.02,0.02,0.0,0.02,0.09,0.0,0.0,0.0,0.0,0.0,0.0,0.0,0.0,1.0,0.0,0.0,0.0,1.0,1.0,528.16,50.0,53.16,50.19042697618859,0.7500218739427262,50.56,83028507.04799695,9.5,10.0182353849146,1.01440330359684,3.441607285647013,0.15,141.55,DoS-UDP_Flood,1
54.23626189231872,3794049.8,6.0,64.0,68.45051020162772,68.45051020162772,0.0,0.0,0.0,0.0,0.0,1.0,0.0,0.0,0.0,2.0,0.0,155.0,3711.5,0.0,1.0,0.0,0.0,0.0,0.0,0.0,1.0,0.0,0.0,0.0,0.0,1.0,1.0,8471.8,1514.0,1658.8,1528.48,43.440000000000005,1658.8,0.0015295028686523,5.5,55.28440048134795,61.43343714948725,18870.336000000003,0.1,38.5,BenignTraffic,0
1.1333386516571045,654551.0,17.0,64.0,1042.4490725123492,1042.4490725123492,0.0,0.0,0.0,0.0,0.0,0.0,0.0,0.0,0.0,0.0,0.0,0.0,0.0,0.0,0.0,0.0,0.0,0.0,0.0,0.0,0.0,1.0,0.0,0.0,0.0,1.0,1.0,5817.0,554.0,554.0,554.0,0.0,554.0,83789239.42258318,9.5,33.28663395418648,0.0,0.0,0.0,141.55,Other_Attack,1
0.0,55.76,6.11,64.0,23.28190542850889,23.28190542850889,0.0,1.0,0.0,1.0,0.0,0.0,0.0,0.0,0.99,0.0,0.99,0.0,0.0,0.0,0.0,0.0,0.0,0.0,0.0,0.0,1.0,0.0,0.0,0.0,0.0,1.0,1.0,577.56,54.0,64.56,54.60927210182319,2.458900666924851,55.76,83344008.31059016,9.5,10.448799956219124,3.490731713116313,101.7163315280992,0.06,141.55,DDoS-RSTFINFlood,1
5.201027431488037,108.0,6.0,64.0,0.3845394107261278,0.3845394107261278,0.0,0.0,1.0,0.0,0.0,0.0,0.0,0.0,0.0,2.0,0.0,0.0,0.0,0.0,0.0,0.0,0.0,0.0,0.0,0.0,1.0,0.0,0.0,0.0,0.0,1.0,1.0,567.0,54.0,54.0,54.0,0.0,54.0,82972999.6380193,9.5,10.392304845413264,0.0,0.0,0.0,141.55,DoS-SYN_Flood,1
0.0228549909591674,10885.0,17.0,64.0,8547.147872204607,8547.147872204607,0.0,0.0,0.0,0.0,0.0,0.0,0.0,0.0,0.0,0.0,0.0,0.0,0.0,0.0,0.0,0.0,0.0,0.0,0.0,0.0,0.0,1.0,0.0,0.0,0.0,1.0,1.0,525.0,50.0,50.0,50.0,0.0,50.0,83098787.84004647,9.5,10.0,0.0,0.0,0.0,141.55,DDoS-UDP_Flood,1
0.0105713725090026,56.65,6.0,64.59,179.17952539301317,179.17952539301317,0.0,0.0,0.0,0.0,0.0,0.0,0.0,0.0,0.0,0.02,0.0,0.01,0.03,0.0,0.0,0.0,0.0,0.0,0.0,0.0,1.0,0.0,0.0,0.0,0.0,1.0,1.0,570.88,54.0,57.4,54.37892254443184,1.0217903614914996,54.32,83067421.42259324,9.5,10.428407732465994,1.4466562703789103,6.367725985254506,0.17,141.55,DDoS-TCP_Flood,1
0.0,54.0,6.0,64.0,29.422149891972275,29.422149891972275,0.0,0.0,1.0,0.0,0.0,0.0,0.0,0.0,0.0,1.0,0.0,0.0,0.0,0.0,0.0,0.0,0.0,0.0,0.0,0.0,1.0,0.0,0.0,0.0,0.0,1.0,1.0,567.0,54.0,54.0,54.0,0.0,54.0,83089074.53151488,9.5,10.392304845413264,0.0,0.0,0.0,141.55,DDoS-SYN_Flood,1
0.0812864446640014,45025.0,17.0,64.0,11075.97094085032,11075.97094085032,0.0,0.0,0.0,0.0,0.0,0.0,0.0,0.0,0.0,0.0,0.0,0.0,0.0,0.0,0.0,0.0,0.0,0.0,0.0,0.0,0.0,1.0,0.0,0.0,0.0,1.0,1.0,525.0,50.0,50.0,50.0,0.0,50.0,83097844.00758585,9.5,10.0,0.0,0.0,0.0,141.55,DDoS-UDP_Flood,1
1.835769386291504,84.78,6.0,64.0,0.6210146700505491,0.6210146700505491,0.0,0.0,1.0,0.0,0.0,0.0,0.0,0.0,0.0,1.57,0.0,0.0,0.0,0.0,0.0,0.0,0.0,0.0,0.0,0.0,1.0,0.0,0.0,0.0,0.0,1.0,1.0,567.0,54.0,54.0,54.0,0.0,54.0,83365608.27302448,9.5,10.392304845413264,0.0,0.0,0.0,141.55,DDoS-SynonymousIP_Flood,1
0.0504739308357238,35825.0,17.0,64.0,71825.8435190575,71825.8435190575,0.0,0.0,0.0,0.0,0.0,0.0,0.0,0.0,0.0,0.0,0.0,0.0,0.0,0.0,0.0,0.0,0.0,0.0,0.0,0.0,0.0,1.0,0.0,0.0,0.0,1.0,1.0,525.0,50.0,50.0,50.0,0.0,50.0,83012154.32722199,9.5,10.0,0.0,0.0,0.0,141.55,DoS-UDP_Flood,1
0.0,54.0,6.0,64.0,3.9810289970460833,3.9810289970460833,0.0,1.0,0.0,1.0,0.0,0.0,0.0,0.0,1.0,0.0,1.0,0.0,0.0,0.0,0.0,0.0,0.0,0.0,0.0,0.0,1.0,0.0,0.0,0.0,0.0,1.0,1.0,567.0,54.0,54.0,54.0,0.0,54.0,83343790.73072189,9.5,10.392304845413264,0.0,0.0,0.0,141.55,DDoS-RSTFINFlood,1
0.0306946206092834,78.3,6.0,64.0,29.428600625567785,29.428600625567785,0.0,0.0,0.0,0.0,1.0,1.0,0.0,0.0,0.0,0.0,0.45,1.0,1.0,0.0,0.0,0.0,0.0,0.0,0.0,0.0,1.0,0.0,0.0,0.0,0.0,1.0,1.0,567.0,54.0,54.0,54.0,0.0,54.0,83313997.05046214,9.5,10.392304845413264,0.0,0.0,0.0,141.55,DDoS-PSHACK_Flood,1
0.0,56.37,6.22,66.55,5.740561573462299,5.740561573462299,0.0,0.0,0.0,0.0,1.0,1.0,0.0,0.0,0.0,0.0,0.0,0.98,0.98,0.0,0.0,0.0,0.0,0.0,0.0,0.0,1.0,0.0,0.0,0.0,0.0,1.0,1.0,580.96,54.61,67.96,56.28262119085765,4.017345475584577,56.37,83331192.06387728,9.5,10.584263091571056,5.143532975905446,74.56652959670062,0.19,141.55,DDoS-PSHACK_Flood,1
15.640844011306765,41176.6,6.0,97.0,23.49760680198358,23.49760680198358,0.0,0.0,0.0,0.0,0.0,1.0,0.0,0.0,0.0,1.6,0.0,136.9,281.9,0.0,1.0,0.0,0.0,0.0,0.0,0.0,1.0,0.0,0.0,0.0,0.0,1.0,1.0,12799.0,66.0,3164.6,845.5464530017628,1296.7081775439117,687.4,166521833.50357133,13.5,41.09381963858839,1837.3123741856064,1691767.6874698438,1.0,244.6,BenignTraffic,0
0.0,54.0,6.0,64.0,8.979453015252616,8.979453015252616,0.0,1.0,0.0,1.0,0.0,0.0,0.0,0.0,1.0,0.0,1.0,0.0,0.0,0.0,0.0,0.0,0.0,0.0,0.0,0.0,1.0,0.0,0.0,0.0,0.0,1.0,1.0,567.0,54.0,54.0,54.0,0.0,54.0,83344233.13550156,9.5,10.392304845413264,0.0,0.0,0.0,141.55,DDoS-RSTFINFlood,1
0.5546521401405334,100.64,6.0,64.0,3.2840983729733217,3.2840983729733217,0.0,0.0,1.0,0.0,0.0,0.0,0.0,0.0,0.0,1.86,0.0,0.0,0.0,0.0,0.0,0.0,0.0,0.0,0.0,0.0,1.0,0.0,0.0,0.0,0.0,1.0,1.0,569.0,54.0,56.0,54.133754280635095,0.4969953139951236,54.2,83361805.60614124,9.5,10.4051439352683,0.704371268194931,2.498949545095283,0.1,141.55,DDoS-SynonymousIP_Flood,1
54.43544332981109,1850.0,12.6,84.6,2.8176651357193228,2.8176651357193228,0.0,0.0,0.0,0.0,0.0,0.0,0.0,0.0,0.0,0.0,0.0,8.4,16.3,0.0,0.0,0.0,0.0,0.0,0.0,0.0,0.0,1.0,0.0,0.0,0.0,1.0,1.0,459.6,54.0,132.3,77.06329365079365,24.479988116071528,86.6,0.0091590166091918,5.5,12.364052638271367,34.61993120048054,956.3449827884858,0.9,38.5,BenignTraffic,0
0.0,54.0,6.0,64.0,5.923104080347282,5.923104080347282,0.0,1.0,0.0,1.0,0.0,0.0,0.0,0.0,1.0,0.0,1.0,0.0,0.0,0.0,0.0,0.0,0.0,0.0,0.0,0.0,1.0,0.0,0.0,0.0,0.0,1.0,1.0,567.0,54.0,54.0,54.0,0.0,54.0,83348606.22031364,9.5,10.392304845413264,0.0,0.0,0.0,141.55,DDoS-RSTFINFlood,1
0.0,0.0,1.0,65.91,0.4002931643825411,0.4002931643825411,0.0,0.0,0.0,0.0,0.0,0.0,0.0,0.0,0.0,0.0,0.0,0.0,0.0,0.0,0.0,0.0,0.0,0.0,0.0,0.0,0.0,0.0,0.0,0.0,1.0,1.0,1.0,441.0,42.0,42.0,42.0,0.0,42.0,83128090.76433893,9.5,9.16515138991168,0.0,0.0,0.0,141.55,DDoS-ICMP_Flood,1
0.0589479994773864,27475.0,17.0,64.0,9315.762974392805,9315.762974392805,0.0,0.0,0.0,0.0,0.0,0.0,0.0,0.0,0.0,0.0,0.0,0.0,0.0,0.0,0.0,0.0,0.0,0.0,0.0,0.0,0.0,1.0,0.0,0.0,0.0,1.0,1.0,525.0,50.0,50.0,50.0,0.0,50.0,83103104.95682567,9.5,10.0,0.0,0.0,0.0,141.55,DDoS-UDP_Flood,1
24.625514817237853,9297.3,9.3,88.3,3.884174217976548,3.884174217976548,0.0,0.0,0.0,0.0,0.0,1.0,0.0,0.0,0.0,0.0,0.0,27.5,56.0,0.0,0.0,0.0,0.0,0.0,0.0,0.0,1.0,0.0,0.0,0.0,0.0,1.0,1.0,1785.9,66.0,266.4,114.56724768695356,63.71952260818176,124.8,166518184.1011314,13.5,15.148571922051914,90.25414562526888,4192.522362458698,1.0,244.6,BenignTraffic,0
0.1058901357650756,115.02,5.94,63.36,15.13549666750498,15.13549666750498,0.0,0.0,1.0,0.0,0.0,0.0,0.0,0.0,0.0,2.13,0.0,0.0,0.0,0.0,0.0,0.0,0.0,0.0,0.0,0.0,1.0,0.0,0.0,0.0,0.0,1.0,1.0,567.42,54.0,54.42,54.025056354120586,0.0992785217088422,54.06,83361337.87620077,9.5,10.394727005678016,0.1408551582651421,0.1420912627653582,0.07,141.55,DDoS-SynonymousIP_Flood,1
0.0,54.0,6.0,64.0,1.773784369127462,1.773784369127462,0.0,0.0,0.0,0.0,1.0,1.0,0.0,0.0,0.0,0.0,0.0,1.0,1.0,0.0,0.0,0.0,0.0,0.0,0.0,0.0,1.0,0.0,0.0,0.0,0.0,1.0,1.0,567.0,54.0,54.0,54.0,0.0,54.0,83314688.90224762,9.5,10.392304845413264,0.0,0.0,0.0,141.55,DDoS-PSHACK_Flood,1
0.0,0.0,1.0,64.0,0.7610260260564478,0.7610260260564478,0.0,0.0,0.0,0.0,0.0,0.0,0.0,0.0,0.0,0.0,0.0,0.0,0.0,0.0,0.0,0.0,0.0,0.0,0.0,0.0,0.0,0.0,0.0,0.0,1.0,1.0,1.0,441.0,42.0,42.0,42.0,0.0,42.0,83129043.89314194,9.5,9.16515138991168,0.0,0.0,0.0,141.55,DDoS-ICMP_Flood,1
4.86630467414856,108.0,6.0,64.0,0.4109894756735044,0.4109894756735044,0.0,0.0,0.0,0.0,0.0,0.0,0.0,0.0,0.0,0.0,0.0,0.0,0.0,0.0,0.0,0.0,0.0,0.0,0.0,0.0,1.0,0.0,0.0,0.0,0.0,1.0,1.0,567.0,54.0,54.0,54.0,0.0,54.0,82950680.84281772,9.5,10.392304845413264,0.0,0.0,0.0,141.55,DoS-TCP_Flood,1
0.0402122950553894,16538.31,16.89,63.86,8660.963728684726,8660.963728684726,0.0,0.0,0.0,0.0,0.0,0.0,0.0,0.0,0.0,0.02,0.0,0.01,0.03,0.0,0.0,0.0,0.0,0.0,0.0,0.0,0.0,1.0,0.0,0.0,0.0,1.0,1.0,525.24,50.0,50.24,50.012,0.052306787322488,50.24,83028625.90439492,9.5,10.0,0.0,0.0,0.0,141.55,DoS-UDP_Flood,1
0.0,0.0,47.0,64.0,30.715913043796668,30.715913043796668,0.0,0.0,0.0,0.0,0.0,0.0,0.0,0.0,0.0,0.0,0.0,0.0,0.0,0.0,0.0,0.0,0.0,0.0,0.0,0.0,0.0,0.0,0.0,0.0,0.0,1.0,1.0,6216.0,592.0,592.0,592.0,0.0,592.0,83693852.62651806,9.5,34.409301068170514,0.0,0.0,0.0,141.55,Other_Attack,1
14.415175461769104,1147736.4,6.0,197.6,73.5682768478895,73.5682768478895,0.0,0.0,0.0,0.0,0.0,1.0,0.0,0.0,0.0,0.0,0.0,34.0,1060.5,0.0,1.0,0.0,0.0,0.0,0.0,0.0,1.0,0.0,0.0,0.0,0.0,1.0,1.0,10145.4,66.0,1514.0,669.1296477103908,707.6237150497885,355.6,166519506.14801252,13.5,36.36715639104217,999.19080401422,499371.4547987223,1.0,244.6,BenignTraffic,0
0.0,81.0,6.0,64.0,21.00726736663556,21.00726736663556,0.0,0.0,0.0,0.0,0.0,0.0,0.0,0.0,0.0,0.0,0.0,0.0,0.0,0.0,0.0,0.0,0.0,0.0,0.0,0.0,1.0,0.0,0.0,0.0,0.0,1.0,1.0,567.0,54.0,54.0,54.0,0.0,54.0,82925798.95341164,9.5,10.392304845413264,0.0,0.0,0.0,141.55,DoS-TCP_Flood,1
0.0306398963928222,21397.0,17.0,64.0,13870.557479558567,13870.557479558567,0.0,0.0,0.0,0.0,0.0,0.0,0.0,0.0,0.0,0.0,0.0,0.0,0.0,0.0,0.0,0.0,0.0,0.0,0.0,0.0,0.0,1.0,0.0,0.0,0.0,1.0,1.0,525.0,50.0,50.0,50.0,0.0,50.0,83106685.36353818,9.5,10.0,0.0,0.0,0.0,141.55,DDoS-UDP_Flood,1
0.0121397495269775,5075.0,17.0,64.0,8210.727959015981,8210.727959015981,0.0,0.0,0.0,0.0,0.0,0.0,0.0,0.0,0.0,0.0,0.0,0.0,0.0,0.0,0.0,0.0,0.0,0.0,0.0,0.0,0.0,1.0,0.0,0.0,0.0,1.0,1.0,525.0,50.0,50.0,50.0,0.0,50.0,83103046.52564217,9.5,10.0,0.0,0.0,0.0,141.55,DDoS-UDP_Flood,1
1.984243876934052,106.68,6.05,62.73,1.0243830754451302,1.0243830754451302,0.0,0.0,1.0,0.0,0.0,0.0,0.0,0.0,0.0,1.96,0.0,0.0,0.0,0.0,0.0,0.0,0.0,0.0,0.0,0.0,1.0,0.0,0.0,0.0,0.0,1.0,1.0,572.7,54.0,58.8,54.533186276571726,1.3645578581647866,54.36,83362567.57943322,9.5,10.442810835423977,1.9320133721244088,12.046098851691138,0.16,141.55,DDoS-SynonymousIP_Flood,1
0.6126273369789124,79965.97,16.29,62.76,3447.246127387583,3447.246127387583,0.0,0.0,0.0,0.0,0.0,0.0,0.0,0.0,0.0,0.05,0.0,0.04,0.09,0.0,0.0,0.0,0.0,0.0,0.0,0.0,0.0,1.0,0.0,0.0,0.0,1.0,1.0,964.06,50.0,152.26,80.18552476810255,43.18471609456925,97.33,83015827.85063425,9.5,11.808148081958802,61.12672782988746,13475.480795593345,0.31,141.55,DoS-UDP_Flood,1
0.1853620862960815,33076.5,17.0,64.0,3742.035128936111,3742.035128936111,0.0,0.0,0.0,0.0,0.0,0.0,0.0,0.0,0.0,0.0,0.0,0.0,0.0,0.0,0.0,0.0,0.0,0.0,0.0,0.0,0.0,1.0,0.0,0.0,0.0,1.0,1.0,525.0,50.0,50.0,50.0,0.0,50.0,83016518.62422316,9.5,10.0,0.0,0.0,0.0,141.55,DoS-UDP_Flood,1
0.0645246171951293,89.02,6.0,63.95,26.98016168793612,26.98016168793612,0.0,0.0,1.0,0.0,0.0,0.0,0.0,0.0,0.0,1.63,0.0,0.0,0.03,0.0,0.0,0.0,0.0,0.0,0.0,0.0,1.0,0.0,0.0,0.0,0.0,1.0,1.0,570.6,54.0,57.6,54.41954793142873,1.0913974978862289,54.2,83365400.53512853,9.5,10.43213281831292,1.5449828981579186,7.015751636302136,0.18,141.55,DDoS-SynonymousIP_Flood,1
0.1739250349998474,78.07,6.11,64.64,4.165982592643777,4.165982592643777,0.0,0.0,1.0,0.0,0.0,0.0,0.0,0.0,0.0,1.34,0.0,0.0,0.0,0.0,0.0,0.0,0.0,0.0,0.0,0.0,1.0,0.0,0.0,0.0,0.0,1.0,1.0,583.11,54.0,70.11,55.03437353895674,3.9335192410107735,55.79,83365311.44019172,9.5,10.487349458968236,5.576384363121973,173.6919406467387,0.09,141.55,DDoS-SynonymousIP_Flood,1
0.0,54.0,6.0,64.0,1.0902587734256075,1.0902587734256075,0.0,0.0,1.0,0.0,0.0,0.0,0.0,0.0,0.0,1.0,0.0,0.0,0.0,1.0,0.0,0.0,0.0,0.0,0.0,0.0,1.0,0.0,0.0,0.0,0.0,1.0,1.0,567.0,54.0,54.0,54.0,0.0,54.0,83094401.83939691,9.5,10.392304845413264,0.0,0.0,0.0,141.55,DDoS-SYN_Flood,1
0.1180202198028564,19320.79,15.93,77.82,10327.791214660769,10327.791214660769,0.0,0.0,0.0,0.0,0.0,0.0,0.0,0.0,0.0,0.0,0.0,0.08,0.16,0.0,0.0,0.0,0.0,0.0,0.0,0.0,0.0,1.0,0.0,0.0,0.0,1.0,1.0,644.08,50.0,160.08,57.862254763855,27.16559907133025,67.45,83015476.11151071,9.5,10.655245949286488,38.53936785035451,5566.866370321852,0.25,141.55,DoS-UDP_Flood,1
0.0,54.0,6.0,64.0,50.54017676935034,50.54017676935034,0.0,1.0,0.0,1.0,0.0,0.0,0.0,0.0,1.0,0.0,1.0,0.0,0.0,0.0,0.0,0.0,0.0,0.0,0.0,0.0,1.0,0.0,0.0,0.0,0.0,1.0,1.0,567.0,54.0,54.0,54.0,0.0,54.0,83349163.72048618,9.5,10.392304845413264,0.0,0.0,0.0,141.55,DDoS-RSTFINFlood,1
4.852272915840149,106.92,5.94,63.36,0.4080611405079901,0.4080611405079901,0.0,0.0,0.0,0.0,0.0,0.0,0.0,0.0,0.0,0.0,0.0,0.0,0.0,0.0,0.0,0.0,0.0,0.0,0.0,0.0,1.0,0.0,0.0,0.0,0.0,1.0,1.0,567.66,54.0,54.66,54.046126284190535,0.167098594198537,54.06,82946986.21709557,9.5,10.396749493459662,0.236767224581195,0.2573054590585755,0.11,141.55,DoS-TCP_Flood,1
0.0,53.46,5.94,63.36,0.9928817072161296,0.9928817072161296,0.0,1.0,0.0,1.0,0.0,0.0,0.0,0.0,0.99,0.0,0.99,0.0,0.0,0.0,0.0,0.0,0.0,0.0,0.0,0.0,1.0,0.0,0.0,0.0,0.0,1.0,1.0,568.02,54.0,55.02,54.105864379428624,0.2991349781184068,54.06,83344462.5204019,9.5,10.402469445310864,0.4234948694473756,0.5514176472671922,0.17,141.55,DDoS-RSTFINFlood,1
4.392152225971222,108.0,6.0,64.0,0.4553576509235992,0.4553576509235992,0.0,0.0,1.0,0.0,0.0,0.0,0.0,0.0,0.0,2.0,0.0,0.0,0.0,0.0,0.0,0.0,0.0,0.0,0.0,0.0,1.0,0.0,0.0,0.0,0.0,1.0,1.0,567.0,54.0,54.0,54.0,0.0,54.0,82980880.34188797,9.5,10.392304845413264,0.0,0.0,0.0,141.55,DoS-SYN_Flood,1
0.0991963291168212,6.9,46.7,64.0,0.3058613889446702,0.3058613889446702,0.0,0.0,0.0,0.0,0.0,0.0,0.0,0.0,0.0,0.0,0.0,0.0,0.0,0.0,0.0,0.0,0.0,0.0,0.0,0.0,0.0,0.0,0.0,0.0,0.0,1.0,1.0,6016.8,525.8,578.0,573.4258659931401,14.45094452828267,574.52,83586764.67917973,9.5,33.86307682750592,20.46306107290308,1434.1325654068348,0.15,141.55,Other_Attack,1
0.0,54.0,6.0,64.0,1.4044623775181757,1.4044623775181757,0.0,0.0,1.0,0.0,0.0,0.0,0.0,0.0,0.0,1.0,0.0,0.0,0.0,0.0,0.0,0.0,0.0,0.0,0.0,0.0,1.0,0.0,0.0,0.0,0.0,1.0,1.0,567.0,54.0,54.0,54.0,0.0,54.0,83362336.0015246,9.5,10.392304845413264,0.0,0.0,0.0,141.55,DDoS-SynonymousIP_Flood,1
0.0,54.0,6.0,64.0,2.8358349615791263,2.8358349615791263,0.0,0.0,1.0,0.0,0.0,0.0,0.0,0.0,0.0,1.0,0.0,0.0,0.0,0.0,0.0,0.0,0.0,0.0,0.0,0.0,1.0,0.0,0.0,0.0,0.0,1.0,1.0,567.0,54.0,54.0,54.0,0.0,54.0,82972976.2256107,9.5,10.392304845413264,0.0,0.0,0.0,141.55,DoS-SYN_Flood,1
0.0238867902755737,18958.5,16.84,64.0,15861.730463705271,15861.730463705271,0.0,0.0,0.0,0.0,0.0,0.0,0.0,0.0,0.0,0.0,0.0,0.0,0.0,0.0,0.0,0.0,0.0,0.0,0.0,0.0,0.0,1.0,0.0,0.0,0.0,1.0,1.0,531.72,50.0,56.72,50.55091503542897,1.814348289839005,50.48,83123878.96248117,9.5,10.054062726429564,2.569508969655919,24.084329425100307,0.14,141.55,DDoS-UDP_Flood,1
5.0046528840065,108.0,6.0,64.0,0.3996282105137716,0.3996282105137716,0.0,0.0,0.0,0.0,0.0,0.0,0.0,0.0,0.0,0.0,0.0,0.0,0.0,0.0,0.0,0.0,0.0,0.0,0.0,0.0,1.0,0.0,0.0,0.0,0.0,1.0,1.0,567.0,54.0,54.0,54.0,0.0,54.0,82946720.35145687,9.5,10.392304845413264,0.0,0.0,0.0,141.55,DoS-TCP_Flood,1
4.106730604171753,424645.1,6.0,153.9,66.55826546820416,66.55826546820416,0.0,0.0,0.0,0.0,0.0,1.0,0.0,0.0,0.0,2.0,0.0,19.2,410.0,0.0,1.0,0.0,0.0,0.0,0.0,0.0,1.0,0.0,0.0,0.0,0.0,1.0,1.0,14298.3,66.0,2499.6,906.4201693890044,807.7133397441327,1257.7,166525280.0204276,13.5,42.61383004586419,1141.5795508346753,655858.0628628094,1.0,244.6,BenignTraffic,0
0.174199321269989,34557.58,16.89,65.91,4190.361296861283,4190.361296861283,0.0,0.0,0.0,0.0,0.0,0.0,0.0,0.0,0.0,0.01,0.0,0.0,0.0,0.0,0.0,0.0,0.0,0.0,0.0,0.0,0.0,1.0,0.0,0.0,0.0,1.0,1.0,525.88,50.0,50.88,50.06150171225403,0.2227981255980494,50.08,83106504.20559871,9.5,10.006153201510276,0.3156896327749267,0.4574319272152452,0.11,141.55,DDoS-UDP_Flood,1
35.1272290468216,375025.2,7.1,130.7,55.51508088509289,55.51508088509289,0.0,0.0,0.0,0.0,0.0,1.0,0.0,0.0,0.0,1.2,0.0,93.8,477.9,0.0,1.0,0.0,0.0,0.0,0.0,0.0,1.0,0.0,0.0,0.0,0.0,1.0,1.0,10579.9,54.0,4120.4,681.9292447671008,1142.7466967022742,950.1,166524569.46543428,13.5,36.81259057250852,1619.2138009049256,1354005.2571323605,1.0,244.6,BenignTraffic,0
0.0,54.0,6.0,64.0,8.207412944425908,8.207412944425908,0.0,0.0,1.0,0.0,0.0,0.0,0.0,0.0,0.0,1.0,0.0,0.0,0.0,0.0,0.0,0.0,0.0,0.0,0.0,0.0,1.0,0.0,0.0,0.0,0.0,1.0,1.0,567.0,54.0,54.0,54.0,0.0,54.0,82977259.19702168,9.5,10.392304845413264,0.0,0.0,0.0,141.55,DoS-SYN_Flood,1
0.0,54.0,6.0,64.59,28.48977118815607,28.48977118815607,0.0,0.0,0.0,0.0,0.0,0.0,0.0,0.0,0.0,0.0,0.0,0.0,0.01,0.0,0.0,0.0,0.0,0.0,0.0,0.0,1.0,0.0,0.0,0.0,0.0,1.0,1.0,567.0,54.0,54.0,54.0,0.0,54.0,83033543.9926067,9.5,10.392304845413264,0.0,0.0,0.0,141.55,DDoS-TCP_Flood,1
0.0,54.0,6.0,64.0,1.7682390849372518,1.7682390849372518,0.0,1.0,0.0,1.0,0.0,0.0,0.0,0.0,1.0,0.0,1.0,0.0,0.0,0.0,0.0,0.0,0.0,0.0,0.0,0.0,1.0,0.0,0.0,0.0,0.0,1.0,1.0,567.0,54.0,54.0,54.0,0.0,54.0,83348624.42315082,9.5,10.392304845413264,0.0,0.0,0.0,141.55,DDoS-RSTFINFlood,1
5.862129776477814,139.86,6.0,64.0,0.4350462415546526,0.4350462415546526,0.0,0.0,0.0,0.0,0.0,0.0,0.0,0.0,0.0,0.0,0.59,0.0,0.59,1.0,0.0,0.0,0.0,0.0,0.0,0.0,1.0,0.0,0.0,0.0,0.0,1.0,1.0,567.0,54.0,54.0,54.0,0.0,54.0,82925081.87743868,9.5,10.392304845413264,0.0,0.0,0.0,141.55,DoS-TCP_Flood,1
0.0015055775642395,56.16,6.0,64.0,57.08136394328178,57.08136394328178,0.0,0.0,0.0,0.0,1.0,1.0,0.0,0.0,0.0,0.0,0.04,1.0,1.0,1.0,0.0,0.0,0.0,0.0,0.0,0.0,1.0,0.0,0.0,0.0,0.0,1.0,1.0,567.0,54.0,54.0,54.0,0.0,54.0,83314866.48946127,9.5,10.392304845413264,0.0,0.0,0.0,141.55,DDoS-PSHACK_Flood,1
0.0,54.0,6.0,64.0,1.3065024467889594,1.3065024467889594,0.0,0.0,1.0,0.0,0.0,0.0,0.0,0.0,0.0,1.0,0.0,0.0,0.0,0.0,0.0,0.0,0.0,0.0,0.0,0.0,1.0,0.0,0.0,0.0,0.0,1.0,1.0,567.0,54.0,54.0,54.0,0.0,54.0,83089119.27866642,9.5,10.392304845413264,0.0,0.0,0.0,141.55,DDoS-SYN_Flood,1
0.0,0.0,44.7,69.73,2.161139003619156,2.161139003619156,0.0,0.0,0.0,0.0,0.0,0.0,0.0,0.0,0.0,0.0,0.0,0.0,0.0,0.0,0.0,0.0,0.0,0.0,0.0,0.0,0.0,0.0,0.0,0.0,0.0,1.0,1.0,6023.28,522.8,592.0,577.0163742209802,28.111909992351865,577.14,83677105.37308607,9.5,33.949143151097566,39.806966496214265,5701.636165964129,0.16,141.55,Other_Attack,1
0.0,54.0,6.0,64.0,1.868070180189345,1.868070180189345,0.0,1.0,0.0,1.0,0.0,0.0,0.0,0.0,1.0,0.0,1.0,0.0,0.0,0.0,1.0,0.0,0.0,0.0,0.0,0.0,1.0,0.0,0.0,0.0,0.0,1.0,1.0,567.0,54.0,54.0,54.0,0.0,54.0,83340923.03572409,9.5,10.392304845413264,0.0,0.0,0.0,141.55,DDoS-RSTFINFlood,1
0.0073680830001831,78.44,6.11,64.24,53.84236043421323,53.84236043421323,0.0,0.0,1.0,0.0,0.0,0.0,0.0,0.0,0.01,1.02,0.0,0.05,0.15,1.0,0.0,0.0,0.0,0.0,0.0,0.0,1.0,0.0,0.0,0.0,0.0,1.0,1.0,615.09,54.0,96.69,57.34589974030957,10.75387048556223,58.43,83089219.98421821,9.5,10.678788285104046,15.23691539793993,1058.244299751293,0.12,141.55,DDoS-SYN_Flood,1
0.0,54.0,6.0,64.0,32.78929026833395,32.78929026833395,0.0,0.0,0.0,0.0,0.0,0.0,0.0,0.0,0.0,0.0,0.0,0.0,0.0,0.0,0.0,0.0,0.0,0.0,0.0,0.0,1.0,0.0,0.0,0.0,0.0,1.0,1.0,567.0,54.0,54.0,54.0,0.0,54.0,83037121.63847019,9.5,10.392304845413264,0.0,0.0,0.0,141.55,DDoS-TCP_Flood,1
0.0,54.0,6.0,64.0,0.0,0.0,0.0,0.0,1.0,0.0,0.0,0.0,0.0,0.0,0.0,1.0,0.0,0.0,0.0,0.0,0.0,0.0,0.0,0.0,0.0,0.0,1.0,0.0,0.0,0.0,0.0,1.0,1.0,567.0,54.0,54.0,54.0,0.0,54.0,100033259.71583156,9.5,10.392304845413264,0.0,0.0,0.0,141.55,DDoS-SynonymousIP_Flood,1
0.0,54.0,6.0,64.0,29.886945182736085,29.886945182736085,0.0,0.0,1.0,0.0,0.0,0.0,0.0,0.0,0.0,1.0,0.0,0.0,0.0,0.0,0.0,0.0,0.0,0.0,0.0,0.0,1.0,0.0,0.0,0.0,0.0,1.0,1.0,567.0,54.0,54.0,54.0,0.0,54.0,83089856.55615139,9.5,10.392304845413264,0.0,0.0,0.0,141.55,DDoS-SYN_Flood,1
0.0728052687644958,44995.5,16.84,65.91,12367.821637961988,12367.821637961988,0.0,0.0,0.0,0.0,0.0,0.0,0.0,0.0,0.0,0.0,0.0,0.0,0.0,0.0,0.0,0.0,0.0,0.0,0.0,0.0,0.0,1.0,0.0,0.0,0.0,1.0,1.0,526.6,50.0,51.6,50.09890579578661,0.38422227669826,50.2,83016277.91646759,9.5,10.009881095386213,0.5448861093796996,1.8628154771430327,0.08,141.55,DoS-UDP_Flood,1
0.0,0.0,1.0,64.0,0.8333737671124795,0.8333737671124795,0.0,0.0,0.0,0.0,0.0,0.0,0.0,0.0,0.0,0.0,0.0,0.0,0.0,0.0,0.0,0.0,0.0,0.0,0.0,0.0,0.0,0.0,0.0,0.0,1.0,1.0,1.0,441.0,42.0,42.0,42.0,0.0,42.0,83149385.49495322,9.5,9.16515138991168,0.0,0.0,0.0,141.55,DDoS-ICMP_Flood,1
0.0105413007736206,9875.0,17.0,64.0,18808.145521446982,18808.145521446982,0.0,0.0,0.0,0.0,0.0,0.0,0.0,0.0,0.0,0.0,0.0,0.0,0.0,0.0,0.0,0.0,0.0,0.0,0.0,0.0,0.0,1.0,0.0,0.0,0.0,1.0,1.0,525.0,50.0,50.0,50.0,0.0,50.0,83015497.14414153,9.5,10.0,0.0,0.0,0.0,141.55,DoS-UDP_Flood,1
0.0,54.0,6.0,64.0,2.8136538859519686,2.8136538859519686,0.0,0.0,1.0,0.0,0.0,0.0,0.0,0.0,0.0,1.0,0.0,0.0,0.0,0.0,0.0,0.0,0.0,0.0,0.0,0.0,1.0,0.0,0.0,0.0,0.0,1.0,1.0,567.0,54.0,54.0,54.0,0.0,54.0,83089347.12862864,9.5,10.392304845413264,0.0,0.0,0.0,141.55,DDoS-SYN_Flood,1
0.0,0.0,1.0,64.0,1.2535291056042648,1.2535291056042648,0.0,0.0,0.0,0.0,0.0,0.0,0.0,0.0,0.0,0.0,0.0,0.0,0.0,0.0,0.0,0.0,0.0,0.0,0.0,0.0,0.0,0.0,0.0,0.0,1.0,1.0,1.0,441.0,42.0,42.0,42.0,0.0,42.0,83149483.6969022,9.5,9.16515138991168,0.0,0.0,0.0,141.55,DDoS-ICMP_Flood,1
0.0,54.0,6.0,64.0,8.51462444173772,8.51462444173772,0.0,1.0,0.0,1.0,0.0,0.0,0.0,0.0,1.0,0.0,1.0,0.0,0.0,0.0,0.0,0.0,0.0,0.0,0.0,0.0,1.0,0.0,0.0,0.0,0.0,1.0,1.0,567.0,54.0,54.0,54.0,0.0,54.0,83348140.63340282,9.5,10.392304845413264,0.0,0.0,0.0,141.55,DDoS-RSTFINFlood,1
0.0,54.0,6.0,64.0,0.2862039008593035,0.2862039008593035,0.0,0.0,0.0,0.0,1.0,1.0,0.0,0.0,0.0,0.0,0.0,1.0,1.0,0.0,0.0,0.0,0.0,0.0,0.0,0.0,1.0,0.0,0.0,0.0,0.0,1.0,1.0,567.0,54.0,54.0,54.0,0.0,54.0,83314673.66430278,9.5,10.392304845413264,0.0,0.0,0.0,141.55,DDoS-PSHACK_Flood,1
0.0657246112823486,27772.0,17.0,64.0,14722.466381954884,14722.466381954884,0.0,0.0,0.0,0.0,0.0,0.0,0.0,0.0,0.0,0.0,0.0,0.0,0.0,0.0,0.0,0.0,0.0,0.0,0.0,0.0,0.0,1.0,0.0,0.0,0.0,1.0,1.0,525.0,50.0,50.0,50.0,0.0,50.0,83123832.37372099,9.5,10.0,0.0,0.0,0.0,141.55,DDoS-UDP_Flood,1
0.0,54.0,6.0,64.0,3.9652409519953697,3.9652409519953697,0.0,0.0,0.0,0.0,0.0,0.0,0.0,0.0,0.0,0.0,0.0,0.0,0.0,0.0,0.0,0.0,0.0,0.0,0.0,0.0,1.0,0.0,0.0,0.0,0.0,1.0,1.0,567.0,54.0,54.0,54.0,0.0,54.0,83072468.54122438,9.5,10.392304845413264,0.0,0.0,0.0,141.55,DDoS-TCP_Flood,1
0.4600610303878784,140.4,6.0,64.0,7.814212732193795,7.814212732193795,0.0,0.0,1.0,0.0,0.0,0.0,0.0,0.0,0.0,2.6,0.0,0.0,0.0,0.0,0.0,0.0,0.0,0.0,0.0,0.0,1.0,0.0,0.0,0.0,0.0,1.0,1.0,567.0,54.0,54.0,54.0,0.0,54.0,83361235.62456273,9.5,10.392304845413264,0.0,0.0,0.0,141.55,DDoS-SynonymousIP_Flood,1
0.0,54.0,6.0,64.0,26.89130455689304,26.89130455689304,0.0,0.0,1.0,0.0,0.0,0.0,0.0,0.0,0.0,1.0,0.0,0.0,0.0,0.0,0.0,0.0,0.0,0.0,0.0,0.0,1.0,0.0,0.0,0.0,0.0,1.0,1.0,567.0,54.0,54.0,54.0,0.0,54.0,83089806.431039,9.5,10.392304845413264,0.0,0.0,0.0,141.55,DDoS-SYN_Flood,1
0.1036432456970214,20997.0,17.0,64.0,5646.966099856812,5646.966099856812,0.0,0.0,0.0,0.0,0.0,0.0,0.0,0.0,0.0,0.0,0.0,0.0,0.0,0.0,0.0,0.0,0.0,0.0,0.0,0.0,0.0,1.0,0.0,0.0,0.0,1.0,1.0,525.0,50.0,50.0,50.0,0.0,50.0,83106310.87306997,9.5,10.0,0.0,0.0,0.0,141.55,DDoS-UDP_Flood,1
0.0,54.0,6.0,64.0,1.2898573633093238,1.2898573633093238,0.0,0.0,0.0,0.0,1.0,1.0,0.0,0.0,0.0,0.0,0.0,1.0,1.0,0.0,0.0,0.0,0.0,0.0,0.0,0.0,1.0,0.0,0.0,0.0,0.0,1.0,1.0,567.0,54.0,54.0,54.0,0.0,54.0,83318200.75849085,9.5,10.392304845413264,0.0,0.0,0.0,141.55,DDoS-PSHACK_Flood,1
0.4203875470161438,232.0,6.0,64.0,4.757570708626735,4.757570708626735,0.0,0.0,1.0,0.0,0.0,1.0,0.0,0.0,0.0,2.0,0.0,0.0,1.0,0.0,0.0,0.0,0.0,0.0,0.0,0.0,1.0,0.0,0.0,0.0,0.0,1.0,1.0,609.0,58.0,58.0,58.0,0.0,58.0,83089459.99285832,9.5,10.770329614269006,0.0,0.0,0.0,141.55,DDoS-SYN_Flood,1
0.0,54.0,6.0,64.0,1.694136198570362,1.694136198570362,0.0,0.0,0.0,0.0,0.0,0.0,0.0,0.0,0.0,0.0,0.0,0.0,0.0,0.0,0.0,0.0,0.0,0.0,0.0,0.0,1.0,0.0,0.0,0.0,0.0,1.0,1.0,567.0,54.0,54.0,54.0,0.0,54.0,83067252.18380776,9.5,10.392304845413264,0.0,0.0,0.0,141.55,DDoS-TCP_Flood,1
0.0,54.0,6.0,64.0,158.9639666101325,158.9639666101325,0.0,1.0,0.0,1.0,0.0,0.0,0.0,0.0,1.0,0.0,1.0,0.0,0.0,0.0,0.0,0.0,0.0,0.0,0.0,0.0,1.0,0.0,0.0,0.0,0.0,1.0,1.0,567.0,54.0,54.0,54.0,0.0,54.0,83344164.87596335,9.5,10.392304845413264,0.0,0.0,0.0,141.55,DDoS-RSTFINFlood,1
0.0,54.0,6.0,64.0,0.0,0.0,0.0,0.0,0.0,0.0,0.0,0.0,0.0,0.0,0.0,0.0,0.0,0.0,0.0,1.0,0.0,0.0,0.0,0.0,0.0,0.0,1.0,0.0,0.0,0.0,0.0,1.0,1.0,567.0,54.0,54.0,54.0,0.0,54.0,83068410.0230302,9.5,10.392304845413264,0.0,0.0,0.0,141.55,DDoS-TCP_Flood,1
0.7344514966011048,108.0,6.0,64.0,2.7231219199624213,2.7231219199624213,0.0,0.0,1.0,0.0,0.0,0.0,0.0,0.0,0.0,2.0,0.0,0.0,0.0,0.0,0.0,0.0,0.0,0.0,0.0,0.0,1.0,0.0,0.0,0.0,0.0,1.0,1.0,567.0,54.0,54.0,54.0,0.0,54.0,83361906.63480034,9.5,10.392304845413264,0.0,0.0,0.0,141.55,DDoS-SynonymousIP_Flood,1
5.281023042201996,176.51,6.11,64.0,0.8677700289840635,0.8677700289840635,0.0,0.0,1.0,0.0,0.0,0.0,0.0,0.0,0.0,1.98,0.0,0.05,0.1,0.0,0.0,0.0,0.0,0.0,0.0,0.0,1.0,0.0,0.0,0.0,0.0,1.0,1.0,573.72,54.0,59.4,54.4745961752386,1.3903397182833095,54.6,83094156.61504477,9.5,10.4372450048003,1.969826552061695,16.986205774025155,0.12,141.55,DDoS-SYN_Flood,1
0.0,0.0,1.0,64.0,1.8836774272286405,1.8836774272286405,0.0,0.0,0.0,0.0,0.0,0.0,0.0,0.0,0.0,0.0,0.0,0.0,0.0,0.0,0.0,0.0,0.0,0.0,0.0,0.0,0.0,0.0,0.0,0.0,1.0,1.0,1.0,441.0,42.0,42.0,42.0,0.0,42.0,83128112.41334663,9.5,9.16515138991168,0.0,0.0,0.0,141.55,DDoS-ICMP_Flood,1
0.0,0.0,1.0,64.0,5.459489807695144,5.459489807695144,0.0,0.0,0.0,0.0,0.0,0.0,0.0,0.0,0.0,0.0,0.0,0.0,0.0,0.0,0.0,0.0,0.0,0.0,0.0,0.0,0.0,0.0,0.0,0.0,1.0,1.0,1.0,441.0,42.0,42.0,42.0,0.0,42.0,83150250.6177842,9.5,9.16515138991168,0.0,0.0,0.0,141.55,DDoS-ICMP_Flood,1
0.0,674.0,6.27,64.67,0.0,0.0,0.0,0.0,0.0,0.0,0.0,0.0,0.0,0.0,0.0,0.0,0.0,0.01,0.46,0.0,0.0,0.0,0.0,0.0,0.0,0.0,0.0,0.0,0.0,0.0,0.0,1.0,1.0,9094.71,304.9,1491.2,883.0845488776789,546.4422736049239,851.96,100002261.0773216,9.5,41.81659262702091,773.0406272809876,315053.5568724262,0.95,141.55,Other_Attack,1
0.0027184391021728,4285.0,17.0,64.0,87136.3923948867,87136.3923948867,0.0,0.0,0.0,0.0,0.0,0.0,0.0,0.0,0.0,0.0,0.0,0.0,0.0,0.0,0.0,0.0,0.0,0.0,0.0,0.0,0.0,1.0,0.0,0.0,0.0,1.0,1.0,525.0,50.0,50.0,50.0,0.0,50.0,83106624.46888693,9.5,10.0,0.0,0.0,0.0,141.55,DDoS-UDP_Flood,1
0.8458699774742127,62.64,6.0,64.0,0.3788235821794583,0.3788235821794583,0.0,0.0,1.0,0.0,0.0,0.0,0.0,0.0,0.0,1.16,0.0,0.0,0.0,0.0,0.0,0.0,0.0,0.0,0.0,0.0,1.0,0.0,0.0,0.0,0.0,1.0,1.0,567.0,54.0,54.0,54.0,0.0,54.0,83361317.90117934,9.5,10.392304845413264,0.0,0.0,0.0,141.55,DDoS-SynonymousIP_Flood,1
3.596101903915405,164793.6,6.0,80.8,81.80773005641927,81.80773005641927,0.0,0.0,0.0,0.0,0.0,1.0,0.0,0.0,0.0,1.8,0.0,10.2,133.0,0.0,1.0,0.0,0.0,0.0,0.0,0.0,1.0,0.0,0.0,0.0,0.0,1.0,1.0,23177.4,66.0,3106.8,1488.388644338118,927.161353912522,1658.8,166524604.7193036,13.5,54.27820073075579,1283.5096350927445,825826.6140386004,1.0,244.6,BenignTraffic,0
0.0564306712150573,31382.5,17.0,64.0,11624.837557848585,11624.837557848585,0.0,0.0,0.0,0.0,0.0,0.0,0.0,0.0,0.0,0.0,0.0,0.0,0.0,0.0,0.0,0.0,0.0,0.0,0.0,0.0,0.0,1.0,0.0,0.0,0.0,1.0,1.0,525.0,50.0,50.0,50.0,0.0,50.0,83106611.19513416,9.5,10.0,0.0,0.0,0.0,141.55,DDoS-UDP_Flood,1
5.259497239589691,108.0,6.0,64.0,0.3802645225958578,0.3802645225958578,0.0,0.0,1.0,0.0,0.0,0.0,0.0,0.0,0.0,2.0,0.0,0.0,0.0,0.0,0.0,0.0,0.0,0.0,0.0,0.0,1.0,0.0,0.0,0.0,0.0,1.0,1.0,567.0,54.0,54.0,54.0,0.0,54.0,82972999.62631746,9.5,10.392304845413264,0.0,0.0,0.0,141.55,DoS-SYN_Flood,1
0.0614037775993347,28555.0,17.0,64.0,9560.834494145694,9560.834494145694,0.0,0.0,0.0,0.0,0.0,0.0,0.0,0.0,0.0,0.0,0.0,0.0,0.0,0.0,0.0,0.0,0.0,0.0,0.0,0.0,0.0,1.0,0.0,0.0,0.0,1.0,1.0,525.0,50.0,50.0,50.0,0.0,50.0,83106497.04234405,9.5,10.0,0.0,0.0,0.0,141.55,DDoS-UDP_Flood,1
1.1541017770767212,2169.6,7.2,94.6,17.679078369860036,17.679078369860036,0.0,0.0,0.0,0.0,0.0,1.0,0.0,0.0,0.0,0.4,0.0,9.4,18.9,0.0,1.0,0.0,0.0,0.0,0.0,0.0,1.0,0.0,0.0,0.0,0.0,1.0,1.0,1540.1,43.0,348.0,99.5647640418577,73.40950730751257,111.9,166520397.0700919,13.5,14.125998593524049,103.96102045733906,5431.507347050921,1.0,244.6,BenignTraffic,0
0.0,54.0,6.0,64.0,47.115011907079854,47.115011907079854,0.0,0.0,1.0,0.0,0.0,0.0,0.0,0.0,0.0,1.0,0.0,0.0,0.0,0.0,0.0,0.0,0.0,0.0,0.0,0.0,1.0,0.0,0.0,0.0,0.0,1.0,1.0,567.0,54.0,54.0,54.0,0.0,54.0,83361981.58390608,9.5,10.392304845413264,0.0,0.0,0.0,141.55,DDoS-SynonymousIP_Flood,1
0.0318758702278137,83.71,1.04,65.05,12.807845767961943,12.807845767961943,0.0,0.0,0.0,0.0,0.0,0.0,0.0,0.0,0.0,0.02,0.0,0.22,0.41,0.0,0.0,0.0,0.0,0.0,0.0,0.0,0.0,0.0,0.0,0.0,1.0,1.0,1.0,444.64,42.0,45.46,42.34659313828586,0.9885435517652124,42.76,83128169.97027779,9.5,9.199376822781655,1.2704846083421268,4.962758825404731,0.17,141.55,DDoS-ICMP_Flood,1
0.000753469467163,54.62,6.0,63.78,26.78905068956045,26.78905068956045,0.0,0.0,0.0,0.0,1.0,1.0,0.0,0.0,0.0,0.02,0.0,0.99,1.0,0.0,0.0,0.0,0.0,0.0,0.0,0.0,1.0,0.0,0.0,0.0,0.0,1.0,1.0,567.12,54.0,54.12,54.00632748538012,0.0268121299636758,54.04,83331767.07546538,9.5,10.392923223265171,0.0382208287721708,0.0243507403987551,0.03,141.55,DDoS-PSHACK_Flood,1
0.0,54.0,6.0,64.0,5.859005390117778,5.859005390117778,0.0,1.0,0.0,1.0,0.0,0.0,0.0,0.0,1.0,0.0,1.0,0.0,0.0,0.0,0.0,0.0,0.0,0.0,0.0,0.0,1.0,0.0,0.0,0.0,0.0,1.0,1.0,567.0,54.0,54.0,54.0,0.0,54.0,83344228.81858943,9.5,10.392304845413264,0.0,0.0,0.0,141.55,DDoS-RSTFINFlood,1
0.0,54.0,6.0,64.0,26.809144106282822,26.809144106282822,0.0,0.0,1.0,0.0,0.0,0.0,0.0,0.0,0.0,1.0,0.0,0.0,0.0,1.0,0.0,0.0,0.0,0.0,0.0,0.0,1.0,0.0,0.0,0.0,0.0,1.0,1.0,567.0,54.0,54.0,54.0,0.0,54.0,83089244.8472909,9.5,10.392304845413264,0.0,0.0,0.0,141.55,DDoS-SYN_Flood,1
0.0,54.0,6.0,64.0,699050.6666666669,699050.6666666669,0.0,1.0,0.0,1.0,0.0,0.0,0.0,0.0,1.0,0.0,1.0,0.0,0.0,0.0,0.0,0.0,0.0,0.0,0.0,0.0,1.0,0.0,0.0,0.0,0.0,1.0,1.0,567.0,54.0,54.0,54.0,0.0,54.0,83344958.6637375,9.5,10.392304845413264,0.0,0.0,0.0,141.55,DDoS-RSTFINFlood,1
0.0,54.0,6.0,64.0,0.4003730626114125,0.4003730626114125,0.0,1.0,0.0,1.0,0.0,0.0,0.0,0.0,1.0,0.0,1.0,0.0,0.0,0.0,0.0,0.0,0.0,0.0,0.0,0.0,1.0,0.0,0.0,0.0,0.0,1.0,1.0,567.0,54.0,54.0,54.0,0.0,54.0,83344777.54582146,9.5,10.392304845413264,0.0,0.0,0.0,141.55,DDoS-RSTFINFlood,1
0.0259912824630737,55.08,6.0,64.0,1.5312104872479189,1.5312104872479189,0.0,0.0,0.0,0.0,1.0,1.0,0.0,0.0,0.0,0.0,0.02,1.0,1.0,0.0,0.0,0.0,0.0,0.0,0.0,0.0,1.0,0.0,0.0,0.0,0.0,1.0,1.0,567.0,54.0,54.0,54.0,0.0,54.0,83313879.4835627,9.5,10.392304845413264,0.0,0.0,0.0,141.55,DDoS-PSHACK_Flood,1
0.0,54.0,6.0,64.0,1.607901007092576,1.607901007092576,0.0,0.0,0.0,0.0,0.0,0.0,0.0,0.0,0.0,0.0,0.0,0.0,0.0,1.0,0.0,0.0,0.0,0.0,0.0,0.0,1.0,0.0,0.0,0.0,0.0,1.0,1.0,567.0,54.0,54.0,54.0,0.0,54.0,82943091.49884725,9.5,10.392304845413264,0.0,0.0,0.0,141.55,DoS-TCP_Flood,1
0.7929908275604248,48030.8,6.0,64.0,57.36300473699022,57.36300473699022,0.0,0.0,0.0,0.0,0.0,1.0,0.0,0.0,0.0,2.0,0.0,12.0,44.5,0.0,1.0,0.0,0.0,0.0,0.0,0.0,1.0,0.0,0.0,0.0,0.0,1.0,1.0,10643.8,1514.0,3251.6,1905.1323809523813,659.2721548957794,2093.2,0.0010068178176879,5.5,61.63892462991434,932.351622748547,513667.2220861677,0.9,38.5,BenignTraffic,0
0.0,54.0,6.0,64.0,27.82739771651416,27.82739771651416,0.0,0.0,1.0,0.0,0.0,0.0,0.0,0.0,0.0,1.0,0.0,0.0,0.0,0.0,0.0,0.0,0.0,0.0,0.0,0.0,1.0,0.0,0.0,0.0,0.0,1.0,1.0,567.0,54.0,54.0,54.0,0.0,54.0,83089360.1357802,9.5,10.392304845413264,0.0,0.0,0.0,141.55,DDoS-SYN_Flood,1
0.0,182.0,17.0,64.0,22.38442489966698,22.38442489966698,0.0,0.0,0.0,0.0,0.0,0.0,0.0,0.0,0.0,0.0,0.0,0.0,0.0,0.0,0.0,0.0,0.0,0.0,0.0,0.0,0.0,1.0,0.0,0.0,0.0,1.0,1.0,1911.0,182.0,182.0,182.0,0.0,182.0,83006951.30733594,9.5,19.078784028338912,0.0,0.0,0.0,141.55,DoS-UDP_Flood,1
4.203736267089844,108.0,6.0,64.0,0.4757673451485138,0.4757673451485138,0.0,0.0,0.0,0.0,0.0,0.0,0.0,0.0,0.0,0.0,0.0,0.0,0.0,0.0,1.0,0.0,0.0,0.0,0.0,0.0,1.0,0.0,0.0,0.0,0.0,1.0,1.0,567.0,54.0,54.0,54.0,0.0,54.0,82956096.10554987,9.5,10.392304845413264,0.0,0.0,0.0,141.55,DoS-TCP_Flood,1
0.0214810132980346,9963.5,16.68,67.82,8664.910648759656,8664.910648759656,0.0,0.0,0.0,0.0,0.0,0.0,0.0,0.0,0.0,0.0,0.0,0.0,0.0,0.0,0.0,0.0,0.0,0.0,0.0,0.0,0.0,1.0,0.0,0.0,0.0,1.0,1.0,526.4,50.0,51.4,50.07923546611628,0.3230095197677761,50.4,83102042.15503252,9.5,10.006935778960964,0.396674058308672,1.3134856860550002,0.06,141.55,DDoS-UDP_Flood,1
4.839560923576355,128.79,6.05,65.27,0.5743919517210841,0.5743919517210841,0.0,0.0,0.0,0.0,0.0,0.0,0.0,0.0,0.01,0.0,0.0,0.05,0.1,0.0,0.0,0.0,0.0,0.0,0.0,0.0,1.0,0.0,0.0,0.0,0.0,1.0,1.0,573.86,54.12,60.86,54.72898817625443,1.821304886351632,54.62,82950688.61624385,9.5,10.460965933397492,2.561459342665985,14.980586387329936,0.29,141.55,DoS-TCP_Flood,1
0.0,54.0,6.0,64.0,0.4782220095931632,0.4782220095931632,0.0,0.0,0.0,0.0,0.0,0.0,0.0,0.0,0.0,0.0,0.0,0.0,0.0,1.0,0.0,0.0,0.0,0.0,0.0,0.0,1.0,0.0,0.0,0.0,0.0,1.0,1.0,567.0,54.0,54.0,54.0,0.0,54.0,83037261.13307767,9.5,10.392304845413264,0.0,0.0,0.0,141.55,DDoS-TCP_Flood,1
0.5166195392608642,123.36,6.05,63.36,4.026990057832509,4.026990057832509,0.0,0.0,1.0,0.0,0.0,0.0,0.0,0.0,0.0,1.79,0.42,0.0,0.81,0.0,0.0,0.0,0.0,0.0,0.0,0.0,1.0,0.0,0.0,0.0,0.0,1.0,1.0,586.12,55.04,58.52,55.84343317887822,1.0491976820539275,55.86,82973147.71075761,9.5,10.567070283025274,1.4863690803673943,3.000535491995824,0.5,141.55,DoS-SYN_Flood,1
0.1403343152999878,33045.0,17.0,64.0,4696.075628898976,4696.075628898976,0.0,0.0,0.0,0.0,0.0,0.0,0.0,0.0,0.0,0.0,0.0,0.0,0.0,0.0,0.0,0.0,0.0,0.0,0.0,0.0,0.0,1.0,0.0,0.0,0.0,1.0,1.0,525.0,50.0,50.0,50.0,0.0,50.0,83098539.86002195,9.5,10.0,0.0,0.0,0.0,141.55,DDoS-UDP_Flood,1
0.0,54.0,6.0,64.0,8.064459083263017,8.064459083263017,0.0,0.0,0.0,0.0,0.0,0.0,0.0,0.0,0.0,0.0,0.0,0.0,0.0,0.0,0.0,0.0,0.0,0.0,0.0,0.0,1.0,0.0,0.0,0.0,0.0,1.0,1.0,567.0,54.0,54.0,54.0,0.0,54.0,83076125.61476378,9.5,10.392304845413264,0.0,0.0,0.0,141.55,DDoS-TCP_Flood,1
40.200677919387815,3142184.0,6.0,232.0,71.37938561975871,71.37938561975871,0.0,0.0,0.0,0.0,0.0,1.0,0.0,0.0,0.0,0.0,0.0,115.0,2869.5,0.0,1.0,0.0,0.0,0.0,0.0,0.0,1.0,0.0,0.0,0.0,0.0,1.0,1.0,363.0,66.0,66.0,66.0,0.0,66.0,0.0013699054718017,5.5,11.489125293076055,0.0,0.0,0.0,38.5,BenignTraffic,0
0.0054297161102294,4275.0,17.0,64.0,106008.14197922929,106008.14197922929,0.0,0.0,0.0,0.0,0.0,0.0,0.0,0.0,0.0,0.0,0.0,0.0,0.0,0.0,0.0,0.0,0.0,0.0,0.0,0.0,0.0,1.0,0.0,0.0,0.0,1.0,1.0,525.0,50.0,50.0,50.0,0.0,50.0,83102240.32519925,9.5,10.0,0.0,0.0,0.0,141.55,DDoS-UDP_Flood,1
0.2380428862571716,28145.0,17.0,64.0,3873.00616487619,3873.00616487619,0.0,0.0,0.0,0.0,0.0,0.0,0.0,0.0,0.0,0.0,0.0,0.0,0.0,0.0,0.0,0.0,0.0,0.0,0.0,0.0,0.0,1.0,0.0,0.0,0.0,1.0,1.0,525.0,50.0,50.0,50.0,0.0,50.0,83101881.48014277,9.5,10.0,0.0,0.0,0.0,141.55,DDoS-UDP_Flood,1
4.840838944911956,108.0,6.0,64.0,0.4132663446492368,0.4132663446492368,0.0,0.0,1.0,0.0,0.0,0.0,0.0,0.0,0.0,2.0,0.0,0.0,0.0,0.0,0.0,0.0,0.0,0.0,0.0,0.0,1.0,0.0,0.0,0.0,0.0,1.0,1.0,567.0,54.0,54.0,54.0,0.0,54.0,83362349.02732328,9.5,10.392304845413264,0.0,0.0,0.0,141.55,DDoS-SynonymousIP_Flood,1
0.0357994389533996,15925.0,17.0,64.0,8968.575851223986,8968.575851223986,0.0,0.0,0.0,0.0,0.0,0.0,0.0,0.0,0.0,0.0,0.0,0.0,0.0,0.0,0.0,0.0,0.0,0.0,0.0,0.0,0.0,1.0,0.0,0.0,0.0,1.0,1.0,525.0,50.0,50.0,50.0,0.0,50.0,83016474.50516766,9.5,10.0,0.0,0.0,0.0,141.55,DoS-UDP_Flood,1
0.1542829179763793,30793.77,17.0,63.31,6776.300598102759,6776.300598102759,0.0,0.0,0.0,0.0,0.0,0.0,0.0,0.0,0.0,0.0,0.0,0.0,0.0,0.0,0.0,0.0,0.0,0.0,0.0,0.0,0.0,1.0,0.0,0.0,0.0,1.0,1.0,525.5,50.0,50.36,50.02910279658422,0.0916167730310559,50.12,83015816.82518528,9.5,10.00293551954878,0.1300513931265047,0.1111314077728387,0.08,141.55,DoS-UDP_Flood,1
0.0,54.0,6.0,64.0,14.542398385681938,14.542398385681938,0.0,1.0,0.0,1.0,0.0,0.0,0.0,0.0,1.0,0.0,1.0,0.0,0.0,0.0,0.0,0.0,0.0,0.0,0.0,0.0,1.0,0.0,0.0,0.0,0.0,1.0,1.0,567.0,54.0,54.0,54.0,0.0,54.0,83344529.93550068,9.5,10.392304845413264,0.0,0.0,0.0,141.55,DDoS-RSTFINFlood,1
0.0,54.0,6.0,64.0,3.9882036080452417,3.9882036080452417,0.0,0.0,0.0,0.0,1.0,1.0,0.0,0.0,0.0,0.0,0.0,1.0,1.0,0.0,0.0,0.0,0.0,0.0,0.0,0.0,1.0,0.0,0.0,0.0,0.0,1.0,1.0,567.0,54.0,54.0,54.0,0.0,54.0,83318143.31913671,9.5,10.392304845413264,0.0,0.0,0.0,141.55,DDoS-PSHACK_Flood,1
0.0,54.0,6.0,64.0,1.9293772160469869,1.9293772160469869,0.0,0.0,0.0,0.0,0.0,0.0,0.0,0.0,0.0,0.0,0.0,0.0,0.0,0.0,0.0,0.0,0.0,0.0,0.0,0.0,1.0,0.0,0.0,0.0,0.0,1.0,1.0,567.0,54.0,54.0,54.0,0.0,54.0,82955755.44161798,9.5,10.392304845413264,0.0,0.0,0.0,141.55,DoS-TCP_Flood,1
0.0,162.0,17.0,64.0,20.94745660922016,20.94745660922016,0.0,0.0,0.0,0.0,0.0,0.0,0.0,0.0,0.0,0.0,0.0,0.0,0.0,0.0,0.0,0.0,0.0,0.0,0.0,0.0,0.0,1.0,0.0,0.0,0.0,1.0,1.0,1701.0,162.0,162.0,162.0,0.0,162.0,83007675.91068861,9.5,18.0,0.0,0.0,0.0,141.55,DoS-UDP_Flood,1
0.0,54.0,6.0,64.0,4.028497102026252,4.028497102026252,0.0,1.0,0.0,1.0,0.0,0.0,0.0,0.0,1.0,0.0,1.0,0.0,0.0,0.0,1.0,0.0,0.0,0.0,0.0,0.0,1.0,0.0,0.0,0.0,0.0,1.0,1.0,567.0,54.0,54.0,54.0,0.0,54.0,83348185.0821661,9.5,10.392304845413264,0.0,0.0,0.0,141.55,DDoS-RSTFINFlood,1
0.5697691583633423,135.0,6.0,64.0,242340.1622643544,242340.1622643544,0.0,0.0,1.0,0.0,0.0,0.0,0.0,0.0,0.0,2.5,0.0,0.0,0.0,0.0,0.0,0.0,0.0,0.0,0.0,0.0,1.0,0.0,0.0,0.0,0.0,1.0,1.0,567.0,54.0,54.0,54.0,0.0,54.0,83361352.84295817,9.5,10.392304845413264,0.0,0.0,0.0,141.55,DDoS-SynonymousIP_Flood,1
0.0,54.0,6.0,64.0,0.8605511642039946,0.8605511642039946,0.0,0.0,0.0,0.0,1.0,1.0,0.0,0.0,0.0,0.0,0.0,1.0,1.0,0.0,0.0,0.0,0.0,0.0,0.0,0.0,1.0,0.0,0.0,0.0,0.0,1.0,1.0,567.0,54.0,54.0,54.0,0.0,54.0,83313907.1485904,9.5,10.392304845413264,0.0,0.0,0.0,141.55,DDoS-PSHACK_Flood,1
0.0,53.46,5.94,63.36,6.537333276183871,6.537333276183871,0.0,1.0,0.0,1.0,0.0,0.0,0.0,0.0,0.99,0.0,0.99,0.0,0.0,0.0,0.0,0.0,0.0,0.0,0.0,0.0,1.0,0.0,0.0,0.0,0.0,1.0,1.0,568.14,54.0,55.14,54.15586437942862,0.3574192493658687,54.06,83340873.77590422,9.5,10.407224183365496,0.5059212763185684,0.7214176472671923,0.19,141.55,DDoS-RSTFINFlood,1
0.0,54.0,6.0,64.0,12.395797437678253,12.395797437678253,0.0,0.0,0.0,0.0,1.0,1.0,0.0,0.0,0.0,0.0,0.0,1.0,1.0,0.0,0.0,0.0,0.0,0.0,0.0,0.0,1.0,0.0,0.0,0.0,0.0,1.0,1.0,567.0,54.0,54.0,54.0,0.0,54.0,83330879.74511203,9.5,10.392304845413264,0.0,0.0,0.0,141.55,DDoS-PSHACK_Flood,1
0.292464804649353,98.04,6.0,64.0,4.5717543449315805,4.5717543449315805,0.0,0.0,1.0,0.0,0.0,0.0,0.0,0.0,0.0,1.48,0.3,0.0,0.48,0.0,0.0,0.0,0.0,0.0,0.0,0.0,1.0,0.0,0.0,0.0,0.0,1.0,1.0,574.96,54.56,54.96,54.77497248022016,0.1435973406290551,54.72,82972520.43036643,9.5,10.465612035257598,0.2000640185042588,0.2076214102727494,0.1,141.55,DoS-SYN_Flood,1
0.0,54.0,6.0,64.0,38.9870424420442,38.9870424420442,0.0,0.0,1.0,0.0,0.0,0.0,0.0,0.0,0.0,1.0,0.0,0.0,0.0,0.0,0.0,0.0,0.0,0.0,0.0,0.0,1.0,0.0,0.0,0.0,0.0,1.0,1.0,567.0,54.0,54.0,54.0,0.0,54.0,83094344.49155216,9.5,10.392304845413264,0.0,0.0,0.0,141.55,DDoS-SYN_Flood,1
0.0381546139717102,19275.0,17.0,64.0,16755.20120948924,16755.20120948924,0.0,0.0,0.0,0.0,0.0,0.0,0.0,0.0,0.0,0.0,0.0,0.0,0.0,0.0,0.0,0.0,0.0,0.0,0.0,0.0,0.0,1.0,0.0,0.0,0.0,1.0,1.0,525.0,50.0,50.0,50.0,0.0,50.0,83123606.49938145,9.5,10.0,0.0,0.0,0.0,141.55,DDoS-UDP_Flood,1
0.0085697197914123,68.74,6.0,64.0,18.89115027051016,18.89115027051016,0.0,1.0,0.0,1.0,0.0,0.0,0.0,0.0,0.99,0.0,0.99,0.06,0.12,0.0,0.0,0.0,0.0,0.0,0.0,0.0,1.0,0.0,0.0,0.0,0.0,1.0,1.0,581.28,54.0,68.28,55.17069445028656,3.855490115907888,55.02,83344013.48682696,9.5,10.50075634505546,5.460206560518827,108.75580006021856,0.14,141.55,DDoS-RSTFINFlood,1
134.51641748428344,8052.91,7.7,116.57,16819.90162649618,16819.90162649618,0.0,0.0,0.0,0.0,0.0,1.0,0.0,0.0,0.1,1.12,0.01,29.94,56.58,0.0,1.0,0.0,0.0,0.0,0.0,0.0,1.0,0.0,0.0,0.0,0.0,1.0,1.0,2177.37,63.17,870.07,190.74619849697945,232.20654925091225,192.65,83243941.43984751,9.5,18.44426821968399,328.8537088939928,132796.47129788782,0.94,141.55,Other_Attack,1
0.0296746635437011,6979.34,13.05,108.29,12260.821447996464,12260.821447996464,0.0,0.0,0.0,0.0,0.0,0.0,0.0,0.0,0.01,0.0,0.0,0.01,0.02,0.0,0.0,0.0,0.0,0.0,0.0,0.0,0.0,1.0,0.0,0.0,0.0,1.0,1.0,584.48,52.68,64.6,55.84890284569232,3.884257292802489,55.36,83011447.34588979,9.5,10.53344696723854,5.494702321614325,37.64756954952946,0.44,141.55,DoS-UDP_Flood,1
0.2505207705497742,30192.5,16.83,63.36,6534.730036938824,6534.730036938824,0.0,0.0,0.0,0.0,0.0,0.0,0.0,0.0,0.0,0.0,0.0,0.0,0.0,0.0,0.0,0.0,0.0,0.0,0.0,0.0,0.0,1.0,0.0,0.0,0.0,1.0,1.0,526.8,50.0,51.8,50.20977396571437,0.5456987489431145,50.1,83102457.25623167,9.5,10.02083417121854,0.7724914490789594,1.753937909075534,0.18,141.55,DDoS-UDP_Flood,1
4.75758505821228,108.0,6.0,64.0,0.420381376464018,0.420381376464018,0.0,0.0,0.0,0.0,0.0,0.0,0.0,0.0,0.0,0.0,0.0,0.0,0.0,0.0,0.0,0.0,0.0,0.0,0.0,0.0,1.0,0.0,0.0,0.0,0.0,1.0,1.0,567.0,54.0,54.0,54.0,0.0,54.0,82950691.73248477,9.5,10.392304845413264,0.0,0.0,0.0,141.55,DoS-TCP_Flood,1
0.1704689025878906,552788.0,6.0,87.6,3577.913748926382,3577.913748926382,0.0,0.0,0.0,0.0,0.0,1.0,0.0,0.0,0.0,0.0,0.0,98.9,610.0,1.0,0.0,0.0,0.0,0.0,0.0,0.0,1.0,0.0,0.0,0.0,0.0,1.0,1.0,4629.4,94.0,1744.0,796.1496825396825,677.8960236739979,780.8,6.229877471923828e-05,5.5,38.90139078580928,958.6897505585604,527367.6531577223,0.9,38.5,Other_Attack,1
0.0,54.0,6.0,64.0,0.0,0.0,0.0,0.0,0.0,0.0,1.0,1.0,0.0,0.0,0.0,0.0,0.0,1.0,1.0,0.0,0.0,0.0,0.0,0.0,0.0,0.0,1.0,0.0,0.0,0.0,0.0,1.0,1.0,567.0,54.0,54.0,54.0,0.0,54.0,83331827.14250177,9.5,10.392304845413264,0.0,0.0,0.0,141.55,DDoS-PSHACK_Flood,1
0.0416384506225585,31175.0,17.0,64.0,14966.407614383175,14966.407614383175,0.0,0.0,0.0,0.0,0.0,0.0,0.0,0.0,0.0,0.0,0.0,0.0,0.0,0.0,0.0,0.0,0.0,0.0,0.0,0.0,0.0,1.0,0.0,0.0,0.0,1.0,1.0,525.0,50.0,50.0,50.0,0.0,50.0,83102984.2760114,9.5,10.0,0.0,0.0,0.0,141.55,DDoS-UDP_Flood,1
5.676264102458954,128.52,6.0,64.0,1.850921658626812,1.850921658626812,0.0,0.0,1.0,0.0,0.0,0.0,0.0,0.0,0.0,2.38,0.0,0.0,0.0,0.0,0.0,0.0,0.0,0.0,0.0,0.0,1.0,0.0,0.0,0.0,0.0,1.0,1.0,567.0,54.0,54.0,54.0,0.0,54.0,83362447.32630211,9.5,10.392304845413264,0.0,0.0,0.0,141.55,DDoS-SynonymousIP_Flood,1
1.3966853618621826,107063.4,7.1,114.4,68.43011072100039,68.43011072100039,0.0,0.0,0.0,0.0,0.0,1.0,0.0,0.0,0.0,1.8,0.0,9.9,94.5,0.0,1.0,0.0,0.0,0.0,0.0,0.0,1.0,0.0,0.0,0.0,0.0,1.0,1.0,5872.6,500.4,2093.2,1160.9085714285711,596.6128024194197,1082.0,0.0008875131607055,5.5,47.91103661709662,843.7379166669631,523931.01101133786,0.7,38.5,BenignTraffic,0
72.1074049949646,5284744.2,6.0,198.4,68.84868354661003,68.84868354661003,0.0,0.0,0.0,0.0,0.0,1.0,0.0,0.0,0.0,0.0,0.0,191.0,4964.5,0.0,1.0,0.0,0.0,0.0,0.0,0.0,1.0,0.0,0.0,0.0,0.0,1.0,1.0,1666.2,66.0,790.0,228.8425396825397,300.1970952174248,355.6,0.0012438058853149,5.5,19.698735150604648,424.5428034414896,181010.55883497105,0.5,38.5,BenignTraffic,0
1.8543879795074465,96.12,6.0,64.0,0.8414297161154604,0.8414297161154604,0.0,0.0,1.0,0.0,0.0,0.0,0.0,0.0,0.0,1.78,0.0,0.0,0.0,1.0,0.0,0.0,0.0,0.0,0.0,0.0,1.0,0.0,0.0,0.0,0.0,1.0,1.0,567.0,54.0,54.0,54.0,0.0,54.0,83362255.31135756,9.5,10.392304845413264,0.0,0.0,0.0,141.55,DDoS-SynonymousIP_Flood,1
27.279774522781373,1378316.8,5.4,57.1,69.07428463317957,69.07428463317957,0.0,0.0,0.0,0.0,0.0,1.0,0.0,0.0,0.0,1.4,0.0,111.7,1451.6,0.0,1.0,0.0,0.0,0.0,0.0,0.0,1.0,0.0,0.0,0.0,0.0,1.0,1.0,28520.2,138.4,5858.0,1841.4746560547296,1371.2984501005378,1652.9,166520375.44480318,13.5,60.81038863835026,1937.3851410109187,1878546.5567135967,1.0,244.6,BenignTraffic,0
0.0,54.0,6.0,64.0,1467.30942802169,1467.30942802169,0.0,0.0,1.0,0.0,0.0,0.0,0.0,0.0,0.0,1.0,0.0,0.0,0.0,1.0,0.0,0.0,0.0,0.0,0.0,0.0,1.0,0.0,0.0,0.0,0.0,1.0,1.0,567.0,54.0,54.0,54.0,0.0,54.0,82981671.18613437,9.5,10.392304845413264,0.0,0.0,0.0,141.55,DoS-SYN_Flood,1
5.026079573631287,144.72,6.0,64.0,0.5237190239531408,0.5237190239531408,0.0,0.0,1.0,0.0,0.0,0.0,0.0,0.0,0.0,2.68,0.0,0.0,0.0,0.0,0.0,0.0,0.0,0.0,0.0,0.0,1.0,0.0,0.0,0.0,0.0,1.0,1.0,567.0,54.0,54.0,54.0,0.0,54.0,83365676.79740441,9.5,10.392304845413264,0.0,0.0,0.0,141.55,DDoS-SynonymousIP_Flood,1
0.0504514575004577,58.6,6.0,64.59,1.863838281674,1.863838281674,0.0,0.0,1.0,0.0,0.0,0.0,0.0,0.0,0.0,1.03,0.04,0.0,0.05,0.0,0.0,0.0,0.0,0.0,0.0,0.0,1.0,0.0,0.0,0.0,0.0,1.0,1.0,568.16,54.0,54.88,54.06989386739851,0.2159006792849601,54.16,83495266.62123421,9.5,10.399041617239044,0.3062361915442267,0.6183597224691056,0.08,141.55,DDoS-SYN_Flood,1
0.0001270699501037,54.82,6.0,64.0,23.80416981624941,23.80416981624941,0.0,0.0,1.0,0.0,0.0,0.0,0.0,0.0,0.0,1.0,0.01,0.0,0.07,0.0,0.0,0.0,0.0,0.0,0.0,0.0,1.0,0.0,0.0,0.0,0.0,1.0,1.0,570.08,54.0,54.56,54.22169755133068,0.2669861352279231,54.28,83094346.190253,9.5,10.4135436318746,0.3778812675348962,0.5134162000220965,0.14,141.55,DDoS-SYN_Flood,1
0.0,54.0,6.0,64.0,0.6922230972031777,0.6922230972031777,0.0,0.0,0.0,0.0,1.0,1.0,0.0,0.0,0.0,0.0,0.0,1.0,1.0,0.0,0.0,0.0,0.0,0.0,0.0,0.0,1.0,0.0,0.0,0.0,0.0,1.0,1.0,567.0,54.0,54.0,54.0,0.0,54.0,83331202.4064976,9.5,10.392304845413264,0.0,0.0,0.0,141.55,DDoS-PSHACK_Flood,1
0.0,54.0,6.0,64.0,1.0080616858273237,1.0080616858273237,0.0,0.0,0.0,0.0,1.0,1.0,0.0,0.0,0.0,0.0,0.0,1.0,1.0,0.0,0.0,0.0,0.0,0.0,0.0,0.0,1.0,0.0,0.0,0.0,0.0,1.0,1.0,567.0,54.0,54.0,54.0,0.0,54.0,83313824.05398479,9.5,10.392304845413264,0.0,0.0,0.0,141.55,DDoS-PSHACK_Flood,1
1.975080828666687,132.84,6.0,64.0,1.2365346881459989,1.2365346881459989,0.0,0.0,1.0,0.0,0.0,0.0,0.0,0.0,0.0,2.46,0.0,0.0,0.0,0.0,0.0,0.0,0.0,0.0,0.0,0.0,1.0,0.0,0.0,0.0,0.0,1.0,1.0,567.0,54.0,54.0,54.0,0.0,54.0,83365358.28262575,9.5,10.392304845413264,0.0,0.0,0.0,141.55,DDoS-SynonymousIP_Flood,1
4.052687935829162,108.0,6.0,64.0,0.4934997175783753,0.4934997175783753,0.0,0.0,1.0,0.0,0.0,0.0,0.0,0.0,0.0,2.0,0.0,0.0,0.0,0.0,0.0,0.0,0.0,0.0,0.0,0.0,1.0,0.0,0.0,0.0,0.0,1.0,1.0,567.0,54.0,54.0,54.0,0.0,54.0,82985330.06170656,9.5,10.392304845413264,0.0,0.0,0.0,141.55,DoS-SYN_Flood,1
5.140779249668121,108.0,6.0,64.0,0.3890461096042014,0.3890461096042014,0.0,0.0,1.0,0.0,0.0,0.0,0.0,0.0,0.0,2.0,0.0,0.0,0.0,0.0,0.0,0.0,0.0,0.0,0.0,0.0,1.0,0.0,0.0,0.0,0.0,1.0,1.0,567.0,54.0,54.0,54.0,0.0,54.0,83362446.69780822,9.5,10.392304845413264,0.0,0.0,0.0,141.55,DDoS-SynonymousIP_Flood,1
0.0,54.0,6.0,64.0,4.018549714331428,4.018549714331428,0.0,1.0,0.0,1.0,0.0,0.0,0.0,0.0,1.0,0.0,1.0,0.0,0.0,0.0,0.0,0.0,0.0,0.0,0.0,0.0,1.0,0.0,0.0,0.0,0.0,1.0,1.0,567.0,54.0,54.0,54.0,0.0,54.0,83344958.93662117,9.5,10.392304845413264,0.0,0.0,0.0,141.55,DDoS-RSTFINFlood,1
9.74780599117279,162.0,6.0,64.0,0.3077615901473993,0.3077615901473993,0.0,0.0,1.0,0.0,0.0,0.0,0.0,0.0,0.0,3.0,0.0,0.0,0.0,0.0,0.0,0.0,0.0,0.0,0.0,0.0,1.0,0.0,0.0,0.0,0.0,1.0,1.0,567.0,54.0,54.0,54.0,0.0,54.0,82972976.49577922,9.5,10.392304845413264,0.0,0.0,0.0,141.55,DoS-SYN_Flood,1
64.19064135551453,3487807.5,6.0,145.2,56.62260252913497,56.62260252913497,0.0,0.0,0.0,0.0,0.0,1.0,0.0,0.0,0.0,1.4,0.0,235.9,3479.4,0.0,1.0,0.0,0.0,0.0,0.0,0.0,1.0,0.0,0.0,0.0,0.0,1.0,1.0,2944.1,249.6,1514.0,695.9062301587302,520.5421729247555,351.7,0.0085696935653686,5.5,36.33040267633318,736.1578007373502,302408.86963962903,0.9,38.5,BenignTraffic,0
16.98830292224884,829541.0,9.3,200.7,46.809747586433886,46.809747586433886,0.0,0.0,0.0,0.0,0.0,1.0,0.0,0.0,0.0,0.0,0.0,31.5,810.6,0.0,1.0,0.0,0.0,0.0,0.0,0.0,1.0,0.0,0.0,0.0,0.0,1.0,1.0,5822.8,50.0,1514.0,386.6736157422728,564.0879503035383,78.4,166523064.3108042,13.5,27.777271907969578,799.1824774139993,320625.5829869664,1.0,244.6,BenignTraffic,0
7.120064477920533,183.06,5.94,63.36,0.4647372851674307,0.4647372851674307,0.0,0.0,1.0,0.0,0.0,0.0,0.0,0.0,0.0,3.39,0.0,0.0,0.0,0.0,0.0,0.0,0.0,0.0,0.0,0.0,1.0,0.0,0.0,0.0,0.0,1.0,1.0,567.36,54.0,54.36,54.02077063983488,0.0838261590997108,54.06,83362442.3920129,9.5,10.394315427637803,0.1190022174926015,0.11821371174495,0.06,141.55,DDoS-SynonymousIP_Flood,1
14.884165143966674,116095.3,6.0,130.8,62.5732285604254,62.5732285604254,0.0,0.0,0.0,0.0,0.0,1.0,0.0,0.0,0.0,1.8,0.0,126.4,328.1,0.0,1.0,0.0,0.0,0.0,0.0,0.0,1.0,0.0,0.0,0.0,0.0,1.0,1.0,4145.8,66.0,1514.0,534.3628571428571,581.4768295736416,1088.6,0.0036076068878173,5.5,28.83188081787975,822.3324185887528,599619.7318548753,0.6,38.5,BenignTraffic,0
0.0,54.0,6.0,64.0,24.65039411912671,24.65039411912671,0.0,0.0,1.0,0.0,0.0,0.0,0.0,0.0,0.0,1.0,0.0,0.0,0.0,0.0,0.0,0.0,0.0,0.0,0.0,0.0,1.0,0.0,0.0,0.0,0.0,1.0,1.0,567.0,54.0,54.0,54.0,0.0,54.0,83089763.69503793,9.5,10.392304845413264,0.0,0.0,0.0,141.55,DDoS-SYN_Flood,1
2.239202599525452,1076010.0,16.56,64.9,876.7924461373027,876.7924461373027,0.0,0.0,0.0,0.0,0.0,0.0,0.0,0.0,0.0,0.0,0.0,0.02,0.03,0.0,0.0,0.0,0.0,0.0,0.0,0.0,0.0,1.0,0.0,0.0,0.0,1.0,1.0,5664.22,470.38,556.24,540.1987267731408,30.37086767124761,539.82,83711486.36369303,9.5,32.858141497507866,41.6124045997754,5314.586903816797,0.24,141.55,Other_Attack,1
0.0,54.0,6.0,64.0,1.1133873935669245,1.1133873935669245,0.0,0.0,0.0,0.0,0.0,0.0,0.0,0.0,0.0,0.0,0.0,0.0,0.0,0.0,0.0,0.0,0.0,0.0,0.0,0.0,1.0,0.0,0.0,0.0,0.0,1.0,1.0,567.0,54.0,54.0,54.0,0.0,54.0,83064244.94495958,9.5,10.392304845413264,0.0,0.0,0.0,141.55,DDoS-TCP_Flood,1
0.0,0.0,47.0,64.0,19.41169337856538,19.41169337856538,0.0,0.0,0.0,0.0,0.0,0.0,0.0,0.0,0.0,0.0,0.0,0.0,0.0,0.0,0.0,0.0,0.0,0.0,0.0,0.0,0.0,0.0,0.0,0.0,0.0,1.0,1.0,6216.0,592.0,592.0,592.0,0.0,592.0,83698598.49242973,9.5,34.409301068170514,0.0,0.0,0.0,141.55,Other_Attack,1
0.2608974719047546,37623.69,17.0,64.0,3044.289891226217,3044.289891226217,0.0,0.0,0.0,0.0,0.0,0.0,0.0,0.0,0.0,0.0,0.0,0.0,0.0,0.0,0.0,0.0,0.0,0.0,0.0,0.0,0.0,1.0,0.0,0.0,0.0,1.0,1.0,525.28,50.0,50.28,50.02295479314287,0.0755978454099585,50.02,83015824.31954671,9.5,10.00229864581062,0.1070628737356632,0.0418130719185769,0.14,141.55,DoS-UDP_Flood,1
0.0534834933280944,16457.5,17.0,64.0,7217.430455174435,7217.430455174435,0.0,0.0,0.0,0.0,0.0,0.0,0.0,0.0,0.0,0.0,0.0,0.0,0.0,0.0,0.0,0.0,0.0,0.0,0.0,0.0,0.0,1.0,0.0,0.0,0.0,1.0,1.0,525.0,50.0,50.0,50.0,0.0,50.0,83123551.06333941,9.5,10.0,0.0,0.0,0.0,141.55,DDoS-UDP_Flood,1
0.0247127389907836,57.9,6.0,64.0,1.1210096992458518,1.1210096992458518,0.0,0.0,1.0,0.0,0.0,0.0,0.0,0.0,0.0,1.05,0.0,0.0,0.03,0.0,1.0,0.0,0.0,0.0,0.0,0.0,1.0,0.0,0.0,0.0,0.0,1.0,1.0,567.2,54.0,54.2,54.01,0.0435889894354067,54.2,83093992.40579008,9.5,10.392304845413264,0.0,0.0,0.0,141.55,DDoS-SYN_Flood,1
5.321322476863861,338.22,6.0,64.0,0.5929825442830583,0.5929825442830583,0.0,0.0,1.0,0.0,0.0,0.0,0.0,0.0,0.04,2.67,0.06,0.2,0.45,0.0,0.0,0.0,0.0,0.0,0.0,0.0,1.0,0.0,0.0,0.0,0.0,1.0,1.0,578.31,54.0,62.31,54.87639064457215,2.2048171793527733,54.87,83365598.95346983,9.5,10.474298311134389,3.122679041429831,36.78383183532628,0.14,141.55,DDoS-SynonymousIP_Flood,1
4.890360193252564,84.0,17.0,64.0,0.40896976744536,0.40896976744536,0.0,0.0,0.0,0.0,0.0,0.0,0.0,0.0,0.0,0.0,0.0,0.0,0.0,0.0,0.0,0.0,0.0,0.0,0.0,0.0,0.0,1.0,0.0,0.0,0.0,1.0,1.0,441.0,42.0,42.0,42.0,0.0,42.0,83006878.57559183,9.5,9.16515138991168,0.0,0.0,0.0,141.55,DoS-UDP_Flood,1
0.0490671777725219,31587.5,16.2,73.55,13287.940873953696,13287.940873953696,0.0,0.0,0.0,0.0,0.0,0.0,0.0,0.0,0.0,0.0,0.0,0.0,0.0,0.0,0.0,0.0,0.0,0.0,0.0,0.0,0.0,1.0,0.0,0.0,0.0,1.0,1.0,534.0,50.0,54.2,50.58550799991202,1.3682094719880178,51.0,83012433.31719336,9.5,10.057751086227697,1.9386270732764417,9.544412634758672,0.21,141.55,DoS-UDP_Flood,1
0.0,54.0,6.0,64.0,0.998853330901077,0.998853330901077,0.0,1.0,0.0,1.0,0.0,0.0,0.0,0.0,1.0,0.0,1.0,0.0,0.0,0.0,0.0,0.0,0.0,0.0,0.0,0.0,1.0,0.0,0.0,0.0,0.0,1.0,1.0,567.0,54.0,54.0,54.0,0.0,54.0,83348403.70520028,9.5,10.392304845413264,0.0,0.0,0.0,141.55,DDoS-RSTFINFlood,1
0.0,0.0,1.0,64.0,6.749346878251027,6.749346878251027,0.0,0.0,0.0,0.0,0.0,0.0,0.0,0.0,0.0,0.0,0.0,0.0,0.0,0.0,0.0,0.0,0.0,0.0,0.0,0.0,0.0,0.0,0.0,0.0,1.0,1.0,1.0,441.0,42.0,42.0,42.0,0.0,42.0,83128754.4596747,9.5,9.16515138991168,0.0,0.0,0.0,141.55,DDoS-ICMP_Flood,1
0.0014098381996154,54.86,6.0,64.0,15.433635124160032,15.433635124160032,0.0,0.0,1.0,0.0,0.0,0.0,0.0,0.0,0.0,1.0,0.0,0.0,0.01,0.0,0.0,0.0,0.0,0.0,0.0,0.0,1.0,0.0,0.0,0.0,0.0,1.0,1.0,567.6,54.0,54.6,54.03354127966977,0.1377190591052301,54.12,83089064.9301511,9.5,10.395552548272494,0.1956724140081697,0.3832548469798,0.05,141.55,DDoS-SYN_Flood,1
0.5531891894340515,74.52,6.0,64.0,1.276247270695171,1.276247270695171,0.0,0.0,1.0,0.0,0.0,0.0,0.0,0.0,0.0,1.38,0.0,0.0,0.0,0.0,0.0,0.0,0.0,0.0,0.0,0.0,1.0,0.0,0.0,0.0,0.0,1.0,1.0,567.0,54.0,54.0,54.0,0.0,54.0,83361110.5999941,9.5,10.392304845413264,0.0,0.0,0.0,141.55,DDoS-SynonymousIP_Flood,1
0.4928320407867431,1642.3,17.0,53.0,45.34839898927347,45.34839898927347,0.0,0.0,0.0,0.0,0.0,0.0,0.0,0.0,0.0,0.0,0.0,0.0,0.0,0.0,0.0,0.0,0.0,0.0,0.0,0.0,0.0,1.0,0.0,0.0,0.0,1.0,1.0,899.7,61.6,515.4,158.27218253968255,158.99735192557932,137.1,0.000681710243225,5.5,17.57987694446752,224.85621147456223,32288.101755275253,0.9,38.5,BenignTraffic,0
0.0116454911231994,56.42,6.0,65.82,6.844891207560401,6.844891207560401,0.0,1.0,0.0,1.0,0.0,0.0,0.0,0.0,0.99,0.04,0.99,0.0,0.02,0.0,0.0,0.0,0.0,0.0,0.0,0.0,1.0,0.0,0.0,0.0,0.0,1.0,1.0,567.6,54.0,54.6,54.03163742690059,0.134060649818379,54.2,83340852.53782256,9.5,10.395384581822306,0.1911041438608542,0.6087685099688794,0.03,141.55,DDoS-RSTFINFlood,1
0.0,54.0,6.0,64.0,2.0044358189753844,2.0044358189753844,0.0,0.0,0.0,0.0,0.0,0.0,0.0,0.0,0.0,0.0,0.0,0.0,0.0,0.0,0.0,0.0,0.0,0.0,0.0,0.0,1.0,0.0,0.0,0.0,0.0,1.0,1.0,567.0,54.0,54.0,54.0,0.0,54.0,83033390.43697229,9.5,10.392304845413264,0.0,0.0,0.0,141.55,DDoS-TCP_Flood,1
0.0,54.25,6.11,64.0,22.12366517304949,22.12366517304949,0.0,0.0,1.0,0.0,0.0,0.0,0.0,0.0,0.0,0.99,0.0,0.0,0.0,0.0,0.0,0.0,0.0,0.0,0.0,0.0,1.0,0.0,0.0,0.0,0.0,1.0,1.0,569.0,54.0,56.0,54.12363224473325,0.480277845872825,54.25,83089740.19245778,9.5,10.40417836705843,0.6811076367246247,2.9106491830359893,0.08,141.55,DDoS-SYN_Flood,1
27.54771933555603,1675273.7,6.0,129.2,58.79404591113536,58.79404591113536,0.0,0.0,0.0,0.0,0.0,1.0,0.0,0.0,0.0,1.8,0.0,55.4,1609.1,0.0,1.0,0.0,0.0,0.0,0.0,0.0,1.0,0.0,0.0,0.0,0.0,1.0,1.0,3581.6,69.3,1530.5,456.2827380952382,551.6852739517974,1082.9,0.0050595998764038,5.5,26.59249567722988,780.2007965841482,597311.6121432822,0.9,38.5,Other_Attack,1
0.1149828815460205,47475.0,17.0,64.0,8257.70140328443,8257.70140328443,0.0,0.0,0.0,0.0,0.0,0.0,0.0,0.0,0.0,0.0,0.0,0.0,0.0,0.0,0.0,0.0,0.0,0.0,0.0,0.0,0.0,1.0,0.0,0.0,0.0,1.0,1.0,525.0,50.0,50.0,50.0,0.0,50.0,83028594.71272467,9.5,10.0,0.0,0.0,0.0,141.55,DoS-UDP_Flood,1
0.0156981706619262,5875.0,17.0,64.0,7395.484570439143,7395.484570439143,0.0,0.0,0.0,0.0,0.0,0.0,0.0,0.0,0.0,0.0,0.0,0.0,0.0,0.0,0.0,0.0,0.0,0.0,0.0,0.0,0.0,1.0,0.0,0.0,0.0,1.0,1.0,525.0,50.0,50.0,50.0,0.0,50.0,83015905.21789762,9.5,10.0,0.0,0.0,0.0,141.55,DoS-UDP_Flood,1
0.0,0.0,0.98,62.72,2.2085908695024865,2.2085908695024865,0.0,0.0,0.0,0.0,0.0,0.0,0.0,0.0,0.0,0.0,0.0,0.0,0.0,0.0,0.0,0.0,0.0,0.0,0.0,0.0,0.0,0.0,0.0,0.0,1.0,1.0,1.0,442.62,42.0,43.62,42.09801521620794,0.3850301395203,42.36,83482385.4325229,9.5,9.17485013497963,0.4903974984417296,1.508880536485857,0.08,141.55,DDoS-ICMP_Flood,1
0.3252800679206848,100.98,6.0,64.0,5.341340328477381,5.341340328477381,0.0,0.0,1.0,0.0,0.0,0.0,0.0,0.0,0.0,1.87,0.0,0.0,0.0,0.0,0.0,0.0,0.0,0.0,0.0,0.0,1.0,0.0,0.0,0.0,0.0,1.0,1.0,567.0,54.0,54.0,54.0,0.0,54.0,83361810.92534155,9.5,10.392304845413264,0.0,0.0,0.0,141.55,DDoS-SynonymousIP_Flood,1
0.0,54.0,6.0,64.0,32.3848078851712,32.3848078851712,0.0,0.0,0.0,0.0,0.0,0.0,0.0,0.0,0.0,0.0,0.0,0.0,0.0,0.0,0.0,0.0,0.0,0.0,0.0,0.0,1.0,0.0,0.0,0.0,0.0,1.0,1.0,567.0,54.0,54.0,54.0,0.0,54.0,83072330.1558197,9.5,10.392304845413264,0.0,0.0,0.0,141.55,DDoS-TCP_Flood,1
2.677154779434204,996224.6,6.0,87.2,1900.9061014616063,1900.9061014616063,0.0,0.0,0.0,0.0,0.0,1.0,0.0,0.0,0.0,1.8,0.0,214.7,1057.1,1.0,0.0,0.0,0.0,0.0,0.0,0.0,1.0,0.0,0.0,0.0,0.0,1.0,1.0,16519.8,66.0,4254.0,1064.5411021168377,1164.1868689907774,1052.0,166517697.7634677,13.5,46.23881826586737,1648.188181321153,1364688.5582303023,1.0,244.6,BenignTraffic,0
0.0,54.0,6.0,64.0,26.283640966671573,26.283640966671573,0.0,0.0,0.0,0.0,1.0,1.0,0.0,0.0,0.0,0.0,0.0,1.0,1.0,0.0,0.0,0.0,0.0,0.0,0.0,0.0,1.0,0.0,0.0,0.0,0.0,1.0,1.0,567.0,54.0,54.0,54.0,0.0,54.0,83314665.7184298,9.5,10.392304845413264,0.0,0.0,0.0,141.55,DDoS-PSHACK_Flood,1
0.2455393767356872,38275.0,17.0,64.0,3116.9666254992685,3116.9666254992685,0.0,0.0,0.0,0.0,0.0,0.0,0.0,0.0,0.0,0.0,0.0,0.0,0.0,0.0,0.0,0.0,0.0,0.0,0.0,0.0,0.0,1.0,0.0,0.0,0.0,1.0,1.0,525.0,50.0,50.0,50.0,0.0,50.0,83016524.83481164,9.5,10.0,0.0,0.0,0.0,141.55,DoS-UDP_Flood,1
0.0,54.0,6.0,64.0,1.5777009352485467,1.5777009352485467,0.0,0.0,0.0,0.0,1.0,1.0,0.0,0.0,0.0,0.0,0.0,1.0,1.0,0.0,0.0,0.0,0.0,0.0,0.0,0.0,1.0,0.0,0.0,0.0,0.0,1.0,1.0,567.0,54.0,54.0,54.0,0.0,54.0,83313727.2422191,9.5,10.392304845413264,0.0,0.0,0.0,141.55,DDoS-PSHACK_Flood,1
0.0853423905372619,67.38,6.11,64.64,0.6749602609242734,0.6749602609242734,0.0,0.0,0.0,0.0,1.0,1.0,0.0,0.0,0.0,0.0,0.0,0.99,0.99,0.0,0.0,0.0,0.0,0.0,0.0,0.0,1.0,0.0,0.0,0.0,0.0,1.0,1.0,614.04,54.0,101.04,58.45235459200242,13.384556584238808,56.94,83314048.78919958,9.5,10.771384713125272,18.950873641975768,1161.8862710885285,0.16,141.55,DDoS-PSHACK_Flood,1
0.0,0.0,1.0,64.0,0.9707376446482878,0.9707376446482878,0.0,0.0,0.0,0.0,0.0,0.0,0.0,0.0,0.0,0.0,0.0,0.0,0.0,0.0,0.0,0.0,0.0,0.0,0.0,0.0,0.0,0.0,0.0,0.0,1.0,1.0,1.0,441.0,42.0,42.0,42.0,0.0,42.0,83149976.153188,9.5,9.16515138991168,0.0,0.0,0.0,141.55,DDoS-ICMP_Flood,1
180.8133336544037,26363.6,10.4,98.7,14.540435998555688,14.540435998555688,0.0,0.0,0.0,0.0,0.0,0.0,0.0,0.0,0.4,1.2,0.5,9.6,17.2,0.0,1.0,0.0,0.0,0.0,0.0,0.0,1.0,0.0,0.0,0.0,0.0,1.0,1.0,853.4,99.6,538.0,206.87218253968257,164.90069165275423,116.6,0.0073781967163085,5.5,19.6809299891714,233.2047945800288,31133.16268120119,0.9,38.5,Other_Attack,1
0.0,54.0,6.0,64.0,25.739032248166662,25.739032248166662,0.0,1.0,0.0,1.0,0.0,0.0,0.0,0.0,1.0,0.0,1.0,0.0,0.0,0.0,0.0,0.0,0.0,0.0,0.0,0.0,1.0,0.0,0.0,0.0,0.0,1.0,1.0,567.0,54.0,54.0,54.0,0.0,54.0,83344774.19788723,9.5,10.392304845413264,0.0,0.0,0.0,141.55,DDoS-RSTFINFlood,1
0.0,0.0,1.0,64.0,1.196619239333605,1.196619239333605,0.0,0.0,0.0,0.0,0.0,0.0,0.0,0.0,0.0,0.0,0.0,0.0,0.0,0.0,0.0,0.0,0.0,0.0,0.0,0.0,0.0,0.0,0.0,0.0,1.0,1.0,1.0,441.0,42.0,42.0,42.0,0.0,42.0,83483276.78738317,9.5,9.16515138991168,0.0,0.0,0.0,141.55,DDoS-ICMP_Flood,1
4.267814817428589,108.0,6.0,64.0,0.4686239077388622,0.4686239077388622,0.0,0.0,1.0,0.0,0.0,0.0,0.0,0.0,0.0,2.0,0.0,0.0,0.0,0.0,0.0,0.0,0.0,0.0,0.0,0.0,1.0,0.0,0.0,0.0,0.0,1.0,1.0,567.0,54.0,54.0,54.0,0.0,54.0,82972719.54343411,9.5,10.392304845413264,0.0,0.0,0.0,141.55,DoS-SYN_Flood,1
0.0,54.0,6.0,64.0,57.81180135353062,57.81180135353062,0.0,0.0,0.0,0.0,1.0,1.0,0.0,0.0,0.0,0.0,0.0,1.0,1.0,0.0,0.0,0.0,0.0,0.0,0.0,0.0,1.0,0.0,0.0,0.0,0.0,1.0,1.0,567.0,54.0,54.0,54.0,0.0,54.0,83314024.28269763,9.5,10.392304845413264,0.0,0.0,0.0,141.55,DDoS-PSHACK_Flood,1
0.0095737528800964,388.18,5.88,62.72,49.946524870056,49.946524870056,0.0,0.0,0.0,1.0,0.0,0.0,0.0,0.0,0.0,0.0,0.74,0.0,0.23,1.0,0.0,0.0,0.0,0.0,0.0,0.0,1.0,0.0,0.0,0.0,0.0,1.0,1.0,5270.58,100.66,1298.2,484.48777846448365,494.7664155687731,466.72,83340107.84795694,9.5,29.70244055266812,700.4233268406966,293832.95194399514,0.84,141.55,Other_Attack,1
13.500428915023804,939876.7,6.0,114.1,70.0346802612547,70.0346802612547,0.0,0.0,0.0,0.0,0.0,1.0,0.0,0.0,0.0,0.0,0.0,49.5,945.5,0.0,1.0,0.0,0.0,0.0,0.0,0.0,1.0,0.0,0.0,0.0,0.0,1.0,1.0,16048.7,60.0,4699.6,978.7057633762006,1453.8995517044043,2286.5,166525308.2114637,13.5,43.55473343664713,2059.795486538309,2252996.242205818,1.0,244.6,BenignTraffic,0
0.0,54.0,6.0,64.0,421.4957290724551,421.4957290724551,0.0,0.0,1.0,0.0,0.0,0.0,0.0,0.0,0.0,1.0,0.0,0.0,0.0,0.0,0.0,0.0,0.0,0.0,0.0,0.0,1.0,0.0,0.0,0.0,0.0,1.0,1.0,567.0,54.0,54.0,54.0,0.0,54.0,83495267.61482048,9.5,10.392304845413264,0.0,0.0,0.0,141.55,DDoS-SYN_Flood,1
0.0877114391326904,76.77,6.0,67.59,5.341430554611341,5.341430554611341,0.0,0.0,1.0,0.0,0.0,0.0,0.0,0.0,0.0,1.1,0.03,0.04,0.14,0.0,1.0,0.0,0.0,0.0,0.0,0.0,1.0,0.0,0.0,0.0,0.0,1.0,1.0,678.68,54.0,162.72,62.1753552086888,28.028908356596595,63.34,82985961.83277993,9.5,11.018019610903268,39.707080385510615,6653.719993010742,0.12,141.55,DoS-SYN_Flood,1
0.0,54.0,6.0,64.0,9.87195863210084,9.87195863210084,0.0,1.0,0.0,1.0,0.0,0.0,0.0,0.0,1.0,0.0,1.0,0.0,0.0,0.0,0.0,0.0,0.0,0.0,0.0,0.0,1.0,0.0,0.0,0.0,0.0,1.0,1.0,567.0,54.0,54.0,54.0,0.0,54.0,83349393.48102292,9.5,10.392304845413264,0.0,0.0,0.0,141.55,DDoS-RSTFINFlood,1
0.0,54.0,6.0,64.0,40.5366219030729,40.5366219030729,0.0,0.0,0.0,0.0,0.0,0.0,0.0,0.0,0.0,0.0,0.0,0.0,0.0,0.0,0.0,0.0,0.0,0.0,0.0,0.0,1.0,0.0,0.0,0.0,0.0,1.0,1.0,567.0,54.0,54.0,54.0,0.0,54.0,82955807.40025984,9.5,10.392304845413264,0.0,0.0,0.0,141.55,DoS-TCP_Flood,1
0.0,54.0,6.0,64.0,30.04720235259564,30.04720235259564,0.0,0.0,1.0,0.0,0.0,0.0,0.0,0.0,0.0,1.0,0.0,0.0,0.0,0.0,0.0,0.0,0.0,0.0,0.0,0.0,1.0,0.0,0.0,0.0,0.0,1.0,1.0,567.0,54.0,54.0,54.0,0.0,54.0,83093385.47338238,9.5,10.392304845413264,0.0,0.0,0.0,141.55,DDoS-SYN_Flood,1
96.8733934879303,22135.6,14.8,82.2,16.09260364735771,16.09260364735771,0.0,0.0,0.0,0.0,0.0,0.0,0.0,0.0,0.0,0.1,0.0,7.5,19.9,0.0,0.0,0.0,0.0,0.0,0.0,0.0,0.0,1.0,0.0,0.0,0.0,1.0,1.0,1225.2,49.6,96.2,78.75684365170434,12.454169950273554,83.0,166861617.2426346,13.5,12.563647616050895,17.363401814272315,151.45556005549457,1.0,244.6,Other_Attack,1
0.0,1.24,1.16,64.64,35.51384945386809,35.51384945386809,0.0,0.0,0.0,0.0,0.0,0.0,0.0,0.0,0.0,0.0,0.0,0.0,0.0,0.0,0.0,0.0,0.0,0.0,0.0,0.0,0.0,0.0,0.0,0.0,1.0,1.0,1.0,451.66,42.0,52.66,42.82400366171496,2.812571434796558,42.82,83124434.20105731,9.5,9.25189034516937,3.983783062531773,62.05430450737269,0.13,141.55,DDoS-ICMP_Flood,1
0.0,54.0,6.0,64.0,43.81732612499673,43.81732612499673,0.0,0.0,1.0,0.0,0.0,0.0,0.0,0.0,0.0,1.0,0.0,0.0,0.0,0.0,0.0,0.0,0.0,0.0,0.0,0.0,1.0,0.0,0.0,0.0,0.0,1.0,1.0,567.0,54.0,54.0,54.0,0.0,54.0,83361248.78886636,9.5,10.392304845413264,0.0,0.0,0.0,141.55,DDoS-SynonymousIP_Flood,1
490.3473554134369,34560.0,9.8,187.0,0.4879859445385008,0.4879859445385008,0.0,0.0,0.0,0.0,0.0,0.0,0.0,0.0,0.0,0.0,0.0,131.8,226.4,0.0,0.0,0.0,0.0,0.0,0.0,0.0,0.0,0.0,0.0,0.0,0.0,1.0,1.0,2615.9,58.0,357.8,168.40933554319778,117.84600286856116,176.5,166846750.6848945,13.5,18.33417880989755,166.98197525109293,13954.907422498913,1.0,244.6,Other_Attack,1
0.0,54.0,6.0,64.0,4.711846108824075,4.711846108824075,0.0,0.0,1.0,0.0,0.0,0.0,0.0,0.0,0.0,1.0,0.0,0.0,0.0,0.0,0.0,0.0,0.0,0.0,0.0,0.0,1.0,0.0,0.0,0.0,0.0,1.0,1.0,567.0,54.0,54.0,54.0,0.0,54.0,83362143.91620998,9.5,10.392304845413264,0.0,0.0,0.0,141.55,DDoS-SynonymousIP_Flood,1
0.0,0.0,1.0,65.91,1.2246696401830126,1.2246696401830126,0.0,0.0,0.0,0.0,0.0,0.0,0.0,0.0,0.0,0.0,0.0,0.0,0.0,0.0,0.0,0.0,0.0,0.0,0.0,0.0,0.0,0.0,0.0,0.0,1.0,1.0,1.0,441.0,42.0,42.0,42.0,0.0,42.0,83128756.06620191,9.5,9.16515138991168,0.0,0.0,0.0,141.55,DDoS-ICMP_Flood,1
0.0,0.0,46.53,63.36,43.592130288826304,43.592130288826304,0.0,0.0,0.0,0.0,0.0,0.0,0.0,0.0,0.0,0.0,0.0,0.0,0.0,0.0,0.0,0.0,0.0,0.0,0.0,0.0,0.0,0.0,0.0,0.0,0.0,1.0,1.0,6146.84,522.84,592.0,586.6540250239956,18.247414674533765,586.68,83677000.67067999,9.5,34.25046324773297,25.846007186181737,2611.965716670828,0.13,141.55,Other_Attack,1
0.1656367397308349,30393.0,16.83,63.36,3668.4395792127775,3668.4395792127775,0.0,0.0,0.0,0.0,0.0,0.0,0.0,0.0,0.0,0.0,0.0,0.0,0.0,0.0,0.0,0.0,0.0,0.0,0.0,0.0,0.0,1.0,0.0,0.0,0.0,1.0,1.0,525.4,50.0,50.4,50.02170106639147,0.0905597366738954,50.1,83015891.6381768,9.5,10.002190412133174,0.1288276851627352,0.2075554492915278,0.04,141.55,DoS-UDP_Flood,1
3.092930424213409,188.46,6.0,64.0,1.1481678761702867,1.1481678761702867,0.0,0.0,1.0,0.0,0.0,0.0,0.0,0.0,0.0,3.49,0.0,0.0,0.0,0.0,0.0,0.0,0.0,0.0,0.0,0.0,1.0,0.0,0.0,0.0,0.0,1.0,1.0,567.0,54.0,54.0,54.0,0.0,54.0,83361209.81013449,9.5,10.392304845413264,0.0,0.0,0.0,141.55,DDoS-SynonymousIP_Flood,1
0.0,0.0,47.0,64.0,13.405450323685882,13.405450323685882,0.0,0.0,0.0,0.0,0.0,0.0,0.0,0.0,0.0,0.0,0.0,0.0,0.0,0.0,0.0,0.0,0.0,0.0,0.0,0.0,0.0,0.0,0.0,0.0,0.0,1.0,1.0,6216.0,592.0,592.0,592.0,0.0,592.0,83702648.82305507,9.5,34.409301068170514,0.0,0.0,0.0,141.55,Other_Attack,1
63.10509877204895,93693.2,8.2,108.7,32.42034937218924,32.42034937218924,0.0,0.0,0.0,0.0,0.0,1.0,0.0,0.0,0.0,1.2,0.0,147.2,332.5,0.0,1.0,0.0,0.0,0.0,0.0,0.0,1.0,0.0,0.0,0.0,0.0,1.0,1.0,4099.4,115.2,1385.6,731.9161904761905,597.7735174615257,678.0,0.0063092947006225,5.5,37.74762297663783,845.3794156215596,397679.5354739229,0.9,38.5,BenignTraffic,0
0.0,54.0,6.0,64.0,9.002764597130081,9.002764597130081,0.0,0.0,1.0,0.0,0.0,0.0,0.0,0.0,0.0,1.0,0.0,0.0,0.0,0.0,0.0,0.0,0.0,0.0,0.0,0.0,1.0,0.0,0.0,0.0,0.0,1.0,1.0,567.0,54.0,54.0,54.0,0.0,54.0,83362526.21418615,9.5,10.392304845413264,0.0,0.0,0.0,141.55,DDoS-SynonymousIP_Flood,1
10.869901022911073,108.0,6.0,64.0,0.1839943210587705,0.1839943210587705,0.0,0.0,1.0,0.0,0.0,0.0,0.0,0.0,0.0,2.0,0.0,0.0,0.0,0.0,0.0,0.0,0.0,0.0,0.0,0.0,1.0,0.0,0.0,0.0,0.0,1.0,1.0,567.0,54.0,54.0,54.0,0.0,54.0,82976841.69036172,9.5,10.392304845413264,0.0,0.0,0.0,141.55,DoS-SYN_Flood,1
0.0,54.0,6.0,64.0,15.325437322444795,15.325437322444795,0.0,1.0,0.0,1.0,0.0,0.0,0.0,0.0,1.0,0.0,1.0,0.0,0.0,0.0,0.0,0.0,0.0,0.0,0.0,0.0,1.0,0.0,0.0,0.0,0.0,1.0,1.0,567.0,54.0,54.0,54.0,0.0,54.0,83343836.40335493,9.5,10.392304845413264,0.0,0.0,0.0,141.55,DDoS-RSTFINFlood,1
0.0,54.0,6.0,64.0,17.131402026429072,17.131402026429072,0.0,1.0,0.0,1.0,0.0,0.0,0.0,0.0,1.0,0.0,1.0,0.0,0.0,0.0,0.0,0.0,0.0,0.0,0.0,0.0,1.0,0.0,0.0,0.0,0.0,1.0,1.0,567.0,54.0,54.0,54.0,0.0,54.0,83344517.40360126,9.5,10.392304845413264,0.0,0.0,0.0,141.55,DDoS-RSTFINFlood,1
0.1512562870979309,29831.5,17.0,64.0,5114.7481195556575,5114.7481195556575,0.0,0.0,0.0,0.0,0.0,0.0,0.0,0.0,0.0,0.0,0.0,0.0,0.0,0.0,0.0,0.0,0.0,0.0,0.0,0.0,0.0,1.0,0.0,0.0,0.0,1.0,1.0,525.0,50.0,50.0,50.0,0.0,50.0,83106696.72238341,9.5,10.0,0.0,0.0,0.0,141.55,DDoS-UDP_Flood,1
4.803262197971344,108.0,6.0,64.0,0.4163836834341969,0.4163836834341969,0.0,0.0,1.0,0.0,0.0,0.0,0.0,0.0,0.0,2.0,0.0,0.0,0.0,0.0,0.0,0.0,0.0,0.0,0.0,0.0,1.0,0.0,0.0,0.0,0.0,1.0,1.0,567.0,54.0,54.0,54.0,0.0,54.0,82985267.14405078,9.5,10.392304845413264,0.0,0.0,0.0,141.55,DoS-SYN_Flood,1
0.0,54.0,6.0,64.0,3.005165873992797,3.005165873992797,0.0,0.0,0.0,0.0,1.0,1.0,0.0,0.0,0.0,0.0,0.0,1.0,1.0,0.0,0.0,0.0,0.0,0.0,0.0,0.0,1.0,0.0,0.0,0.0,0.0,1.0,1.0,567.0,54.0,54.0,54.0,0.0,54.0,83313801.0517219,9.5,10.392304845413264,0.0,0.0,0.0,141.55,DDoS-PSHACK_Flood,1
0.0,53.46,5.94,63.36,674.4989064711178,674.4989064711178,0.0,0.0,1.0,0.0,0.0,0.0,0.0,0.0,0.0,0.99,0.0,0.0,0.0,0.0,0.0,0.0,0.0,0.0,0.0,0.0,1.0,0.0,0.0,0.0,0.0,1.0,1.0,567.12,54.0,54.12,54.006157894736845,0.0264745095267881,54.06,82972972.86526246,9.5,10.392911696622669,0.0378947368421052,0.0359002770083102,0.02,141.55,DoS-SYN_Flood,1
0.0616285967826843,58.98,6.0,64.0,14.8248319067999,14.8248319067999,0.0,0.0,1.0,0.0,0.0,0.0,0.0,0.0,0.0,1.03,0.06,0.0,0.06,0.0,0.0,0.0,0.0,0.0,0.0,0.0,1.0,0.0,0.0,0.0,0.0,1.0,1.0,567.0,54.0,54.0,54.0,0.0,54.0,82985617.4092928,9.5,10.392304845413264,0.0,0.0,0.0,141.55,DoS-SYN_Flood,1
0.7567790389060974,319719.52,16.72,65.27,978.0038365523294,978.0038365523294,0.0,0.0,0.0,0.0,0.0,0.0,0.0,0.0,0.0,0.01,0.0,0.0,0.0,0.0,0.0,0.0,0.0,0.0,0.0,0.0,0.0,1.0,0.0,0.0,0.0,1.0,1.0,5653.64,469.68,554.0,537.7673773942774,32.070149536865294,544.1,83788965.26849255,9.5,32.76951601700782,45.402288456797706,6201.724045143171,0.17,141.55,Other_Attack,1
0.0025046586990356,59.59,5.94,63.08,19.18153327038161,19.18153327038161,0.0,0.0,0.0,0.0,0.0,0.0,0.0,0.0,0.0,0.02,0.0,0.01,0.05,1.0,0.0,0.0,0.0,0.0,0.0,0.0,1.0,0.0,0.0,0.0,0.0,1.0,1.0,636.09,54.0,121.05,61.23584561143191,19.6357936143052,58.05,82943077.92874071,9.5,10.979432442190053,27.79880624038305,2275.425627866472,0.37,141.55,DoS-TCP_Flood,1
1.3800860786437987,102.6,6.0,64.0,1.091573036247008,1.091573036247008,0.0,0.0,1.0,0.0,0.0,0.0,0.0,0.0,0.0,1.9,0.0,0.0,0.0,0.0,0.0,0.0,0.0,0.0,0.0,0.0,1.0,0.0,0.0,0.0,0.0,1.0,1.0,567.0,54.0,54.0,54.0,0.0,54.0,83361912.75345781,9.5,10.392304845413264,0.0,0.0,0.0,141.55,DDoS-SynonymousIP_Flood,1
0.0,54.0,6.0,64.0,49.2124582739342,49.2124582739342,0.0,0.0,1.0,0.0,0.0,0.0,0.0,0.0,0.0,1.0,0.0,0.0,0.0,0.0,0.0,0.0,0.0,0.0,0.0,0.0,1.0,0.0,0.0,0.0,0.0,1.0,1.0,567.0,54.0,54.0,54.0,0.0,54.0,82985558.94625306,9.5,10.392304845413264,0.0,0.0,0.0,141.55,DoS-SYN_Flood,1
0.073380274772644,27857.0,17.0,64.0,10244.788928046672,10244.788928046672,0.0,0.0,0.0,0.0,0.0,0.0,0.0,0.0,0.0,0.0,0.0,0.0,0.0,0.0,0.0,0.0,0.0,0.0,0.0,0.0,0.0,1.0,0.0,0.0,0.0,1.0,1.0,525.0,50.0,50.0,50.0,0.0,50.0,83123610.97906366,9.5,10.0,0.0,0.0,0.0,141.55,DDoS-UDP_Flood,1
0.0157788228988647,6975.0,17.0,64.0,8758.081397397526,8758.081397397526,0.0,0.0,0.0,0.0,0.0,0.0,0.0,0.0,0.0,0.0,0.0,0.0,0.0,0.0,0.0,0.0,0.0,0.0,0.0,0.0,0.0,1.0,0.0,0.0,0.0,1.0,1.0,525.0,50.0,50.0,50.0,0.0,50.0,83016514.822053,9.5,10.0,0.0,0.0,0.0,141.55,DoS-UDP_Flood,1
0.0007710599899291,1.08,45.76,62.52,14.40070752379097,14.40070752379097,0.0,0.0,0.0,0.0,0.0,0.0,0.0,0.0,0.0,0.0,0.0,0.0,0.0,0.0,0.0,0.0,0.0,0.0,0.0,0.0,0.0,0.0,0.0,0.0,0.0,1.0,1.0,5924.26,464.34,578.0,567.2612662243158,32.675863346297575,562.48,83581744.12701435,9.5,33.67507790119476,46.3001936958585,4983.536614630666,0.22,141.55,Other_Attack,1
0.0,54.0,6.0,64.0,0.6049873946054634,0.6049873946054634,0.0,0.0,1.0,0.0,0.0,0.0,0.0,0.0,0.0,1.0,0.0,0.0,0.0,0.0,0.0,0.0,0.0,0.0,0.0,0.0,1.0,0.0,0.0,0.0,0.0,1.0,1.0,567.0,54.0,54.0,54.0,0.0,54.0,83089959.10959981,9.5,10.392304845413264,0.0,0.0,0.0,141.55,DDoS-SYN_Flood,1
0.2301776957511901,107.46,6.0,64.0,8.603536950384711,8.603536950384711,0.0,0.0,1.0,0.0,0.0,0.0,0.0,0.0,0.0,1.99,0.0,0.0,0.0,0.0,0.0,0.0,0.0,0.0,0.0,0.0,1.0,0.0,0.0,0.0,0.0,1.0,1.0,567.0,54.0,54.0,54.0,0.0,54.0,83365360.23887134,9.5,10.392304845413264,0.0,0.0,0.0,141.55,DDoS-SynonymousIP_Flood,1
0.0,54.0,6.0,64.0,2.8905993642153103,2.8905993642153103,0.0,0.0,0.0,0.0,0.0,0.0,0.0,0.0,0.0,0.0,0.0,0.0,0.0,0.0,0.0,0.0,0.0,0.0,0.0,0.0,1.0,0.0,0.0,0.0,0.0,1.0,1.0,567.0,54.0,54.0,54.0,0.0,54.0,82946400.29221447,9.5,10.392304845413264,0.0,0.0,0.0,141.55,DoS-TCP_Flood,1
0.027081069946289,58.49,6.0,65.91,1.1145456552484465,1.1145456552484465,0.0,0.0,0.0,0.0,1.0,1.0,0.0,0.0,0.0,0.0,0.01,1.0,1.02,0.0,0.0,0.0,0.0,0.0,0.0,0.0,1.0,0.0,0.0,0.0,0.0,1.0,1.0,567.0,54.0,54.0,54.0,0.0,54.0,83331735.33199029,9.5,10.392304845413264,0.0,0.0,0.0,141.55,DDoS-PSHACK_Flood,1
0.2073877239227295,34714.0,17.0,64.0,3348.489205548933,3348.489205548933,0.0,0.0,0.0,0.0,0.0,0.0,0.0,0.0,0.0,0.0,0.0,0.0,0.0,0.0,0.0,0.0,0.0,0.0,0.0,0.0,0.0,1.0,0.0,0.0,0.0,1.0,1.0,525.0,50.0,50.0,50.0,0.0,50.0,83015829.3984343,9.5,10.0,0.0,0.0,0.0,141.55,DoS-UDP_Flood,1
0.0,54.0,6.0,64.0,17.508072999282028,17.508072999282028,0.0,0.0,0.0,0.0,1.0,1.0,0.0,0.0,0.0,0.0,0.0,1.0,1.0,0.0,0.0,0.0,0.0,0.0,0.0,0.0,1.0,0.0,0.0,0.0,0.0,1.0,1.0,567.0,54.0,54.0,54.0,0.0,54.0,83313919.26472187,9.5,10.392304845413264,0.0,0.0,0.0,141.55,DDoS-PSHACK_Flood,1
2.153099632263184,442144.0,6.0,232.0,169.28912716663626,169.28912716663626,0.0,0.0,0.0,0.0,0.0,1.0,0.0,0.0,0.0,2.0,0.0,15.0,363.5,0.0,1.0,0.0,0.0,0.0,0.0,0.0,1.0,0.0,0.0,0.0,0.0,1.0,1.0,1023.0,66.0,66.0,66.0,0.0,66.0,166520803.2780611,13.5,11.489125293076055,0.0,0.0,0.0,244.6,BenignTraffic,0
0.0,0.0,1.0,64.0,37.7343403491568,37.7343403491568,0.0,0.0,0.0,0.0,0.0,0.0,0.0,0.0,0.0,0.0,0.0,0.0,0.0,0.0,0.0,0.0,0.0,0.0,0.0,0.0,0.0,0.0,0.0,0.0,1.0,1.0,1.0,441.0,42.0,42.0,42.0,0.0,42.0,83149987.09511448,9.5,9.16515138991168,0.0,0.0,0.0,141.55,DDoS-ICMP_Flood,1
0.9720994687080384,108.0,6.0,64.0,2.0574509287512126,2.0574509287512126,0.0,0.0,1.0,0.0,0.0,0.0,0.0,0.0,0.0,2.0,0.0,0.0,0.0,0.0,0.0,0.0,0.0,0.0,0.0,0.0,1.0,0.0,0.0,0.0,0.0,1.0,1.0,567.0,54.0,54.0,54.0,0.0,54.0,83365362.60164055,9.5,10.392304845413264,0.0,0.0,0.0,141.55,DDoS-SynonymousIP_Flood,1
0.1140131187438964,29452.74,16.67,63.57,7075.498189870558,7075.498189870558,0.0,0.0,0.0,0.0,0.0,0.0,0.0,0.0,0.01,0.06,0.0,0.05,0.15,0.0,0.0,0.0,0.0,0.0,0.0,0.0,0.0,1.0,0.0,0.0,0.0,1.0,1.0,567.3,50.0,89.26,52.830357580886606,9.724890849443112,54.23,83106476.23304038,9.5,10.251977534162094,13.78228341742406,947.4820857594368,0.11,141.55,DDoS-UDP_Flood,1
0.0,54.0,6.0,64.0,2.567404689305745,2.567404689305745,0.0,0.0,1.0,0.0,0.0,0.0,0.0,0.0,0.0,1.0,0.0,0.0,0.0,0.0,0.0,0.0,0.0,0.0,0.0,0.0,1.0,0.0,0.0,0.0,0.0,1.0,1.0,567.0,54.0,54.0,54.0,0.0,54.0,83362132.37847658,9.5,10.392304845413264,0.0,0.0,0.0,141.55,DDoS-SynonymousIP_Flood,1
0.0063780522346496,25.26,1.3,63.36,19.736352195919256,19.736352195919256,0.0,0.0,0.0,0.0,0.0,0.0,0.0,0.0,0.03,0.05,0.0,0.04,0.15,0.0,0.0,0.0,0.0,0.0,0.0,0.0,0.0,0.0,0.0,0.0,1.0,1.0,1.0,449.5,42.0,44.54,42.50930065264973,0.9010638809350254,43.26,83124779.16358589,9.5,9.219106727542671,1.2770323429463353,9.507921024297646,0.09,141.55,DDoS-ICMP_Flood,1
0.0071858763694763,2357.5,17.0,64.0,132142.6889204298,132142.6889204298,0.0,0.0,0.0,0.0,0.0,0.0,0.0,0.0,0.0,0.0,0.0,0.0,0.0,0.0,0.0,0.0,0.0,0.0,0.0,0.0,0.0,1.0,0.0,0.0,0.0,1.0,1.0,525.0,50.0,50.0,50.0,0.0,50.0,83123634.83269265,9.5,10.0,0.0,0.0,0.0,141.55,DDoS-UDP_Flood,1
0.0,54.0,6.0,64.0,12.35210064730447,12.35210064730447,0.0,0.0,1.0,0.0,0.0,0.0,0.0,0.0,0.0,1.0,0.0,0.0,0.0,0.0,0.0,0.0,0.0,0.0,0.0,0.0,1.0,0.0,0.0,0.0,0.0,1.0,1.0,567.0,54.0,54.0,54.0,0.0,54.0,83089293.7225015,9.5,10.392304845413264,0.0,0.0,0.0,141.55,DDoS-SYN_Flood,1
6.502115106582641,108.0,6.0,64.0,0.3075923102376256,0.3075923102376256,0.0,0.0,0.0,0.0,0.0,0.0,0.0,0.0,0.0,0.0,0.0,0.0,0.0,0.0,0.0,0.0,0.0,0.0,0.0,0.0,1.0,0.0,0.0,0.0,0.0,1.0,1.0,567.0,54.0,54.0,54.0,0.0,54.0,82943181.77151358,9.5,10.392304845413264,0.0,0.0,0.0,141.55,DoS-TCP_Flood,1
0.4375714778900146,83.16,6.0,64.0,2.464468250628613,2.464468250628613,0.0,0.0,1.0,0.0,0.0,0.0,0.0,0.0,0.0,1.54,0.0,0.0,0.0,0.0,0.0,0.0,0.0,0.0,0.0,0.0,1.0,0.0,0.0,0.0,0.0,1.0,1.0,567.0,54.0,54.0,54.0,0.0,54.0,83362448.48764639,9.5,10.392304845413264,0.0,0.0,0.0,141.55,DDoS-SynonymousIP_Flood,1
0.0054784488677978,65.52,6.0,64.0,14.927766214062762,14.927766214062762,0.0,0.0,1.0,0.0,0.0,0.0,0.0,0.0,0.01,1.02,0.0,0.02,0.09,0.0,0.0,0.0,0.0,0.0,0.0,0.0,1.0,0.0,0.0,0.0,0.0,1.0,1.0,568.32,54.0,54.72,54.07508255933953,0.2188217237875364,54.24,82981067.91073729,9.5,10.39954708462608,0.3106302954950902,0.8100497284764756,0.06,141.55,DoS-SYN_Flood,1
0.0,54.0,6.0,64.0,7.11022508147602,7.11022508147602,0.0,0.0,1.0,0.0,0.0,0.0,0.0,0.0,0.0,1.0,0.0,0.0,0.0,0.0,0.0,0.0,0.0,0.0,0.0,0.0,1.0,0.0,0.0,0.0,0.0,1.0,1.0,567.0,54.0,54.0,54.0,0.0,54.0,83362148.37199377,9.5,10.392304845413264,0.0,0.0,0.0,141.55,DDoS-SynonymousIP_Flood,1
0.1359283828735351,20900.86,16.89,64.0,3225.210873744987,3225.210873744987,0.0,0.0,0.0,0.0,0.0,0.0,0.0,0.0,0.01,0.02,0.0,0.02,0.06,0.0,0.0,0.0,0.0,0.0,0.0,0.0,0.0,1.0,0.0,0.0,0.0,1.0,1.0,535.68,50.0,60.68,50.579418472652215,2.4179449691930075,52.67,83101939.01232429,9.5,10.05487343411488,3.439699193845031,147.96420424543726,0.04,141.55,DDoS-UDP_Flood,1
0.0,54.0,6.0,64.0,3.163910996496869,3.163910996496869,0.0,1.0,0.0,1.0,0.0,0.0,0.0,0.0,1.0,0.0,1.0,0.0,0.0,0.0,0.0,0.0,0.0,0.0,0.0,0.0,1.0,0.0,0.0,0.0,0.0,1.0,1.0,567.0,54.0,54.0,54.0,0.0,54.0,83349390.09947746,9.5,10.392304845413264,0.0,0.0,0.0,141.55,DDoS-RSTFINFlood,1
0.0,54.0,6.0,64.0,1.751054564435426,1.751054564435426,0.0,1.0,0.0,1.0,0.0,0.0,0.0,0.0,1.0,0.0,1.0,0.0,0.0,0.0,0.0,0.0,0.0,0.0,0.0,0.0,1.0,0.0,0.0,0.0,0.0,1.0,1.0,567.0,54.0,54.0,54.0,0.0,54.0,83348233.06577523,9.5,10.392304845413264,0.0,0.0,0.0,141.55,DDoS-RSTFINFlood,1
6.82944688796997,189372.7,9.3,69.0,26.76241327627746,26.76241327627746,0.0,0.0,0.0,0.0,0.0,1.0,0.0,0.0,0.0,0.0,0.0,33.8,226.2,0.0,1.0,0.0,0.0,0.0,0.0,0.0,1.0,0.0,0.0,0.0,0.0,1.0,1.0,1893.6,54.0,460.4,115.18871167746944,110.34217230498798,402.8,166525675.36903,13.5,14.58188404389151,140.83943127874463,22118.07952479948,1.0,244.6,BenignTraffic,0
0.0,52.92,5.88,62.72,700.9588323770267,700.9588323770267,0.0,1.0,0.0,1.0,0.0,0.0,0.0,0.0,0.98,0.0,0.98,0.0,0.0,0.0,0.0,0.0,0.0,0.0,0.0,0.0,1.0,0.0,0.0,0.0,0.0,1.0,1.0,568.68,54.0,55.68,54.16599066361914,0.4765178435644058,54.12,83344177.64442167,9.5,10.408245341978946,0.6748062499058549,0.8563231063257678,0.28,141.55,DDoS-RSTFINFlood,1
3.1610695934295654,2412776.16,17.0,64.0,1379.2024589379373,1379.2024589379373,0.0,0.0,0.0,0.0,0.0,0.0,0.0,0.0,0.0,0.0,0.0,0.0,0.0,0.0,0.0,0.0,0.0,0.0,0.0,0.0,0.0,1.0,0.0,0.0,0.0,1.0,1.0,5733.48,470.48,554.0,544.2664879908533,25.320421950960508,549.36,83759211.26534173,9.5,32.98266000306451,35.84360323726371,3776.1581607232615,0.18,141.55,Other_Attack,1
0.0,54.0,6.0,64.0,1.9351700429337613,1.9351700429337613,0.0,0.0,1.0,0.0,0.0,0.0,0.0,0.0,0.0,1.0,0.0,0.0,0.0,0.0,0.0,0.0,0.0,0.0,0.0,0.0,1.0,0.0,0.0,0.0,0.0,1.0,1.0,567.0,54.0,54.0,54.0,0.0,54.0,83089911.37271696,9.5,10.392304845413264,0.0,0.0,0.0,141.55,DDoS-SYN_Flood,1
0.3525284385681152,22633.0,17.0,64.0,2235.2719126483835,2235.2719126483835,0.0,0.0,0.0,0.0,0.0,0.0,0.0,0.0,0.0,0.0,0.0,0.0,0.0,0.0,0.0,0.0,0.0,0.0,0.0,0.0,0.0,1.0,0.0,0.0,0.0,1.0,1.0,525.0,50.0,50.0,50.0,0.0,50.0,83123615.66784264,9.5,10.0,0.0,0.0,0.0,141.55,DDoS-UDP_Flood,1
0.3633831334114075,41967.0,17.0,64.0,2808.333914425919,2808.333914425919,0.0,0.0,0.0,0.0,0.0,0.0,0.0,0.0,0.0,0.0,0.0,0.0,0.0,0.0,0.0,0.0,0.0,0.0,0.0,0.0,0.0,1.0,0.0,0.0,0.0,1.0,1.0,525.0,50.0,50.0,50.0,0.0,50.0,83106334.41378236,9.5,10.0,0.0,0.0,0.0,141.55,DDoS-UDP_Flood,1
0.0,0.0,1.0,64.0,18.35131871401319,18.35131871401319,0.0,0.0,0.0,0.0,0.0,0.0,0.0,0.0,0.0,0.0,0.0,0.0,0.0,0.0,0.0,0.0,0.0,0.0,0.0,0.0,0.0,0.0,0.0,0.0,1.0,1.0,1.0,441.0,42.0,42.0,42.0,0.0,42.0,83153717.07738438,9.5,9.16515138991168,0.0,0.0,0.0,141.55,DDoS-ICMP_Flood,1
0.0,54.0,6.0,64.0,2.549256836697594,2.549256836697594,0.0,0.0,1.0,0.0,0.0,0.0,0.0,0.0,0.0,1.0,0.0,0.0,0.0,0.0,0.0,0.0,0.0,0.0,0.0,0.0,1.0,0.0,0.0,0.0,0.0,1.0,1.0,567.0,54.0,54.0,54.0,0.0,54.0,83090173.10138556,9.5,10.392304845413264,0.0,0.0,0.0,141.55,DDoS-SYN_Flood,1
0.0,0.0,1.0,64.0,25.10513759384733,25.10513759384733,0.0,0.0,0.0,0.0,0.0,0.0,0.0,0.0,0.0,0.0,0.0,0.0,0.0,0.0,0.0,0.0,0.0,0.0,0.0,0.0,0.0,0.0,0.0,0.0,1.0,1.0,1.0,441.0,42.0,42.0,42.0,0.0,42.0,83129064.07211441,9.5,9.16515138991168,0.0,0.0,0.0,141.55,DDoS-ICMP_Flood,1
0.0,81.0,6.0,64.0,104.74187859991532,104.74187859991532,0.0,0.0,0.0,0.0,0.0,0.0,0.0,0.0,0.0,0.0,0.0,0.0,0.0,0.0,0.0,0.0,0.0,0.0,0.0,0.0,1.0,0.0,0.0,0.0,0.0,1.0,1.0,567.0,54.0,54.0,54.0,0.0,54.0,82925822.53214058,9.5,10.392304845413264,0.0,0.0,0.0,141.55,DoS-TCP_Flood,1
2.1255411982536314,129.6,6.0,64.0,1.1114526430886538,1.1114526430886538,0.0,0.0,1.0,0.0,0.0,0.0,0.0,0.0,0.0,2.4,0.0,0.0,0.0,0.0,0.0,0.0,0.0,0.0,0.0,0.0,1.0,0.0,0.0,0.0,0.0,1.0,1.0,567.0,54.0,54.0,54.0,0.0,54.0,83361246.01962514,9.5,10.392304845413264,0.0,0.0,0.0,141.55,DDoS-SynonymousIP_Flood,1
10.6967725276947,913484.1,10.4,64.0,51.88059575762604,51.88059575762604,0.0,0.0,0.0,0.0,0.0,1.0,0.0,0.0,0.2,1.2,0.0,43.2,888.7,0.0,1.0,0.0,0.0,0.0,0.0,0.0,1.0,0.0,0.0,0.0,0.0,1.0,1.0,3507.0,66.0,919.6,494.2546031746032,337.5858689204982,919.6,0.0096796035766601,5.5,29.924339266943228,477.4185142928745,165846.38741244646,0.9,38.5,BenignTraffic,0
0.0781295299530029,237933.0,5.4,57.6,3286.8668857501043,3286.8668857501043,0.0,0.0,0.0,0.0,0.0,1.0,0.0,0.0,0.0,0.0,0.0,72.0,256.5,0.0,1.0,0.0,0.0,0.0,0.0,0.0,1.0,0.0,0.0,0.0,0.0,1.0,1.0,510.2,87.2,94.0,93.28222222222222,2.088516913793005,90.6,0.0001033067703247,5.5,13.658448966252772,2.9536089447316685,21.82128395061728,0.2,38.5,Other_Attack,1
0.0,0.0,1.0,64.0,48.17301518936458,48.17301518936458,0.0,0.0,0.0,0.0,0.0,0.0,0.0,0.0,0.0,0.0,0.0,0.0,0.0,0.0,0.0,0.0,0.0,0.0,0.0,0.0,0.0,0.0,0.0,0.0,1.0,1.0,1.0,441.0,42.0,42.0,42.0,0.0,42.0,83150190.51525904,9.5,9.16515138991168,0.0,0.0,0.0,141.55,DDoS-ICMP_Flood,1
0.0048343467712402,6625.0,17.0,64.0,28311.582557526428,28311.582557526428,0.0,0.0,0.0,0.0,0.0,0.0,0.0,0.0,0.0,0.0,0.0,0.0,0.0,0.0,0.0,0.0,0.0,0.0,0.0,0.0,0.0,1.0,0.0,0.0,0.0,1.0,1.0,525.0,50.0,50.0,50.0,0.0,50.0,83012456.97633916,9.5,10.0,0.0,0.0,0.0,141.55,DoS-UDP_Flood,1
4.85228545665741,108.0,6.0,64.0,0.4121769229866829,0.4121769229866829,0.0,0.0,0.0,0.0,0.0,0.0,0.0,0.0,0.0,0.0,0.0,0.0,0.0,0.0,0.0,0.0,0.0,0.0,0.0,0.0,1.0,0.0,0.0,0.0,0.0,1.0,1.0,567.0,54.0,54.0,54.0,0.0,54.0,82955818.4026902,9.5,10.392304845413264,0.0,0.0,0.0,141.55,DoS-TCP_Flood,1
0.0217142677307128,61.34,6.11,67.42,3.719933255409702,3.719933255409702,0.0,0.0,0.0,0.0,1.0,1.0,0.0,0.0,0.0,0.09,0.0,0.97,1.02,0.0,0.0,0.0,0.0,0.0,0.0,0.0,1.0,0.0,0.0,0.0,0.0,1.0,1.0,594.48,54.0,76.88,56.0983240086367,6.004617615239157,56.16,83331684.08513337,9.5,10.580925716554631,8.504745969819771,282.6826173728812,0.13,141.55,DDoS-PSHACK_Flood,1
24.50253901481629,2110782.0,6.0,231.0,76.74713135718568,76.74713135718568,0.0,0.0,0.0,0.0,0.0,1.0,0.0,0.0,0.0,2.0,0.0,77.0,1879.5,0.0,1.0,0.0,0.0,0.0,0.0,0.0,1.0,0.0,0.0,0.0,0.0,1.0,1.0,11418.0,60.0,2962.0,761.1878736008573,873.0676261586552,66.0,166518253.53548068,13.5,38.948043274212246,1236.461078992977,765203.2279297513,1.0,244.6,BenignTraffic,0
0.0,0.0,1.0,64.0,2.0043874457214272,2.0043874457214272,0.0,0.0,0.0,0.0,0.0,0.0,0.0,0.0,0.0,0.0,0.0,0.0,0.0,0.0,0.0,0.0,0.0,0.0,0.0,0.0,0.0,0.0,0.0,0.0,1.0,1.0,1.0,441.0,42.0,42.0,42.0,0.0,42.0,83124718.80912219,9.5,9.16515138991168,0.0,0.0,0.0,141.55,DDoS-ICMP_Flood,1
5.699742901325226,108.0,6.0,64.0,0.3508930395191878,0.3508930395191878,0.0,1.0,0.0,1.0,0.0,0.0,0.0,0.0,2.0,0.0,2.0,0.0,0.0,0.0,0.0,0.0,0.0,0.0,0.0,0.0,1.0,0.0,0.0,0.0,0.0,1.0,1.0,567.0,54.0,54.0,54.0,0.0,54.0,83344781.29422629,9.5,10.392304845413264,0.0,0.0,0.0,141.55,DDoS-RSTFINFlood,1
0.0,0.0,46.07,63.36,12.258293987763048,12.258293987763048,0.0,0.0,0.0,0.0,0.0,0.0,0.0,0.0,0.0,0.0,0.0,0.0,0.0,0.0,0.0,0.0,0.0,0.0,0.0,0.0,0.0,0.0,0.0,0.0,0.0,1.0,1.0,6183.94,560.06,592.0,590.1499844832671,7.436069005728864,586.66,83693849.92027096,9.5,34.3543927279656,10.55642935968477,928.9508101982024,0.07,141.55,Other_Attack,1
0.0,53.46,5.94,63.36,49.39240208200853,49.39240208200853,0.0,1.0,0.0,1.0,0.0,0.0,0.0,0.0,0.99,0.0,0.99,0.0,0.0,0.0,0.0,0.0,0.0,0.0,0.0,0.0,1.0,0.0,0.0,0.0,0.0,1.0,1.0,567.36,54.0,54.36,54.02077063983488,0.0838261590997108,54.06,83344474.65623134,9.5,10.394315427637803,0.1190022174926015,0.11821371174495,0.06,141.55,DDoS-RSTFINFlood,1
0.0668943524360656,22869.0,16.84,65.91,6841.305123380838,6841.305123380838,0.0,0.0,0.0,0.0,0.0,0.0,0.0,0.0,0.0,0.0,0.0,0.0,0.0,0.0,0.0,0.0,0.0,0.0,0.0,0.0,0.0,1.0,0.0,0.0,0.0,1.0,1.0,527.8,50.0,52.8,50.22954793142873,0.7559784540995858,50.2,83012138.44698969,9.5,10.02280146205984,1.0706287373566326,4.181307191857691,0.14,141.55,DoS-UDP_Flood,1
0.0,54.0,6.0,64.0,28.39149535304032,28.39149535304032,0.0,0.0,1.0,0.0,0.0,0.0,0.0,0.0,0.0,1.0,0.0,0.0,0.0,0.0,0.0,0.0,0.0,0.0,0.0,0.0,1.0,0.0,0.0,0.0,0.0,1.0,1.0,567.0,54.0,54.0,54.0,0.0,54.0,83089710.78232968,9.5,10.392304845413264,0.0,0.0,0.0,141.55,DDoS-SYN_Flood,1
0.0,54.0,6.0,64.0,3.712941138457593,3.712941138457593,0.0,0.0,0.0,0.0,0.0,0.0,0.0,0.0,0.0,0.0,0.0,0.0,0.0,0.0,0.0,0.0,0.0,0.0,0.0,0.0,1.0,0.0,0.0,0.0,0.0,1.0,1.0,567.0,54.0,54.0,54.0,0.0,54.0,83076514.64325014,9.5,10.392304845413264,0.0,0.0,0.0,141.55,DDoS-TCP_Flood,1
4.698174288272858,108.0,6.0,64.0,0.4256973608739874,0.4256973608739874,0.0,0.0,0.0,0.0,0.0,0.0,0.0,0.0,0.0,0.0,0.0,0.0,0.0,0.0,0.0,0.0,0.0,0.0,0.0,0.0,1.0,0.0,0.0,0.0,0.0,1.0,1.0,567.0,54.0,54.0,54.0,0.0,54.0,82946394.37477225,9.5,10.392304845413264,0.0,0.0,0.0,141.55,DoS-TCP_Flood,1
0.0,54.0,6.0,64.0,2.994943402854957,2.994943402854957,0.0,0.0,1.0,0.0,0.0,0.0,0.0,0.0,0.0,1.0,0.0,0.0,0.0,1.0,0.0,0.0,0.0,0.0,0.0,0.0,1.0,0.0,0.0,0.0,0.0,1.0,1.0,567.0,54.0,54.0,54.0,0.0,54.0,83094380.5118565,9.5,10.392304845413264,0.0,0.0,0.0,141.55,DDoS-SYN_Flood,1
0.0300693607330322,55.1,6.11,64.64,1.8878468234496224,1.8878468234496224,0.0,1.0,0.0,1.0,0.0,0.0,0.0,0.0,0.99,0.0,0.99,0.0,0.0,0.0,0.0,0.0,0.0,0.0,0.0,0.0,1.0,0.0,0.0,0.0,0.0,1.0,1.0,570.92,54.0,57.92,54.32136710400024,1.05836983573942,54.28,83344771.22938798,9.5,10.422941700715894,1.498880232299286,8.195362096041073,0.14,141.55,DDoS-RSTFINFlood,1
0.0,53.46,5.94,63.36,21.11722887926694,21.11722887926694,0.0,0.0,0.0,0.0,0.0,0.0,0.0,0.0,0.0,0.0,0.0,0.0,0.0,0.0,0.0,0.0,0.0,0.0,0.0,0.0,1.0,0.0,0.0,0.0,0.0,1.0,1.0,567.78,54.0,54.78,54.06029295085719,0.2057979098631627,54.06,82946978.79576188,9.5,10.398108225176069,0.2914963216486662,0.332236014614131,0.13,141.55,DoS-TCP_Flood,1
0.0,0.0,1.0,64.0,0.7193822062714129,0.7193822062714129,0.0,0.0,0.0,0.0,0.0,0.0,0.0,0.0,0.0,0.0,0.0,0.0,0.0,0.0,0.0,0.0,0.0,0.0,0.0,0.0,0.0,0.0,0.0,0.0,1.0,1.0,1.0,441.0,42.0,42.0,42.0,0.0,42.0,83149351.76802003,9.5,9.16515138991168,0.0,0.0,0.0,141.55,DDoS-ICMP_Flood,1
13.006953048706055,1019452.9,6.0,64.0,78.07360640441895,78.07360640441895,0.0,0.0,0.0,0.0,0.0,1.0,0.0,0.0,0.0,2.0,0.0,51.1,1014.5,0.0,1.0,0.0,0.0,0.0,0.0,0.0,1.0,0.0,0.0,0.0,0.0,1.0,1.0,11261.9,66.0,2093.2,692.0709877858641,725.1171461901403,1562.5,166524710.9773551,13.5,36.86508747974413,1027.9082928268986,539649.4780392491,1.0,244.6,BenignTraffic,0
0.3679597568511963,90.72,6.0,64.0,3.703487963207479,3.703487963207479,0.0,0.0,1.0,0.0,0.0,0.0,0.0,0.0,0.0,1.68,0.0,0.0,0.0,0.0,0.0,0.0,0.0,0.0,0.0,0.0,1.0,0.0,0.0,0.0,0.0,1.0,1.0,567.0,54.0,54.0,54.0,0.0,54.0,83361309.40962514,9.5,10.392304845413264,0.0,0.0,0.0,141.55,DDoS-SynonymousIP_Flood,1
0.0,0.0,1.0,64.0,9.245560512811467,9.245560512811467,0.0,0.0,0.0,0.0,0.0,0.0,0.0,0.0,0.0,0.0,0.0,0.0,0.0,0.0,0.0,0.0,0.0,0.0,0.0,0.0,0.0,0.0,0.0,0.0,1.0,1.0,1.0,441.0,42.0,42.0,42.0,0.0,42.0,83149638.54458338,9.5,9.16515138991168,0.0,0.0,0.0,141.55,DDoS-ICMP_Flood,1
1.7352717876434327,1741027.0,6.0,64.0,1004.7417289493212,1004.7417289493212,0.0,0.0,0.0,0.0,0.0,1.0,0.0,0.0,0.0,0.0,0.0,574.0,1743.5,0.0,1.0,0.0,0.0,0.0,0.0,0.0,1.0,0.0,0.0,0.0,0.0,1.0,1.0,14019.0,66.0,2954.0,935.135315566786,1014.1732400290635,66.0,166612170.6524253,13.5,43.16539753998309,1436.1273302047343,1031793.1647752654,1.0,244.6,Other_Attack,1
0.0,0.0,1.0,64.0,331.99857521668577,331.99857521668577,0.0,0.0,0.0,0.0,0.0,0.0,0.0,0.0,0.0,0.0,0.0,0.0,0.0,0.0,0.0,0.0,0.0,0.0,0.0,0.0,0.0,0.0,0.0,0.0,1.0,1.0,1.0,441.0,42.0,42.0,42.0,0.0,42.0,83128041.5393012,9.5,9.16515138991168,0.0,0.0,0.0,141.55,DDoS-ICMP_Flood,1
0.0372501611709594,29425.0,17.0,64.0,15791.813551433866,15791.813551433866,0.0,0.0,0.0,0.0,0.0,0.0,0.0,0.0,0.0,0.0,0.0,0.0,0.0,0.0,0.0,0.0,0.0,0.0,0.0,0.0,0.0,1.0,0.0,0.0,0.0,1.0,1.0,525.0,50.0,50.0,50.0,0.0,50.0,83011737.12686886,9.5,10.0,0.0,0.0,0.0,141.55,DoS-UDP_Flood,1
0.0,0.0,1.0,64.0,15.541462510884532,15.541462510884532,0.0,0.0,0.0,0.0,0.0,0.0,0.0,0.0,0.0,0.0,0.0,0.0,0.0,0.0,0.0,0.0,0.0,0.0,0.0,0.0,0.0,0.0,0.0,0.0,1.0,1.0,1.0,441.0,42.0,42.0,42.0,0.0,42.0,83132498.20276645,9.5,9.16515138991168,0.0,0.0,0.0,141.55,DDoS-ICMP_Flood,1
4.063790485858918,111.24,6.0,64.0,0.5094747949989289,0.5094747949989289,0.0,0.0,1.0,0.0,0.0,0.0,0.0,0.0,0.0,2.06,0.0,0.0,0.0,0.0,0.0,0.0,0.0,0.0,0.0,0.0,1.0,0.0,0.0,0.0,0.0,1.0,1.0,567.0,54.0,54.0,54.0,0.0,54.0,83365297.95861703,9.5,10.392304845413264,0.0,0.0,0.0,141.55,DDoS-SynonymousIP_Flood,1
0.0,81.0,6.0,64.0,11.301167487113991,11.301167487113991,0.0,0.0,0.0,0.0,0.0,0.0,0.0,0.0,0.0,0.0,0.0,0.0,0.0,0.0,0.0,0.0,0.0,0.0,0.0,0.0,1.0,0.0,0.0,0.0,0.0,1.0,1.0,567.0,54.0,54.0,54.0,0.0,54.0,82925816.08621457,9.5,10.392304845413264,0.0,0.0,0.0,141.55,DoS-TCP_Flood,1
0.0419925427436828,27556.0,17.0,64.0,296207.86133718526,296207.86133718526,0.0,0.0,0.0,0.0,0.0,0.0,0.0,0.0,0.0,0.0,0.0,0.0,0.0,0.0,0.0,0.0,0.0,0.0,0.0,0.0,0.0,1.0,0.0,0.0,0.0,1.0,1.0,525.0,50.0,50.0,50.0,0.0,50.0,83097812.2698699,9.5,10.0,0.0,0.0,0.0,141.55,DDoS-UDP_Flood,1
0.0,54.0,6.0,64.0,3983.1946818613487,3983.1946818613487,0.0,0.0,1.0,0.0,0.0,0.0,0.0,0.0,0.0,1.0,0.0,0.0,0.0,0.0,0.0,0.0,0.0,0.0,0.0,0.0,1.0,0.0,0.0,0.0,0.0,1.0,1.0,567.0,54.0,54.0,54.0,0.0,54.0,83088893.84838732,9.5,10.392304845413264,0.0,0.0,0.0,141.55,DDoS-SYN_Flood,1
26.671732926368712,13655.8,13.7,97.4,26.76562636097713,26.76562636097713,0.0,0.0,0.0,0.0,0.0,0.0,0.0,0.0,0.0,0.0,0.0,46.9,97.0,0.0,0.0,0.0,0.0,0.0,0.0,0.0,0.0,1.0,0.0,0.0,0.0,1.0,1.0,1295.1,49.2,173.4,83.59966713025537,30.238530915760464,85.7,166519936.1484298,13.5,12.935690561153422,42.87716774341656,977.2223409529092,1.0,244.6,BenignTraffic,0
4.799041428565979,113.19,6.11,63.37,0.4255786302380405,0.4255786302380405,0.0,0.0,0.0,0.0,0.0,0.0,0.0,0.0,0.0,0.0,0.0,0.0,0.0,1.0,0.0,0.0,0.0,0.0,0.0,0.0,1.0,0.0,0.0,0.0,0.0,1.0,1.0,579.4,54.0,66.4,54.76651991734616,2.977722644411515,55.55,82943084.18705547,9.5,10.46336797224308,4.222867347692673,111.88535459590342,0.08,141.55,DoS-TCP_Flood,1
2.811152534484864,108.0,6.0,64.0,0.7114519986850601,0.7114519986850601,0.0,0.0,1.0,0.0,0.0,0.0,0.0,0.0,0.0,2.0,0.0,0.0,0.0,0.0,0.0,0.0,0.0,0.0,0.0,0.0,1.0,0.0,0.0,0.0,0.0,1.0,1.0,567.0,54.0,54.0,54.0,0.0,54.0,83361248.74003357,9.5,10.392304845413264,0.0,0.0,0.0,141.55,DDoS-SynonymousIP_Flood,1
0.0,54.0,6.0,64.0,1.2092278675780994,1.2092278675780994,0.0,0.0,0.0,0.0,1.0,1.0,0.0,0.0,0.0,0.0,0.0,1.0,1.0,0.0,0.0,0.0,0.0,0.0,0.0,0.0,1.0,0.0,0.0,0.0,0.0,1.0,1.0,567.0,54.0,54.0,54.0,0.0,54.0,83314030.55204412,9.5,10.392304845413264,0.0,0.0,0.0,141.55,DDoS-PSHACK_Flood,1
0.0,54.0,6.0,64.0,1.161426917510053,1.161426917510053,0.0,0.0,0.0,0.0,1.0,1.0,0.0,0.0,0.0,0.0,0.0,1.0,1.0,0.0,0.0,0.0,0.0,0.0,0.0,0.0,1.0,0.0,0.0,0.0,0.0,1.0,1.0,567.0,54.0,54.0,54.0,0.0,54.0,83331266.77438499,9.5,10.392304845413264,0.0,0.0,0.0,141.55,DDoS-PSHACK_Flood,1
0.0,54.0,6.0,64.0,2.7860015671506795,2.7860015671506795,0.0,0.0,0.0,0.0,0.0,0.0,0.0,0.0,0.0,0.0,0.0,0.0,0.0,0.0,0.0,0.0,0.0,0.0,0.0,0.0,1.0,0.0,0.0,0.0,0.0,1.0,1.0,567.0,54.0,54.0,54.0,0.0,54.0,82950666.10446005,9.5,10.392304845413264,0.0,0.0,0.0,141.55,DoS-TCP_Flood,1
0.0,0.0,1.0,64.0,5.453748031438046,5.453748031438046,0.0,0.0,0.0,0.0,0.0,0.0,0.0,0.0,0.0,0.0,0.0,0.0,0.0,0.0,0.0,0.0,0.0,0.0,0.0,0.0,0.0,0.0,0.0,0.0,1.0,1.0,1.0,441.0,42.0,42.0,42.0,0.0,42.0,83124885.39969406,9.5,9.16515138991168,0.0,0.0,0.0,141.55,DDoS-ICMP_Flood,1
168.5771713256836,1132.0,7.1,74.2,17.970567768594627,17.970567768594627,0.0,0.0,0.0,0.0,0.0,1.0,0.0,0.0,0.0,0.7,0.0,5.1,8.6,0.0,1.0,0.0,0.0,0.0,0.0,0.0,1.0,0.0,0.0,0.0,0.0,1.0,1.0,1103.6,58.0,153.0,70.16504974342823,25.098803595578712,100.7,166428971.6870148,13.5,11.837764377768154,35.721215818758864,1055.728991225168,1.0,244.6,Other_Attack,1
0.6676516532897949,32823.52,16.89,63.86,5756.808005276861,5756.808005276861,0.0,0.0,0.0,0.0,0.0,0.0,0.0,0.0,0.01,0.02,0.0,0.02,0.07,0.0,0.0,0.0,0.0,0.0,0.0,0.0,0.0,1.0,0.0,0.0,0.0,1.0,1.0,526.12,50.0,51.12,50.06681694432158,0.2647427245569125,50.16,83098749.48748083,9.5,10.0066914269808,0.3756137553737123,1.0104267574425467,0.07,141.55,DDoS-UDP_Flood,1
5.751257836818695,3126.23,6.77,86.46,67117.27463862105,67117.27463862105,0.0,0.0,0.0,0.0,0.0,0.0,0.0,0.0,0.01,0.31,0.0,1.25,3.84,0.0,1.0,0.0,0.0,0.0,0.0,0.0,1.0,0.0,0.0,0.0,0.0,1.0,1.0,1241.91,69.6,489.88,135.95029489228523,127.01568311975744,154.63,82956244.78204714,9.5,14.39262680747582,178.47716379981995,67676.2275740376,0.44,141.55,DoS-TCP_Flood,1
0.0,2.14,1.16,65.91,5.759986376985345,5.759986376985345,0.0,0.0,0.0,0.0,0.0,0.0,0.0,0.0,0.0,0.0,0.0,0.0,0.0,0.0,0.0,0.0,0.0,0.0,0.0,0.0,0.0,0.0,0.0,0.0,1.0,1.0,1.0,468.52,42.0,69.52,44.60477887695381,7.830420858806377,43.72,83150099.4814841,9.5,9.423334293767375,11.086905668094666,397.67276879868376,0.16,141.55,DDoS-ICMP_Flood,1
2.633742094039917,4677.8,12.6,64.0,25.89517285566178,25.89517285566178,0.0,0.0,0.0,0.0,0.0,0.0,0.0,0.0,0.1,0.5,0.0,3.7,7.9,0.0,0.0,0.0,0.0,0.0,0.0,0.0,0.0,1.0,0.0,0.0,0.0,1.0,1.0,1039.4,50.0,156.0,67.26308967520268,24.49471310106377,69.0,166518799.4324979,13.5,11.605061585863806,34.67980490756988,604.8358628974802,1.0,244.6,BenignTraffic,0
0.0,0.74,1.05,64.0,21.90725174625504,21.90725174625504,0.0,0.0,0.0,0.0,0.0,0.0,0.0,0.0,0.0,0.01,0.0,0.0,0.0,0.0,0.0,0.0,0.0,0.0,0.0,0.0,0.0,0.0,0.0,0.0,1.0,1.0,1.0,445.48,42.0,46.48,42.36727669028598,1.2095655265593372,42.32,83123992.48960689,9.5,9.204643377441062,1.7130059797706128,10.704146411155689,0.14,141.55,DDoS-ICMP_Flood,1
0.0,54.0,6.0,64.0,44.37349015928441,44.37349015928441,0.0,0.0,1.0,0.0,0.0,0.0,0.0,0.0,0.0,1.0,0.0,0.0,0.0,0.0,0.0,0.0,0.0,0.0,0.0,0.0,1.0,0.0,0.0,0.0,0.0,1.0,1.0,567.0,54.0,54.0,54.0,0.0,54.0,82985273.27616253,9.5,10.392304845413264,0.0,0.0,0.0,141.55,DoS-SYN_Flood,1
0.8444487047195435,123.12,6.0,64.0,2.2754184841907805,2.2754184841907805,0.0,0.0,1.0,0.0,0.0,0.0,0.0,0.0,0.0,2.28,0.0,0.0,0.0,0.0,0.0,0.0,0.0,0.0,0.0,0.0,1.0,0.0,0.0,0.0,0.0,1.0,1.0,567.0,54.0,54.0,54.0,0.0,54.0,83361131.05923814,9.5,10.392304845413264,0.0,0.0,0.0,141.55,DDoS-SynonymousIP_Flood,1
0.0,54.0,6.0,64.0,31.48368694242296,31.48368694242296,0.0,0.0,0.0,0.0,0.0,0.0,0.0,0.0,0.0,0.0,0.0,0.0,0.0,0.0,0.0,0.0,0.0,0.0,0.0,0.0,1.0,0.0,0.0,0.0,0.0,1.0,1.0,567.0,54.0,54.0,54.0,0.0,54.0,83067428.52472527,9.5,10.392304845413264,0.0,0.0,0.0,141.55,DDoS-TCP_Flood,1
0.0990308618545532,38464.76,16.89,63.89,7796.549696110347,7796.549696110347,0.0,0.0,0.0,0.0,0.0,0.0,0.0,0.0,0.0,0.0,0.0,0.02,0.03,0.0,0.0,0.0,0.0,0.0,0.0,0.0,0.0,1.0,0.0,0.0,0.0,1.0,1.0,528.04,50.0,53.04,50.41563834514299,0.9531179983089832,50.16,83028451.31237622,9.5,10.040880581392084,1.3491234035161823,5.130081047233366,0.19,141.55,DoS-UDP_Flood,1
13.792726166248322,295.64,6.0,64.0,0.4262293289608967,0.4262293289608967,0.0,0.0,0.0,1.0,0.0,1.0,0.0,0.0,0.0,1.93,2.83,0.0,2.83,0.0,0.0,0.0,0.0,0.0,0.0,0.0,1.0,0.0,0.0,0.0,0.0,1.0,1.0,567.0,54.0,54.0,54.0,0.0,54.0,83002826.75743122,9.5,10.392304845413264,0.0,0.0,0.0,141.55,Other_Attack,1
0.0097876501083374,58.74,6.22,67.82,36.89262456605519,36.89262456605519,0.0,0.0,1.0,0.0,0.0,0.0,0.0,0.0,0.0,0.98,0.0,0.0,0.0,0.0,0.0,0.0,0.0,0.0,0.0,0.0,1.0,0.0,0.0,0.0,0.0,1.0,1.0,569.09,54.0,56.09,54.11888071895424,0.4835046807323653,54.38,83089804.97135429,9.5,10.403782376756112,0.6866550109061736,2.146219441107053,0.11,141.55,DDoS-SYN_Flood,1
0.0,54.0,6.0,64.0,3.4723129193130715,3.4723129193130715,0.0,0.0,1.0,0.0,0.0,0.0,0.0,0.0,0.0,1.0,0.0,0.0,0.0,1.0,0.0,0.0,0.0,0.0,0.0,0.0,1.0,0.0,0.0,0.0,0.0,1.0,1.0,567.0,54.0,54.0,54.0,0.0,54.0,83089236.54246925,9.5,10.392304845413264,0.0,0.0,0.0,141.55,DDoS-SYN_Flood,1
13.134735202789306,236902.7,6.0,99.9,159.78116451810166,159.78116451810166,0.0,0.0,0.0,0.0,0.0,1.0,0.0,0.0,0.0,1.6,0.0,57.3,303.1,0.0,1.0,0.0,0.0,0.0,0.0,0.0,1.0,0.0,0.0,0.0,0.0,1.0,1.0,14263.4,57.6,3975.6,885.9497039295414,1086.9441351857386,1666.6,166524954.6170482,13.5,41.77752875417409,1541.8118348388784,1265721.2929408706,1.0,244.6,BenignTraffic,0
0.0,54.0,6.0,64.0,10.646430607513286,10.646430607513286,0.0,0.0,0.0,0.0,0.0,0.0,0.0,0.0,0.0,0.0,0.0,0.0,0.0,0.0,0.0,0.0,0.0,0.0,0.0,0.0,1.0,0.0,0.0,0.0,0.0,1.0,1.0,567.0,54.0,54.0,54.0,0.0,54.0,83072007.07896939,9.5,10.392304845413264,0.0,0.0,0.0,141.55,DDoS-TCP_Flood,1
0.0,54.0,6.0,64.0,1.920257651758084,1.920257651758084,0.0,0.0,0.0,0.0,0.0,0.0,0.0,0.0,0.0,0.0,0.0,0.0,0.0,0.0,0.0,0.0,0.0,0.0,0.0,0.0,1.0,0.0,0.0,0.0,0.0,1.0,1.0,567.0,54.0,54.0,54.0,0.0,54.0,83068535.45774059,9.5,10.392304845413264,0.0,0.0,0.0,141.55,DDoS-TCP_Flood,1
0.0524791646003723,18785.0,17.0,64.0,9027.654151549948,9027.654151549948,0.0,0.0,0.0,0.0,0.0,0.0,0.0,0.0,0.0,0.0,0.0,0.0,0.0,0.0,0.0,0.0,0.0,0.0,0.0,0.0,0.0,1.0,0.0,0.0,0.0,1.0,1.0,525.0,50.0,50.0,50.0,0.0,50.0,83098606.87269866,9.5,10.0,0.0,0.0,0.0,141.55,DDoS-UDP_Flood,1
0.0,54.0,6.0,64.0,21.47670581247392,21.47670581247392,0.0,0.0,0.0,0.0,0.0,0.0,0.0,0.0,0.0,0.0,0.0,0.0,0.0,0.0,0.0,0.0,0.0,0.0,0.0,0.0,1.0,0.0,0.0,0.0,0.0,1.0,1.0,567.0,54.0,54.0,54.0,0.0,54.0,82947523.56903343,9.5,10.392304845413264,0.0,0.0,0.0,141.55,DoS-TCP_Flood,1
0.0,54.0,6.0,64.0,2.590978193254184,2.590978193254184,0.0,1.0,0.0,1.0,0.0,0.0,0.0,0.0,1.0,0.0,1.0,0.0,0.0,0.0,0.0,0.0,0.0,0.0,0.0,0.0,1.0,0.0,0.0,0.0,0.0,1.0,1.0,567.0,54.0,54.0,54.0,0.0,54.0,83349206.6739711,9.5,10.392304845413264,0.0,0.0,0.0,141.55,DDoS-RSTFINFlood,1
0.0233306813240051,58.14,6.0,65.74,30.19732722631656,30.19732722631656,0.0,0.0,1.0,0.0,0.0,0.0,0.0,0.0,0.0,0.99,0.0,0.03,0.05,0.0,1.0,0.0,0.0,0.0,0.0,0.0,1.0,0.0,0.0,0.0,0.0,1.0,1.0,567.72,54.0,54.72,54.041541279669765,0.1676523181994216,54.12,82986039.7841236,9.5,10.39631951844478,0.2380044349852031,0.4728548469798,0.06,141.55,DoS-SYN_Flood,1
0.0095033931732177,4775.0,17.0,64.0,9844.906733324542,9844.906733324542,0.0,0.0,0.0,0.0,0.0,0.0,0.0,0.0,0.0,0.0,0.0,0.0,0.0,0.0,0.0,0.0,0.0,0.0,0.0,0.0,0.0,1.0,0.0,0.0,0.0,1.0,1.0,525.0,50.0,50.0,50.0,0.0,50.0,83015411.73527113,9.5,10.0,0.0,0.0,0.0,141.55,DoS-UDP_Flood,1
0.0,54.0,6.0,64.0,12.393032157794352,12.393032157794352,0.0,1.0,0.0,1.0,0.0,0.0,0.0,0.0,1.0,0.0,1.0,0.0,0.0,0.0,0.0,0.0,0.0,0.0,0.0,0.0,1.0,0.0,0.0,0.0,0.0,1.0,1.0,567.0,54.0,54.0,54.0,0.0,54.0,83340857.52336188,9.5,10.392304845413264,0.0,0.0,0.0,141.55,DDoS-RSTFINFlood,1
0.0,54.0,6.0,64.0,1.9499867441661247,1.9499867441661247,0.0,0.0,1.0,0.0,0.0,0.0,0.0,0.0,0.0,1.0,0.0,0.0,0.0,0.0,1.0,0.0,0.0,0.0,0.0,0.0,1.0,0.0,0.0,0.0,0.0,1.0,1.0,567.0,54.0,54.0,54.0,0.0,54.0,83093984.34843452,9.5,10.392304845413264,0.0,0.0,0.0,141.55,DDoS-SYN_Flood,1
0.0,54.0,6.0,64.0,23.35735725701812,23.35735725701812,0.0,0.0,0.0,0.0,1.0,1.0,0.0,0.0,0.0,0.0,0.0,1.0,1.0,0.0,0.0,0.0,0.0,0.0,0.0,0.0,1.0,0.0,0.0,0.0,0.0,1.0,1.0,567.0,54.0,54.0,54.0,0.0,54.0,83330924.34983407,9.5,10.392304845413264,0.0,0.0,0.0,141.55,DDoS-PSHACK_Flood,1
0.0204799461364746,9786.5,16.84,65.91,16433.40889892959,16433.40889892959,0.0,0.0,0.0,0.0,0.0,0.0,0.0,0.0,0.0,0.0,0.0,0.0,0.0,0.0,0.0,0.0,0.0,0.0,0.0,0.0,0.0,1.0,0.0,0.0,0.0,1.0,1.0,525.6,50.0,50.6,50.03163742690059,0.134060649818379,50.2,83102465.63689302,9.5,10.003199303868843,0.1911041438608542,0.6087685099688794,0.03,141.55,DDoS-UDP_Flood,1
4.74737300157547,108.9,6.0,64.0,0.4334026422902027,0.4334026422902027,0.0,0.0,0.0,0.0,0.0,0.0,0.0,0.0,0.03,0.0,0.0,0.0,0.03,0.0,0.0,0.0,0.0,0.0,0.0,0.0,1.0,0.0,0.0,0.0,0.0,1.0,1.0,568.44,54.0,55.44,54.10558590171439,0.3719095500603567,54.12,82950672.58422206,9.5,10.402451373054578,0.5268677824957233,1.1714440584565242,0.12,141.55,DoS-TCP_Flood,1
0.0,54.0,6.0,64.0,1.976748263283408,1.976748263283408,0.0,0.0,1.0,0.0,0.0,0.0,0.0,0.0,0.0,1.0,0.0,0.0,0.0,0.0,0.0,0.0,0.0,0.0,0.0,0.0,1.0,0.0,0.0,0.0,0.0,1.0,1.0,567.0,54.0,54.0,54.0,0.0,54.0,83094351.27830495,9.5,10.392304845413264,0.0,0.0,0.0,141.55,DDoS-SYN_Flood,1
0.0,54.0,6.0,64.0,699050.6666666669,699050.6666666669,0.0,1.0,0.0,1.0,0.0,0.0,0.0,0.0,1.0,0.0,1.0,0.0,0.0,0.0,0.0,0.0,0.0,0.0,0.0,0.0,1.0,0.0,0.0,0.0,0.0,1.0,1.0,567.0,54.0,54.0,54.0,0.0,54.0,83344961.99393475,9.5,10.392304845413264,0.0,0.0,0.0,141.55,DDoS-RSTFINFlood,1
0.1131353974342346,23027.0,17.0,64.0,4422.247665958393,4422.247665958393,0.0,0.0,0.0,0.0,0.0,0.0,0.0,0.0,0.0,0.0,0.0,0.0,0.0,0.0,0.0,0.0,0.0,0.0,0.0,0.0,0.0,1.0,0.0,0.0,0.0,1.0,1.0,525.0,50.0,50.0,50.0,0.0,50.0,83106188.71177961,9.5,10.0,0.0,0.0,0.0,141.55,DDoS-UDP_Flood,1
0.0,0.0,1.0,64.0,0.8011312054278913,0.8011312054278913,0.0,0.0,0.0,0.0,0.0,0.0,0.0,0.0,0.0,0.0,0.0,0.0,0.0,0.0,0.0,0.0,0.0,0.0,0.0,0.0,0.0,0.0,0.0,0.0,1.0,1.0,1.0,441.0,42.0,42.0,42.0,0.0,42.0,83149445.27283598,9.5,9.16515138991168,0.0,0.0,0.0,141.55,DDoS-ICMP_Flood,1
17.43085174560547,619486.2,6.0,82.3,64.71356152035375,64.71356152035375,0.0,0.0,0.0,0.0,0.0,1.0,0.0,0.0,0.0,1.2,0.0,58.3,607.4,0.0,1.0,0.0,0.0,0.0,0.0,0.0,1.0,0.0,0.0,0.0,0.0,1.0,1.0,4910.8,66.0,1965.5,623.9009523809524,668.4027719758706,1376.0,0.0058601140975952,5.5,31.072328562687453,945.2642652560476,808760.8676893425,0.9,38.5,BenignTraffic,0
4.874973981380463,108.0,6.0,64.0,0.4102586751000942,0.4102586751000942,0.0,0.0,0.0,0.0,0.0,0.0,0.0,0.0,0.0,0.0,0.0,0.0,0.0,0.0,0.0,0.0,0.0,0.0,0.0,0.0,1.0,0.0,0.0,0.0,0.0,1.0,1.0,567.0,54.0,54.0,54.0,0.0,54.0,82950680.82312503,9.5,10.392304845413264,0.0,0.0,0.0,141.55,DoS-TCP_Flood,1
4.85114905834198,1977.34,6.55,81.11,67.15260367361505,67.15260367361505,0.0,0.0,1.0,0.0,0.0,0.0,0.0,0.0,0.02,1.93,0.0,0.82,2.85,0.0,0.0,0.0,0.0,0.0,0.0,0.0,1.0,0.0,0.0,0.0,0.0,1.0,1.0,1665.46,54.2,468.48,131.15429790350686,123.50785457169236,172.18,82973027.01861049,9.5,14.05072129677621,175.0265783940795,94786.0473797673,0.49,141.55,DoS-SYN_Flood,1
3.640735678672791,242.74,6.11,65.91,1.2140349728223014,1.2140349728223014,0.0,0.0,1.0,0.0,0.0,0.0,0.0,0.0,0.0,4.41,0.0,0.0,0.0,0.0,0.0,0.0,0.0,0.0,0.0,0.0,1.0,0.0,0.0,0.0,0.0,1.0,1.0,582.84,54.0,69.84,55.01703766958875,3.8675943375301465,55.76,83362480.7841392,9.5,10.48583026024259,5.482925407315459,167.9186527721787,0.09,141.55,DDoS-SynonymousIP_Flood,1
2.096274733543396,499527.7,6.0,212.9,195.08134395231352,195.08134395231352,0.0,0.0,0.0,0.0,0.0,1.0,0.0,0.0,0.2,2.0,0.0,14.6,439.2,0.0,1.0,0.0,0.0,0.0,0.0,0.0,1.0,0.0,0.0,0.0,0.0,1.0,1.0,5367.0,66.0,1514.0,356.5142975394059,575.7174919155775,66.0,166518596.074163,13.5,26.66913401737566,815.7378304097444,334260.4481376011,1.0,244.6,BenignTraffic,0
0.0,54.0,6.0,64.0,23.936789541016505,23.936789541016505,0.0,0.0,0.0,0.0,1.0,1.0,0.0,0.0,0.0,0.0,0.0,1.0,1.0,1.0,0.0,0.0,0.0,0.0,0.0,0.0,1.0,0.0,0.0,0.0,0.0,1.0,1.0,567.0,54.0,54.0,54.0,0.0,54.0,83331053.1308521,9.5,10.392304845413264,0.0,0.0,0.0,141.55,DDoS-PSHACK_Flood,1
0.0273072504997253,4.35,46.12,63.14,1.2891822557936383,1.2891822557936383,0.0,0.0,0.0,0.0,0.0,0.0,0.0,0.0,0.0,0.0,0.0,0.02,0.04,0.0,0.0,0.0,0.0,0.0,0.0,0.0,0.0,0.0,0.0,0.0,0.0,1.0,1.0,5933.3,442.3,578.0,565.7611840856943,37.507488089995874,567.58,83646558.67765318,9.5,33.62896390668709,53.12246496766215,5660.28863677889,0.26,141.55,Other_Attack,1
0.0,54.0,6.0,64.0,1.4621286792625812,1.4621286792625812,0.0,0.0,0.0,0.0,1.0,1.0,0.0,0.0,0.0,0.0,0.0,1.0,1.0,0.0,0.0,0.0,0.0,0.0,0.0,0.0,1.0,0.0,0.0,0.0,0.0,1.0,1.0,567.0,54.0,54.0,54.0,0.0,54.0,83318198.34191534,9.5,10.392304845413264,0.0,0.0,0.0,141.55,DDoS-PSHACK_Flood,1
4.726722269058228,108.0,6.0,64.0,0.4231261946491454,0.4231261946491454,0.0,0.0,1.0,0.0,0.0,0.0,0.0,0.0,0.0,2.0,0.0,0.0,0.0,0.0,0.0,0.0,0.0,0.0,0.0,0.0,1.0,0.0,0.0,0.0,0.0,1.0,1.0,567.0,54.0,54.0,54.0,0.0,54.0,82972980.30785342,9.5,10.392304845413264,0.0,0.0,0.0,141.55,DoS-SYN_Flood,1
0.0,54.0,6.0,64.0,0.5929692781401511,0.5929692781401511,0.0,1.0,0.0,1.0,0.0,0.0,0.0,0.0,1.0,0.0,1.0,0.0,0.0,0.0,0.0,0.0,0.0,0.0,0.0,0.0,1.0,0.0,0.0,0.0,0.0,1.0,1.0,567.0,54.0,54.0,54.0,0.0,54.0,83343732.58980975,9.5,10.392304845413264,0.0,0.0,0.0,141.55,DDoS-RSTFINFlood,1
4.311632809638977,108.0,6.0,64.0,0.4638615052235981,0.4638615052235981,0.0,0.0,1.0,0.0,0.0,0.0,0.0,0.0,0.0,2.0,0.0,0.0,0.0,0.0,0.0,0.0,0.0,0.0,0.0,0.0,1.0,0.0,0.0,0.0,0.0,1.0,1.0,567.0,54.0,54.0,54.0,0.0,54.0,82972716.09493744,9.5,10.392304845413264,0.0,0.0,0.0,141.55,DoS-SYN_Flood,1
0.03206307888031,23325.0,17.0,64.0,14540.03370737769,14540.03370737769,0.0,0.0,0.0,0.0,0.0,0.0,0.0,0.0,0.0,0.0,0.0,0.0,0.0,0.0,0.0,0.0,0.0,0.0,0.0,0.0,0.0,1.0,0.0,0.0,0.0,1.0,1.0,525.0,50.0,50.0,50.0,0.0,50.0,83033276.50960764,9.5,10.0,0.0,0.0,0.0,141.55,DoS-UDP_Flood,1
3.986496694087982,108.0,6.0,64.0,0.5016936341368685,0.5016936341368685,0.0,0.0,1.0,0.0,0.0,0.0,0.0,0.0,0.0,2.0,0.0,0.0,0.0,0.0,0.0,0.0,0.0,0.0,0.0,0.0,1.0,0.0,0.0,0.0,0.0,1.0,1.0,567.0,54.0,54.0,54.0,0.0,54.0,82972700.52787106,9.5,10.392304845413264,0.0,0.0,0.0,141.55,DoS-SYN_Flood,1
0.0896577954292297,31021.0,16.84,64.0,6681.406914230198,6681.406914230198,0.0,0.0,0.0,0.0,0.0,0.0,0.0,0.0,0.0,0.0,0.0,0.0,0.0,0.0,0.0,0.0,0.0,0.0,0.0,0.0,0.0,1.0,0.0,0.0,0.0,1.0,1.0,528.36,50.0,53.36,50.24636710400024,0.8677889501408323,50.28,83123876.22488217,9.5,10.024445971773767,1.2293581591566878,6.377862096041076,0.12,141.55,DDoS-UDP_Flood,1
0.1000379300117492,60.36,6.11,65.91,332.2103508145745,332.2103508145745,0.0,0.0,1.0,0.0,0.0,0.0,0.0,0.0,0.0,0.99,0.0,0.0,0.0,0.0,0.0,0.0,0.0,0.0,0.0,0.0,1.0,0.0,0.0,0.0,0.0,1.0,1.0,593.4,54.0,80.4,56.31335512990621,7.308523669476292,55.76,82972983.21022265,9.5,10.599768512457812,10.349134335721091,366.82265115968187,0.15,141.55,DoS-SYN_Flood,1
2.1186336183547976,164.16,6.0,64.0,1.5635981306321434,1.5635981306321434,0.0,0.0,1.0,0.0,0.0,0.0,0.0,0.0,0.0,3.04,0.0,0.0,0.0,0.0,0.0,0.0,0.0,0.0,0.0,0.0,1.0,0.0,0.0,0.0,0.0,1.0,1.0,567.0,54.0,54.0,54.0,0.0,54.0,83361178.67506386,9.5,10.392304845413264,0.0,0.0,0.0,141.55,DDoS-SynonymousIP_Flood,1
0.0,54.0,6.0,64.0,26.948537100543728,26.948537100543728,0.0,0.0,1.0,0.0,0.0,0.0,0.0,0.0,0.0,1.0,0.0,0.0,0.0,0.0,0.0,0.0,0.0,0.0,0.0,0.0,1.0,0.0,0.0,0.0,0.0,1.0,1.0,567.0,54.0,54.0,54.0,0.0,54.0,82981027.23694962,9.5,10.392304845413264,0.0,0.0,0.0,141.55,DoS-SYN_Flood,1
10.413892440795898,147.9,6.0,64.0,0.2595831452984919,0.2595831452984919,0.0,0.0,1.0,0.0,0.0,0.0,0.0,0.0,0.0,2.12,0.61,0.0,0.12,0.0,0.0,0.0,0.0,0.0,0.0,0.0,1.0,0.0,0.0,0.0,0.0,1.0,1.0,572.84,54.0,55.04,54.54326030127423,0.4433638380319211,54.48,82985392.91748708,9.5,10.444093125017922,0.6276623972315118,0.776517176949952,0.26,141.55,DoS-SYN_Flood,1
0.0,54.0,6.0,64.0,0.0,0.0,0.0,0.0,1.0,0.0,0.0,0.0,0.0,0.0,0.0,1.0,0.0,0.0,0.0,0.0,0.0,0.0,0.0,0.0,0.0,0.0,1.0,0.0,0.0,0.0,0.0,1.0,1.0,567.0,54.0,54.0,54.0,0.0,54.0,83093498.74651502,9.5,10.392304845413264,0.0,0.0,0.0,141.55,DDoS-SYN_Flood,1
0.0,54.0,6.0,64.0,24.010973032261912,24.010973032261912,0.0,1.0,0.0,1.0,0.0,0.0,0.0,0.0,1.0,0.0,1.0,0.0,0.0,0.0,0.0,0.0,0.0,0.0,0.0,0.0,1.0,0.0,0.0,0.0,0.0,1.0,1.0,567.0,54.0,54.0,54.0,0.0,54.0,83340873.53636418,9.5,10.392304845413264,0.0,0.0,0.0,141.55,DDoS-RSTFINFlood,1
0.0,54.0,6.0,64.0,3.4195927074358723,3.4195927074358723,0.0,0.0,0.0,0.0,0.0,0.0,0.0,0.0,0.0,0.0,0.0,0.0,0.0,0.0,0.0,0.0,0.0,0.0,0.0,0.0,1.0,0.0,0.0,0.0,0.0,1.0,1.0,567.0,54.0,54.0,54.0,0.0,54.0,83063981.64177433,9.5,10.392304845413264,0.0,0.0,0.0,141.55,DDoS-TCP_Flood,1
0.0,54.0,6.0,64.0,36.21883432854509,36.21883432854509,0.0,0.0,0.0,0.0,0.0,0.0,0.0,0.0,0.0,0.0,0.0,0.0,0.0,0.0,0.0,0.0,0.0,0.0,0.0,0.0,1.0,0.0,0.0,0.0,0.0,1.0,1.0,567.0,54.0,54.0,54.0,0.0,54.0,82951250.08733001,9.5,10.392304845413264,0.0,0.0,0.0,141.55,DoS-TCP_Flood,1
2.903320915699005,501.38,6.0,64.0,0.9139696923413576,0.9139696923413576,0.0,0.0,0.0,0.0,0.0,0.0,0.0,0.0,0.0,0.0,0.0,0.0,0.43,0.0,0.0,0.0,0.0,0.0,0.0,0.0,1.0,0.0,0.0,0.0,0.0,1.0,1.0,694.8,54.0,181.8,62.20564483418198,31.204454314163687,68.2,82947312.6483307,9.5,10.990839936727191,44.23723908174973,10930.758375833584,0.09,141.55,DoS-TCP_Flood,1
0.0,54.0,6.0,64.0,6.129912873564731,6.129912873564731,0.0,1.0,0.0,1.0,0.0,0.0,0.0,0.0,1.0,0.0,1.0,0.0,0.0,0.0,0.0,0.0,0.0,0.0,0.0,0.0,1.0,0.0,0.0,0.0,0.0,1.0,1.0,567.0,54.0,54.0,54.0,0.0,54.0,83348443.44509366,9.5,10.392304845413264,0.0,0.0,0.0,141.55,DDoS-RSTFINFlood,1
0.0,54.0,6.0,64.0,22.41570802904104,22.41570802904104,0.0,0.0,1.0,0.0,0.0,0.0,0.0,0.0,0.0,1.0,0.0,0.0,0.0,0.0,0.0,0.0,0.0,0.0,0.0,0.0,1.0,0.0,0.0,0.0,0.0,1.0,1.0,567.0,54.0,54.0,54.0,0.0,54.0,83093173.21480745,9.5,10.392304845413264,0.0,0.0,0.0,141.55,DDoS-SYN_Flood,1
59.7382994890213,4471535.1,7.1,214.3,70.0464613678232,70.0464613678232,0.0,0.0,0.0,0.0,0.0,1.0,0.0,0.0,0.0,1.8,0.0,150.3,4039.2,0.0,1.0,0.0,0.0,0.0,0.0,0.0,1.0,0.0,0.0,0.0,0.0,1.0,1.0,1015.0,58.0,66.0,65.46498287745966,1.9879812559804944,65.2,166524097.8062157,13.5,11.442275892551503,2.817485072779724,3.998319272152452,1.0,244.6,BenignTraffic,0
0.0,0.85,46.7,64.0,7.887217578532677,7.887217578532677,0.0,0.0,0.0,0.0,0.0,0.0,0.0,0.0,0.0,0.0,0.0,0.0,0.0,0.0,0.0,0.0,0.0,0.0,0.0,0.0,0.0,0.0,0.0,0.0,0.0,1.0,1.0,6044.35,553.35,578.0,576.6220124269006,5.657958011573204,573.07,83586762.61690189,9.5,33.958582495602315,8.038875008835639,646.8729673860653,0.05,141.55,Other_Attack,1
0.0,54.0,6.0,64.0,3.3350036297539627,3.3350036297539627,0.0,0.0,1.0,0.0,0.0,0.0,0.0,0.0,0.0,1.0,0.0,0.0,0.0,1.0,0.0,0.0,0.0,0.0,0.0,0.0,1.0,0.0,0.0,0.0,0.0,1.0,1.0,567.0,54.0,54.0,54.0,0.0,54.0,82981617.50975256,9.5,10.392304845413264,0.0,0.0,0.0,141.55,DoS-SYN_Flood,1
2.441775386333465,164.16,6.0,64.0,1.1139563017790068,1.1139563017790068,0.0,0.0,1.0,0.0,0.0,0.0,0.0,0.0,0.0,3.04,0.0,0.0,0.0,0.0,0.0,0.0,0.0,0.0,0.0,0.0,1.0,0.0,0.0,0.0,0.0,1.0,1.0,567.0,54.0,54.0,54.0,0.0,54.0,83361237.53313527,9.5,10.392304845413264,0.0,0.0,0.0,141.55,DDoS-SynonymousIP_Flood,1
0.0,54.0,6.0,64.0,8.270934655675486,8.270934655675486,0.0,0.0,0.0,0.0,0.0,0.0,0.0,0.0,0.0,0.0,0.0,0.0,0.0,0.0,0.0,0.0,0.0,0.0,0.0,0.0,1.0,0.0,0.0,0.0,0.0,1.0,1.0,567.0,54.0,54.0,54.0,0.0,54.0,82947252.82794589,9.5,10.392304845413264,0.0,0.0,0.0,141.55,DoS-TCP_Flood,1
0.0,52.92,5.88,62.72,3.362478401476797,3.362478401476797,0.0,0.0,0.0,0.0,0.0,0.0,0.0,0.0,0.0,0.0,0.0,0.0,0.0,0.0,0.0,0.0,0.0,0.0,0.0,0.0,1.0,0.0,0.0,0.0,0.0,1.0,1.0,567.9,54.0,54.48,54.05472809285658,0.1518240980683923,54.12,83033988.89609532,9.5,10.39758422796454,0.2152965215698317,0.2913561949496949,0.08,141.55,DDoS-TCP_Flood,1
0.0,0.0,1.0,64.0,1.3571123191672672,1.3571123191672672,0.0,0.0,0.0,0.0,0.0,0.0,0.0,0.0,0.0,0.0,0.0,0.0,0.0,0.0,0.0,0.0,0.0,0.0,0.0,0.0,0.0,0.0,0.0,0.0,1.0,1.0,1.0,441.0,42.0,42.0,42.0,0.0,42.0,83483207.07389843,9.5,9.16515138991168,0.0,0.0,0.0,141.55,DDoS-ICMP_Flood,1
0.0064586114883422,155.5,6.11,64.0,254.11643757259247,254.11643757259247,0.0,0.0,1.0,0.0,0.0,0.0,0.0,0.0,0.0,1.0,0.0,0.05,0.11,0.0,0.0,0.0,0.0,0.0,0.0,0.0,1.0,0.0,0.0,0.0,0.0,1.0,1.0,570.42,54.0,56.22,54.232694563047886,0.6177606904033351,54.33,83090114.90534507,9.5,10.414551557377692,0.8753356753396951,3.549119106623014,0.11,141.55,DDoS-SYN_Flood,1
0.0,54.0,6.0,64.0,2.4366273959546234,2.4366273959546234,0.0,0.0,0.0,0.0,0.0,0.0,0.0,0.0,0.0,0.0,0.0,0.0,0.0,0.0,0.0,0.0,0.0,0.0,0.0,0.0,1.0,0.0,0.0,0.0,0.0,1.0,1.0,567.0,54.0,54.0,54.0,0.0,54.0,83076438.42241308,9.5,10.392304845413264,0.0,0.0,0.0,141.55,DDoS-TCP_Flood,1
0.0,54.0,6.0,64.0,19.87471403145986,19.87471403145986,0.0,0.0,0.0,0.0,0.0,0.0,0.0,0.0,0.0,0.0,0.0,0.0,0.0,0.0,0.0,0.0,0.0,0.0,0.0,0.0,1.0,0.0,0.0,0.0,0.0,1.0,1.0,567.0,54.0,54.0,54.0,0.0,54.0,83064244.83832856,9.5,10.392304845413264,0.0,0.0,0.0,141.55,DDoS-TCP_Flood,1
34.31749370098114,283716.6,6.0,128.2,52.80243742377394,52.80243742377394,0.0,0.0,0.0,0.0,0.0,1.0,0.0,0.0,0.0,1.0,0.0,187.8,574.0,0.0,1.0,0.0,0.0,0.0,0.0,0.0,1.0,0.0,0.0,0.0,0.0,1.0,1.0,10595.3,66.0,1514.0,704.3391421499897,660.1791979338666,126.7,166520861.6681472,13.5,37.488800750587146,934.5780048551738,436844.51637563977,1.0,244.6,BenignTraffic,0
0.0019418501853942,728.36,5.93,62.66,10.464556995380947,10.464556995380947,0.0,0.0,0.0,0.0,0.0,0.0,0.0,0.0,0.0,0.0,0.0,0.0,0.48,0.0,0.0,0.0,0.0,0.0,0.0,0.0,0.0,0.0,0.0,0.0,0.0,1.0,1.0,9450.28,222.92,1465.26,876.0878257135023,554.5522281509731,908.94,83336562.77800034,9.5,41.560209440048936,784.0830006858963,326044.9079985639,0.95,141.55,Other_Attack,1
0.0,54.0,6.0,64.0,15.56408867250988,15.56408867250988,0.0,0.0,1.0,0.0,0.0,0.0,0.0,0.0,0.0,1.0,0.0,0.0,0.0,1.0,0.0,0.0,0.0,0.0,0.0,0.0,1.0,0.0,0.0,0.0,0.0,1.0,1.0,567.0,54.0,54.0,54.0,0.0,54.0,83090055.36534557,9.5,10.392304845413264,0.0,0.0,0.0,141.55,DDoS-SYN_Flood,1
3.9245540356636046,116.82,6.0,64.0,0.5344811539157316,0.5344811539157316,0.0,0.0,1.0,0.0,0.0,0.0,0.0,0.0,0.0,2.11,0.0,0.0,0.06,0.0,0.0,0.0,0.0,0.0,0.0,0.0,1.0,0.0,0.0,0.0,0.0,1.0,1.0,570.84,54.0,57.84,54.36345751771449,1.0926168640194946,54.24,82985577.31693077,9.5,10.426908584841346,1.5470100932225117,7.742682356275077,0.16,141.55,DoS-SYN_Flood,1
0.0,54.0,6.0,64.0,2097152.0,2097152.0,0.0,0.0,0.0,0.0,0.0,0.0,0.0,0.0,0.0,0.0,0.0,0.0,0.0,0.0,0.0,0.0,0.0,0.0,0.0,0.0,1.0,0.0,0.0,0.0,0.0,1.0,1.0,567.0,54.0,54.0,54.0,0.0,54.0,82943168.31074624,9.5,10.392304845413264,0.0,0.0,0.0,141.55,DoS-TCP_Flood,1
0.0,81.0,6.0,64.0,5.040025282414422,5.040025282414422,0.0,0.0,0.0,0.0,0.0,0.0,0.0,0.0,0.0,0.0,0.0,0.0,0.0,0.0,0.0,0.0,0.0,0.0,0.0,0.0,1.0,0.0,0.0,0.0,0.0,1.0,1.0,567.0,54.0,54.0,54.0,0.0,54.0,82925799.83989291,9.5,10.392304845413264,0.0,0.0,0.0,141.55,DoS-TCP_Flood,1
53.59418110847473,2905544.4,7.1,187.6,47.48552983089325,47.48552983089325,0.0,0.0,0.0,0.0,0.0,1.0,0.0,0.0,0.0,0.0,0.0,141.7,2802.0,0.0,1.0,0.0,0.0,0.0,0.0,0.0,1.0,0.0,0.0,0.0,0.0,1.0,1.0,371.1,66.0,74.1,66.9075,2.551469204908156,68.7,0.0068356990814208,5.5,11.567221077506696,3.608322353558413,21.7344375,0.3,38.5,BenignTraffic,0
0.0,54.0,6.0,64.0,6.295643862297198,6.295643862297198,0.0,1.0,0.0,1.0,0.0,0.0,0.0,0.0,1.0,0.0,1.0,0.0,0.0,0.0,0.0,0.0,0.0,0.0,0.0,0.0,1.0,0.0,0.0,0.0,0.0,1.0,1.0,567.0,54.0,54.0,54.0,0.0,54.0,83344754.99331614,9.5,10.392304845413264,0.0,0.0,0.0,141.55,DDoS-RSTFINFlood,1
0.1345900726318359,36751.5,17.0,64.0,7168.968096931912,7168.968096931912,0.0,0.0,0.0,0.0,0.0,0.0,0.0,0.0,0.0,0.0,0.0,0.0,0.0,0.0,0.0,0.0,0.0,0.0,0.0,0.0,0.0,1.0,0.0,0.0,0.0,1.0,1.0,525.0,50.0,50.0,50.0,0.0,50.0,83101939.82912445,9.5,10.0,0.0,0.0,0.0,141.55,DDoS-UDP_Flood,1
0.438577778339386,81.54,6.0,64.0,2.3276098086170736,2.3276098086170736,0.0,0.0,1.0,0.0,0.0,0.0,0.0,0.0,0.0,1.51,0.0,0.0,0.0,0.0,0.0,0.0,0.0,0.0,0.0,0.0,1.0,0.0,0.0,0.0,0.0,1.0,1.0,567.0,54.0,54.0,54.0,0.0,54.0,83365671.47650063,9.5,10.392304845413264,0.0,0.0,0.0,141.55,DDoS-SynonymousIP_Flood,1
68.66239202022552,58327.3,11.5,80.3,3.7933197065602897,3.7933197065602897,0.0,0.0,0.0,0.0,0.0,0.0,0.0,0.0,0.0,0.0,0.0,151.6,322.2,0.0,0.0,0.0,0.0,0.0,0.0,0.0,0.0,0.0,0.0,0.0,0.0,1.0,1.0,481.5,64.8,119.0,83.42821428571429,19.02375331505229,96.9,0.005324387550354,5.5,12.896093468913998,26.90364994538707,604.658206207483,0.9,38.5,BenignTraffic,0
0.0,0.0,1.0,64.0,13.095250583842244,13.095250583842244,0.0,0.0,0.0,0.0,0.0,0.0,0.0,0.0,0.0,0.0,0.0,0.0,0.0,0.0,0.0,0.0,0.0,0.0,0.0,0.0,0.0,0.0,0.0,0.0,1.0,1.0,1.0,441.0,42.0,42.0,42.0,0.0,42.0,83150648.76085366,9.5,9.16515138991168,0.0,0.0,0.0,141.55,DDoS-ICMP_Flood,1
0.0,53.46,6.06,64.38,4.98775181846803,4.98775181846803,0.0,0.0,1.0,0.0,0.0,0.0,0.0,0.0,0.0,0.98,0.0,0.0,0.0,0.0,0.0,0.0,0.0,0.0,0.0,0.0,1.0,0.0,0.0,0.0,0.0,1.0,1.0,572.28,54.0,59.28,54.38714830628608,1.3636683502213076,54.44,83088903.69751684,9.5,10.429093705783416,1.9318485358176525,15.749414563693268,0.12,141.55,DDoS-SYN_Flood,1
1.3569315052032471,144.72,6.0,64.0,2.0219471159104776,2.0219471159104776,0.0,0.0,1.0,0.0,0.0,0.0,0.0,0.0,0.0,2.68,0.0,0.0,0.0,0.0,1.0,0.0,0.0,0.0,0.0,0.0,1.0,0.0,0.0,0.0,0.0,1.0,1.0,567.0,54.0,54.0,54.0,0.0,54.0,83362407.87530887,9.5,10.392304845413264,0.0,0.0,0.0,141.55,DDoS-SynonymousIP_Flood,1
0.0,54.0,6.0,64.0,3.873873253383587,3.873873253383587,0.0,0.0,0.0,0.0,1.0,1.0,0.0,0.0,0.0,0.0,0.0,1.0,1.0,0.0,0.0,0.0,0.0,0.0,0.0,0.0,1.0,0.0,0.0,0.0,0.0,1.0,1.0,567.0,54.0,54.0,54.0,0.0,54.0,83330931.92363188,9.5,10.392304845413264,0.0,0.0,0.0,141.55,DDoS-PSHACK_Flood,1
0.0473162508010864,71.34,6.0,64.0,4.025279784264344,4.025279784264344,0.0,0.0,1.0,0.0,0.0,0.0,0.0,0.0,0.0,1.02,0.01,0.05,0.11,0.0,0.0,0.0,0.0,0.0,0.0,0.0,1.0,0.0,0.0,0.0,0.0,1.0,1.0,568.2,54.0,55.2,54.067082559339525,0.2754381182104603,54.24,82985887.65153489,9.5,10.398780114453793,0.3913448280163395,1.5330193879192004,0.05,141.55,DoS-SYN_Flood,1
0.0,54.0,6.0,64.0,37.61876317323646,37.61876317323646,0.0,0.0,1.0,0.0,0.0,0.0,0.0,0.0,0.0,1.0,0.0,0.0,0.0,1.0,0.0,0.0,0.0,0.0,0.0,0.0,1.0,0.0,0.0,0.0,0.0,1.0,1.0,567.0,54.0,54.0,54.0,0.0,54.0,83090053.92570715,9.5,10.392304845413264,0.0,0.0,0.0,141.55,DDoS-SYN_Flood,1
0.0,54.0,6.0,64.0,0.0,0.0,0.0,0.0,0.0,0.0,0.0,0.0,0.0,0.0,0.0,0.0,0.0,0.0,0.0,0.0,0.0,0.0,0.0,0.0,0.0,0.0,1.0,0.0,0.0,0.0,0.0,1.0,1.0,567.0,54.0,54.0,54.0,0.0,54.0,83034123.07779837,9.5,10.392304845413264,0.0,0.0,0.0,141.55,DDoS-TCP_Flood,1
0.0,53.46,5.94,63.36,0.3113840328882041,0.3113840328882041,0.0,0.0,1.0,0.0,0.0,0.0,0.0,0.0,0.0,0.99,0.0,0.0,0.0,1.0,0.0,0.0,0.0,0.0,0.0,0.0,1.0,0.0,0.0,0.0,0.0,1.0,1.0,567.66,54.0,54.66,54.046126284190535,0.167098594198537,54.06,83362313.76826619,9.5,10.396749493459662,0.236767224581195,0.2573054590585755,0.11,141.55,DDoS-SynonymousIP_Flood,1
0.0009069418907165,3.38,45.76,63.36,16.501276212461402,16.501276212461402,0.0,0.0,0.0,0.0,0.0,0.0,0.0,0.0,0.0,0.0,0.0,0.0,0.0,0.0,0.0,0.0,0.0,0.0,0.0,0.0,0.0,0.0,0.0,0.0,0.0,1.0,1.0,6075.43,535.21,592.0,582.60801929645,19.8862188583722,577.77,83693896.839103,9.5,34.123821313085344,28.175413862926103,3681.266704945108,0.11,141.55,Other_Attack,1
0.0,54.0,6.0,64.0,20.14926219204625,20.14926219204625,0.0,0.0,0.0,0.0,0.0,0.0,0.0,0.0,0.0,0.0,0.0,0.0,0.0,0.0,0.0,0.0,0.0,0.0,0.0,0.0,1.0,0.0,0.0,0.0,0.0,1.0,1.0,567.0,54.0,54.0,54.0,0.0,54.0,83067372.55333686,9.5,10.392304845413264,0.0,0.0,0.0,141.55,DDoS-TCP_Flood,1
0.0,54.0,6.0,64.0,31.63864855282909,31.63864855282909,0.0,0.0,0.0,0.0,0.0,0.0,0.0,0.0,0.0,0.0,0.0,0.0,0.0,0.0,0.0,0.0,0.0,0.0,0.0,0.0,1.0,0.0,0.0,0.0,0.0,1.0,1.0,567.0,54.0,54.0,54.0,0.0,54.0,83076113.280843,9.5,10.392304845413264,0.0,0.0,0.0,141.55,DDoS-TCP_Flood,1
0.0368752765655517,36482.24,17.0,64.0,19800.44270970804,19800.44270970804,0.0,0.0,0.0,0.0,0.0,0.0,0.0,0.0,0.0,0.0,0.0,0.0,0.0,0.0,0.0,0.0,0.0,0.0,0.0,0.0,0.0,1.0,0.0,0.0,0.0,1.0,1.0,528.36,50.0,53.36,50.275457517714486,0.9071741449195032,50.24,83028651.10229401,9.5,10.027313474337038,1.2847544848279595,6.021082356275076,0.14,141.55,DoS-UDP_Flood,1
51.03404958248139,661025.4,6.0,162.4,69.10583261909792,69.10583261909792,0.0,0.0,0.0,0.0,0.0,1.0,0.0,0.0,0.0,1.8,0.0,95.8,747.2,0.0,1.0,0.0,0.0,0.0,0.0,0.0,1.0,0.0,0.0,0.0,0.0,1.0,1.0,16050.4,60.0,1514.0,1064.5891772945838,613.3725929955497,425.5,166610536.1600874,13.5,46.11145202927169,866.7069208683931,380251.66503833793,1.0,244.6,Other_Attack,1
0.1845956087112426,26675.0,17.0,64.0,2889.4374865501186,2889.4374865501186,0.0,0.0,0.0,0.0,0.0,0.0,0.0,0.0,0.0,0.0,0.0,0.0,0.0,0.0,0.0,0.0,0.0,0.0,0.0,0.0,0.0,1.0,0.0,0.0,0.0,1.0,1.0,525.0,50.0,50.0,50.0,0.0,50.0,83015828.40407966,9.5,10.0,0.0,0.0,0.0,141.55,DoS-UDP_Flood,1
0.0583150029182434,39425.0,17.0,64.0,13516.973688215665,13516.973688215665,0.0,0.0,0.0,0.0,0.0,0.0,0.0,0.0,0.0,0.0,0.0,0.0,0.0,0.0,0.0,0.0,0.0,0.0,0.0,0.0,0.0,1.0,0.0,0.0,0.0,1.0,1.0,525.0,50.0,50.0,50.0,0.0,50.0,83016019.0348296,9.5,10.0,0.0,0.0,0.0,141.55,DoS-UDP_Flood,1
0.0,54.0,6.0,64.0,86.97184091568863,86.97184091568863,0.0,0.0,0.0,0.0,1.0,1.0,0.0,0.0,0.0,0.0,0.0,1.0,1.0,0.0,0.0,0.0,0.0,0.0,0.0,0.0,1.0,0.0,0.0,0.0,0.0,1.0,1.0,567.0,54.0,54.0,54.0,0.0,54.0,83314313.51743187,9.5,10.392304845413264,0.0,0.0,0.0,141.55,DDoS-PSHACK_Flood,1
0.0,54.0,6.0,64.0,12.345627063716726,12.345627063716726,0.0,1.0,0.0,1.0,0.0,0.0,0.0,0.0,1.0,0.0,1.0,0.0,0.0,1.0,0.0,0.0,0.0,0.0,0.0,0.0,1.0,0.0,0.0,0.0,0.0,1.0,1.0,567.0,54.0,54.0,54.0,0.0,54.0,83344998.79720065,9.5,10.392304845413264,0.0,0.0,0.0,141.55,DDoS-RSTFINFlood,1
93.41622714996338,1955095.2,7.1,166.2,45.67412361861713,45.67412361861713,0.0,0.0,0.0,0.0,0.0,1.0,0.0,0.0,0.0,1.2,0.0,368.1,2379.3,0.0,1.0,0.0,0.0,0.0,0.0,0.0,1.0,0.0,0.0,0.0,0.0,1.0,1.0,1526.6,66.0,481.2,94.68422514619884,97.15958231019268,171.2,166520544.6863138,13.5,13.62865031401815,137.89629486821073,15867.008651245002,0.6,244.6,BenignTraffic,0
0.0162772917747497,59.26,6.0,63.79,2.695002412336818,2.695002412336818,0.0,0.0,0.0,0.0,0.0,0.0,0.0,0.0,0.0,0.03,0.0,0.01,0.06,0.0,0.0,0.0,0.0,0.0,0.0,0.0,1.0,0.0,0.0,0.0,0.0,1.0,1.0,570.32,54.0,56.12,54.22600684901614,0.5965468622224863,54.32,82946375.43663335,9.5,10.413918589282428,0.8452711464016781,3.304176521254501,0.11,141.55,DoS-TCP_Flood,1
0.0052501010894775,71.72,6.0,64.0,10.246113661533256,10.246113661533256,0.0,1.0,0.0,1.0,0.0,0.0,0.0,0.0,0.99,0.02,0.99,0.02,0.05,0.0,0.0,0.0,0.0,0.0,0.0,0.0,1.0,0.0,0.0,0.0,0.0,1.0,1.0,605.88,54.0,92.88,56.050105263157896,8.687130108230964,66.96,83348124.02739118,9.5,10.551960200891244,12.383548522183354,2556.2433240997225,0.03,141.55,DDoS-RSTFINFlood,1
0.0,53.92,6.11,64.0,18.114829502314503,18.114829502314503,0.0,0.0,0.0,0.0,0.0,0.0,0.0,0.0,0.0,0.0,0.0,0.0,0.0,0.0,0.0,0.0,0.0,0.0,0.0,0.0,1.0,0.0,0.0,0.0,0.0,1.0,1.0,565.72,52.72,54.0,53.87884749409517,0.3642056213398315,53.92,83067516.80175096,9.5,10.38057691107342,0.5156700310741705,0.8602980395861195,0.16,141.55,DDoS-TCP_Flood,1
0.010133306980133,14325.0,17.0,64.0,28311.706161206217,28311.706161206217,0.0,0.0,0.0,0.0,0.0,0.0,0.0,0.0,0.0,0.0,0.0,0.0,0.0,0.0,0.0,0.0,0.0,0.0,0.0,0.0,0.0,1.0,0.0,0.0,0.0,1.0,1.0,525.0,50.0,50.0,50.0,0.0,50.0,83028633.29651304,9.5,10.0,0.0,0.0,0.0,141.55,DoS-UDP_Flood,1
0.1294901847839355,19254.0,17.0,64.0,3177.0840840958303,3177.0840840958303,0.0,0.0,0.0,0.0,0.0,0.0,0.0,0.0,0.0,0.0,0.0,0.0,0.0,0.0,0.0,0.0,0.0,0.0,0.0,0.0,0.0,1.0,0.0,0.0,0.0,1.0,1.0,525.0,50.0,50.0,50.0,0.0,50.0,83098764.76876588,9.5,10.0,0.0,0.0,0.0,141.55,DDoS-UDP_Flood,1
0.0,54.0,6.0,64.0,58.37015182932769,58.37015182932769,0.0,0.0,0.0,0.0,1.0,1.0,0.0,0.0,0.0,0.0,0.0,1.0,1.0,0.0,0.0,0.0,0.0,0.0,0.0,0.0,1.0,0.0,0.0,0.0,0.0,1.0,1.0,567.0,54.0,54.0,54.0,0.0,54.0,83314391.98438711,9.5,10.392304845413264,0.0,0.0,0.0,141.55,DDoS-PSHACK_Flood,1
0.0,0.0,1.0,64.0,3.908928747835521,3.908928747835521,0.0,0.0,0.0,0.0,0.0,0.0,0.0,0.0,0.0,0.0,0.0,0.0,0.0,0.0,0.0,0.0,0.0,0.0,0.0,0.0,0.0,0.0,0.0,0.0,1.0,1.0,1.0,441.0,42.0,42.0,42.0,0.0,42.0,83128563.33070327,9.5,9.16515138991168,0.0,0.0,0.0,141.55,DDoS-ICMP_Flood,1
1.395723581314087,451256.6,6.0,116.7,266.3649185286839,266.3649185286839,0.0,0.0,0.0,0.0,0.0,1.0,0.0,0.0,0.0,1.8,0.0,13.6,370.9,0.0,1.0,0.0,0.0,0.0,0.0,0.0,1.0,0.0,0.0,0.0,0.0,1.0,1.0,27923.8,66.0,7306.0,1827.0586785290736,1746.621557523626,1085.3,166518646.1721028,13.5,60.41798250109476,2475.816191576564,3077336.9939797027,1.0,244.6,BenignTraffic,0
5.877131719589233,131.76,6.0,64.0,0.4109560224937484,0.4109560224937484,0.0,0.0,1.0,0.0,0.0,0.0,0.0,0.0,0.0,2.44,0.0,0.0,0.0,1.0,0.0,0.0,0.0,0.0,0.0,0.0,1.0,0.0,0.0,0.0,0.0,1.0,1.0,567.0,54.0,54.0,54.0,0.0,54.0,83362312.13900667,9.5,10.392304845413264,0.0,0.0,0.0,141.55,DDoS-SynonymousIP_Flood,1
51.978670597076416,1200486.2,6.0,63.6,68.18665790458076,68.18665790458076,0.0,0.0,0.0,0.0,0.0,1.0,0.0,0.0,0.0,1.4,0.0,195.1,1343.2,0.0,1.0,0.0,0.0,0.0,0.0,0.0,1.0,0.0,0.0,0.0,0.0,1.0,1.0,5129.9,66.0,1717.9,681.573253968254,623.5398584449333,1717.9,0.0107872009277343,5.5,33.53493438864048,881.8185244930246,725984.9918306249,0.8,38.5,BenignTraffic,0
0.0,54.0,6.0,64.0,0.9971664204177496,0.9971664204177496,0.0,1.0,0.0,1.0,0.0,0.0,0.0,0.0,1.0,0.0,1.0,0.0,0.0,0.0,0.0,0.0,0.0,0.0,0.0,0.0,1.0,0.0,0.0,0.0,0.0,1.0,1.0,567.0,54.0,54.0,54.0,0.0,54.0,83344516.85625607,9.5,10.392304845413264,0.0,0.0,0.0,141.55,DDoS-RSTFINFlood,1
0.1576844716072082,35875.0,17.0,64.0,4549.01339339985,4549.01339339985,0.0,0.0,0.0,0.0,0.0,0.0,0.0,0.0,0.0,0.0,0.0,0.0,0.0,0.0,0.0,0.0,0.0,0.0,0.0,0.0,0.0,1.0,0.0,0.0,0.0,1.0,1.0,525.0,50.0,50.0,50.0,0.0,50.0,83102464.69362444,9.5,10.0,0.0,0.0,0.0,141.55,DDoS-UDP_Flood,1
0.0265941858291626,14825.0,17.0,64.0,11125.992518456276,11125.992518456276,0.0,0.0,0.0,0.0,0.0,0.0,0.0,0.0,0.0,0.0,0.0,0.0,0.0,0.0,0.0,0.0,0.0,0.0,0.0,0.0,0.0,1.0,0.0,0.0,0.0,1.0,1.0,525.0,50.0,50.0,50.0,0.0,50.0,83016363.13834491,9.5,10.0,0.0,0.0,0.0,141.55,DoS-UDP_Flood,1
3.3227278327941896,3420119.0,17.0,64.0,1857.9532624124504,1857.9532624124504,0.0,0.0,0.0,0.0,0.0,0.0,0.0,0.0,0.0,0.0,0.0,0.0,0.0,0.0,0.0,0.0,0.0,0.0,0.0,0.0,0.0,1.0,0.0,0.0,0.0,1.0,1.0,5817.0,554.0,554.0,554.0,0.0,554.0,83784936.16268843,9.5,33.28663395418648,0.0,0.0,0.0,141.55,Other_Attack,1
0.0,54.0,6.0,64.0,28.52414243355729,28.52414243355729,0.0,0.0,0.0,0.0,0.0,0.0,0.0,0.0,0.0,0.0,0.0,0.0,0.0,0.0,0.0,0.0,0.0,0.0,0.0,0.0,1.0,0.0,0.0,0.0,0.0,1.0,1.0,567.0,54.0,54.0,54.0,0.0,54.0,83072003.3140566,9.5,10.392304845413264,0.0,0.0,0.0,141.55,DDoS-TCP_Flood,1
0.0,162.0,17.0,64.0,0.4005493067771391,0.4005493067771391,0.0,0.0,0.0,0.0,0.0,0.0,0.0,0.0,0.0,0.0,0.0,0.0,0.0,0.0,0.0,0.0,0.0,0.0,0.0,0.0,0.0,1.0,0.0,0.0,0.0,1.0,1.0,1701.0,162.0,162.0,162.0,0.0,162.0,83007875.72364666,9.5,18.0,0.0,0.0,0.0,141.55,DoS-UDP_Flood,1
0.0,54.0,6.0,64.0,17.56075340248082,17.56075340248082,0.0,1.0,0.0,1.0,0.0,0.0,0.0,0.0,1.0,0.0,1.0,0.0,0.0,1.0,0.0,0.0,0.0,0.0,0.0,0.0,1.0,0.0,0.0,0.0,0.0,1.0,1.0,567.0,54.0,54.0,54.0,0.0,54.0,83344994.72226293,9.5,10.392304845413264,0.0,0.0,0.0,141.55,DDoS-RSTFINFlood,1
0.0001513695716857,54.54,6.0,64.0,80.75122205892968,80.75122205892968,0.0,0.0,1.0,0.0,0.0,0.0,0.0,0.0,0.0,1.0,0.01,0.0,0.0,1.0,0.0,0.0,0.0,0.0,0.0,0.0,1.0,0.0,0.0,0.0,0.0,1.0,1.0,567.0,54.0,54.0,54.0,0.0,54.0,83090053.47168624,9.5,10.392304845413264,0.0,0.0,0.0,141.55,DDoS-SYN_Flood,1
5.233941943645477,108.0,6.0,64.0,0.382121186320178,0.382121186320178,0.0,0.0,0.0,0.0,0.0,0.0,0.0,0.0,0.0,0.0,0.0,0.0,0.0,0.0,0.0,0.0,0.0,0.0,0.0,0.0,1.0,0.0,0.0,0.0,0.0,1.0,1.0,567.0,54.0,54.0,54.0,0.0,54.0,82943164.8694186,9.5,10.392304845413264,0.0,0.0,0.0,141.55,DoS-TCP_Flood,1
0.0,54.0,6.0,64.0,0.3450650228479998,0.3450650228479998,0.0,0.0,0.0,0.0,1.0,1.0,0.0,0.0,0.0,0.0,0.0,1.0,1.0,0.0,0.0,0.0,0.0,0.0,0.0,0.0,1.0,0.0,0.0,0.0,0.0,1.0,1.0,567.0,54.0,54.0,54.0,0.0,54.0,83331834.31308216,9.5,10.392304845413264,0.0,0.0,0.0,141.55,DDoS-PSHACK_Flood,1
0.0,54.0,6.0,64.0,2.109967945299751,2.109967945299751,0.0,0.0,0.0,0.0,1.0,1.0,0.0,0.0,0.0,0.0,0.0,1.0,1.0,0.0,0.0,0.0,0.0,0.0,0.0,0.0,1.0,0.0,0.0,0.0,0.0,1.0,1.0,567.0,54.0,54.0,54.0,0.0,54.0,83314084.6815719,9.5,10.392304845413264,0.0,0.0,0.0,141.55,DDoS-PSHACK_Flood,1
0.0,54.0,6.0,64.0,33.48785813802162,33.48785813802162,0.0,0.0,0.0,0.0,0.0,0.0,0.0,0.0,0.0,0.0,0.0,0.0,0.0,0.0,0.0,0.0,0.0,0.0,0.0,0.0,1.0,0.0,0.0,0.0,0.0,1.0,1.0,567.0,54.0,54.0,54.0,0.0,54.0,82947060.7583168,9.5,10.392304845413264,0.0,0.0,0.0,141.55,DoS-TCP_Flood,1
5.175190374851227,108.0,6.0,64.0,0.3864592183112724,0.3864592183112724,0.0,0.0,0.0,0.0,0.0,0.0,0.0,0.0,0.0,0.0,0.0,0.0,0.0,0.0,0.0,0.0,0.0,0.0,0.0,0.0,1.0,0.0,0.0,0.0,0.0,1.0,1.0,567.0,54.0,54.0,54.0,0.0,54.0,82947518.54445541,9.5,10.392304845413264,0.0,0.0,0.0,141.55,DoS-TCP_Flood,1
2.375439739227295,493011.5,6.0,64.0,174.91386881543403,174.91386881543403,0.0,0.0,0.0,0.0,0.0,1.0,0.0,0.0,0.0,2.0,0.0,15.5,414.5,0.0,1.0,0.0,0.0,0.0,0.0,0.0,1.0,0.0,0.0,0.0,0.0,1.0,1.0,17734.5,60.0,3396.4,1100.7467292846472,1011.7905663687204,2286.5,166523202.9861979,13.5,46.50616571156387,1428.570551425997,1037845.1373738144,1.0,244.6,BenignTraffic,0
2.409532918930054,73.98,6.0,64.0,0.3070983211467345,0.3070983211467345,0.0,0.0,0.0,0.0,0.0,0.0,0.0,0.0,0.0,0.0,0.0,0.0,0.0,0.0,0.0,0.0,0.0,0.0,0.0,0.0,1.0,0.0,0.0,0.0,0.0,1.0,1.0,567.0,54.0,54.0,54.0,0.0,54.0,82951255.26674713,9.5,10.392304845413264,0.0,0.0,0.0,141.55,DoS-TCP_Flood,1
1.4589749574661257,470709.9,7.1,214.3,232.0848697954849,232.0848697954849,0.0,0.0,0.0,0.0,0.0,1.0,0.0,0.0,0.0,1.8,0.0,15.3,348.3,0.0,1.0,0.0,0.0,0.0,0.0,0.0,1.0,0.0,0.0,0.0,0.0,1.0,1.0,355.0,58.0,66.0,64.96698412698412,2.668149914835641,64.4,0.0010534048080444,5.5,11.398473217963195,3.773333796005182,14.32264449483497,0.5,38.5,BenignTraffic,0
4.456283392906189,108.0,6.0,64.0,0.4488047207284449,0.4488047207284449,0.0,0.0,1.0,0.0,0.0,0.0,0.0,0.0,0.0,2.0,0.0,0.0,0.0,0.0,0.0,0.0,0.0,0.0,0.0,0.0,1.0,0.0,0.0,0.0,0.0,1.0,1.0,567.0,54.0,54.0,54.0,0.0,54.0,82985343.03190632,9.5,10.392304845413264,0.0,0.0,0.0,141.55,DoS-SYN_Flood,1
0.0,54.0,6.0,64.0,1.6415976955110478,1.6415976955110478,0.0,0.0,0.0,0.0,1.0,1.0,0.0,0.0,0.0,0.0,0.0,1.0,1.0,0.0,0.0,0.0,0.0,0.0,0.0,0.0,1.0,0.0,0.0,0.0,0.0,1.0,1.0,567.0,54.0,54.0,54.0,0.0,54.0,83331131.15952258,9.5,10.392304845413264,0.0,0.0,0.0,141.55,DDoS-PSHACK_Flood,1
0.0,54.0,6.0,64.0,4.817629361747707,4.817629361747707,0.0,0.0,0.0,0.0,0.0,0.0,0.0,0.0,0.0,0.0,0.0,0.0,0.0,0.0,0.0,0.0,0.0,0.0,0.0,0.0,1.0,0.0,0.0,0.0,0.0,1.0,1.0,567.0,54.0,54.0,54.0,0.0,54.0,83033385.57236387,9.5,10.392304845413264,0.0,0.0,0.0,141.55,DDoS-TCP_Flood,1
24.319416761398315,2003968.3,6.0,213.6,71.11508797537634,71.11508797537634,0.0,0.0,0.0,0.0,0.0,1.0,0.0,0.0,0.0,0.2,0.0,64.7,1759.0,0.0,1.0,0.0,0.0,0.0,0.0,0.0,1.0,0.0,0.0,0.0,0.0,1.0,1.0,999.0,50.0,66.0,64.39494863237897,4.313049927816044,66.0,166518790.8494506,13.5,11.347975801691138,6.112149549995374,18.796957107028483,1.0,244.6,BenignTraffic,0
0.0,54.0,6.0,64.0,1.8149143123098352,1.8149143123098352,0.0,0.0,1.0,0.0,0.0,0.0,0.0,0.0,0.0,1.0,0.0,0.0,0.0,0.0,0.0,0.0,0.0,0.0,0.0,0.0,1.0,0.0,0.0,0.0,0.0,1.0,1.0,567.0,54.0,54.0,54.0,0.0,54.0,83093447.97233513,9.5,10.392304845413264,0.0,0.0,0.0,141.55,DDoS-SYN_Flood,1
0.1272100210189819,26145.0,17.0,64.0,4246.280202702701,4246.280202702701,0.0,0.0,0.0,0.0,0.0,0.0,0.0,0.0,0.0,0.0,0.0,0.0,0.0,0.0,0.0,0.0,0.0,0.0,0.0,0.0,0.0,1.0,0.0,0.0,0.0,1.0,1.0,525.0,50.0,50.0,50.0,0.0,50.0,83101878.04743248,9.5,10.0,0.0,0.0,0.0,141.55,DDoS-UDP_Flood,1
0.0,0.0,1.0,64.0,4.421784936975155,4.421784936975155,0.0,0.0,0.0,0.0,0.0,0.0,0.0,0.0,0.0,0.0,0.0,0.0,0.0,0.0,0.0,0.0,0.0,0.0,0.0,0.0,0.0,0.0,0.0,0.0,1.0,1.0,1.0,441.0,42.0,42.0,42.0,0.0,42.0,83127725.80019924,9.5,9.16515138991168,0.0,0.0,0.0,141.55,DDoS-ICMP_Flood,1
25.432190799713133,1453674.6,7.1,64.0,54.62450823486063,54.62450823486063,0.0,0.0,0.0,0.0,0.0,1.0,0.0,0.0,0.0,0.0,0.0,63.0,1435.5,0.0,1.0,0.0,0.0,0.0,0.0,0.0,1.0,0.0,0.0,0.0,0.0,1.0,1.0,23171.0,59.6,2382.8,1471.714652798182,620.4220947711013,2092.4,166521666.3070438,13.5,54.08043217291026,873.2637475100024,401632.3577116103,1.0,244.6,BenignTraffic,0
0.0228526806831359,84.29,16.89,64.0,3.409162196600459,3.409162196600459,0.0,0.0,0.0,0.0,0.0,0.0,0.0,0.0,0.0,0.04,0.0,0.02,0.06,0.0,0.0,0.0,0.0,0.0,0.0,0.0,0.0,1.0,0.0,0.0,0.0,1.0,1.0,491.73,42.0,92.73,48.93596488457363,15.905156596781158,44.67,83003544.10108358,9.5,9.770797082191544,22.51349679617629,1428.5872960008576,0.19,141.55,DoS-UDP_Flood,1
1.759723103046417,79.92,6.0,64.0,0.7053008266557035,0.7053008266557035,0.0,0.0,1.0,0.0,0.0,0.0,0.0,0.0,0.0,1.48,0.0,0.0,0.0,0.0,0.0,0.0,0.0,0.0,0.0,0.0,1.0,0.0,0.0,0.0,0.0,1.0,1.0,567.0,54.0,54.0,54.0,0.0,54.0,83365507.62635516,9.5,10.392304845413264,0.0,0.0,0.0,141.55,DDoS-SynonymousIP_Flood,1
0.0,54.0,6.0,64.0,42.62763989674169,42.62763989674169,0.0,0.0,1.0,0.0,0.0,0.0,0.0,0.0,0.0,1.0,0.0,0.0,0.0,0.0,0.0,0.0,0.0,0.0,0.0,0.0,1.0,0.0,0.0,0.0,0.0,1.0,1.0,567.0,54.0,54.0,54.0,0.0,54.0,83076907.6090683,9.5,10.392304845413264,0.0,0.0,0.0,141.55,DDoS-SYN_Flood,1
0.8820509004592896,31420.5,17.0,64.0,1976.9188663108448,1976.9188663108448,0.0,0.0,0.0,0.0,0.0,0.0,0.0,0.0,0.0,0.0,0.0,0.0,0.0,0.0,0.0,0.0,0.0,0.0,0.0,0.0,0.0,1.0,0.0,0.0,0.0,1.0,1.0,525.0,50.0,50.0,50.0,0.0,50.0,83098704.17495057,9.5,10.0,0.0,0.0,0.0,141.55,DDoS-UDP_Flood,1
0.0,0.0,0.99,63.36,160.73517407882883,160.73517407882883,0.0,0.0,0.0,0.0,0.0,0.0,0.0,0.0,0.0,0.0,0.0,0.0,0.0,0.0,0.0,0.0,0.0,0.0,0.0,0.0,0.0,0.0,0.0,0.0,1.0,1.0,1.0,441.9,42.0,42.9,42.05031191950464,0.2065785886578451,42.18,83124006.49193545,9.5,9.170659304768783,0.2935086210122546,0.8623234057045502,0.05,141.55,DDoS-ICMP_Flood,1
0.0,54.0,6.0,64.0,82.13053971362136,82.13053971362136,0.0,0.0,0.0,0.0,1.0,1.0,0.0,0.0,0.0,0.0,0.0,1.0,1.0,0.0,0.0,0.0,0.0,0.0,0.0,0.0,1.0,0.0,0.0,0.0,0.0,1.0,1.0,567.0,54.0,54.0,54.0,0.0,54.0,83313726.73928308,9.5,10.392304845413264,0.0,0.0,0.0,141.55,DDoS-PSHACK_Flood,1
0.0,54.0,6.0,64.0,0.4951331081392556,0.4951331081392556,0.0,0.0,0.0,0.0,1.0,1.0,0.0,0.0,0.0,0.0,0.0,1.0,1.0,0.0,0.0,0.0,0.0,0.0,0.0,0.0,1.0,0.0,0.0,0.0,0.0,1.0,1.0,567.0,54.0,54.0,54.0,0.0,54.0,83314738.21357112,9.5,10.392304845413264,0.0,0.0,0.0,141.55,DDoS-PSHACK_Flood,1
0.0,54.0,6.0,64.0,23.392921281888263,23.392921281888263,0.0,0.0,1.0,0.0,0.0,0.0,0.0,0.0,0.0,1.0,0.0,0.0,0.0,0.0,0.0,0.0,0.0,0.0,0.0,0.0,1.0,0.0,0.0,0.0,0.0,1.0,1.0,567.0,54.0,54.0,54.0,0.0,54.0,83089709.16387922,9.5,10.392304845413264,0.0,0.0,0.0,141.55,DDoS-SYN_Flood,1
0.0,0.0,47.0,64.0,2.333117875816688,2.333117875816688,0.0,0.0,0.0,0.0,0.0,0.0,0.0,0.0,0.0,0.0,0.0,0.0,0.0,0.0,0.0,0.0,0.0,0.0,0.0,0.0,0.0,0.0,0.0,0.0,0.0,1.0,1.0,6216.0,592.0,592.0,592.0,0.0,592.0,83694059.14884552,9.5,34.409301068170514,0.0,0.0,0.0,141.55,Other_Attack,1
0.2898375010490417,76.38,6.0,65.69,11.253890957845805,11.253890957845805,0.0,0.0,1.0,0.0,0.0,0.0,0.0,0.0,0.0,1.39,0.0,0.0,0.02,0.0,0.0,0.0,0.0,0.0,0.0,0.0,1.0,0.0,0.0,0.0,0.0,1.0,1.0,567.96,54.0,54.96,54.05934347747196,0.230533366018956,54.12,83362567.82778612,9.5,10.39802552472826,0.3269316656278198,0.670613571771492,0.08,141.55,DDoS-SynonymousIP_Flood,1
0.0,0.0,1.0,64.0,2.800401401835152,2.800401401835152,0.0,0.0,0.0,0.0,0.0,0.0,0.0,0.0,0.0,0.0,0.0,0.0,0.0,0.0,0.0,0.0,0.0,0.0,0.0,0.0,0.0,0.0,0.0,0.0,1.0,1.0,1.0,441.0,42.0,42.0,42.0,0.0,42.0,83132735.11299892,9.5,9.16515138991168,0.0,0.0,0.0,141.55,DDoS-ICMP_Flood,1
0.0,54.0,6.0,64.0,26.33570885893146,26.33570885893146,0.0,0.0,0.0,0.0,0.0,0.0,0.0,0.0,0.0,0.0,0.0,0.0,0.0,0.0,0.0,0.0,0.0,0.0,0.0,0.0,1.0,0.0,0.0,0.0,0.0,1.0,1.0,567.0,54.0,54.0,54.0,0.0,54.0,83072329.74298272,9.5,10.392304845413264,0.0,0.0,0.0,141.55,DDoS-TCP_Flood,1
0.0082804679870605,14.43,1.26,58.83,10.135268014114072,10.135268014114072,0.0,0.0,0.0,0.0,0.0,0.0,0.0,0.0,0.02,0.02,0.0,0.03,0.07,0.0,0.0,0.0,0.0,0.0,0.0,0.0,0.0,0.0,0.0,0.0,1.0,1.0,1.0,8495.0,195.4,1429.78,785.1825789820343,540.6956536493881,819.58,83253364.58115417,9.5,38.80687004145689,764.852104078947,320524.08092149347,0.93,141.55,Other_Attack,1
0.036096031665802,23832.5,17.0,64.0,13388.87074906615,13388.87074906615,0.0,0.0,0.0,0.0,0.0,0.0,0.0,0.0,0.0,0.0,0.0,0.0,0.0,0.0,0.0,0.0,0.0,0.0,0.0,0.0,0.0,1.0,0.0,0.0,0.0,1.0,1.0,525.0,50.0,50.0,50.0,0.0,50.0,83103000.65761809,9.5,10.0,0.0,0.0,0.0,141.55,DDoS-UDP_Flood,1
0.2514380669593811,75.6,6.0,64.0,2.3861737657730284,2.3861737657730284,0.0,0.0,1.0,0.0,0.0,0.0,0.0,0.0,0.0,1.4,0.0,0.0,0.0,0.0,0.0,0.0,0.0,0.0,0.0,0.0,1.0,0.0,0.0,0.0,0.0,1.0,1.0,567.0,54.0,54.0,54.0,0.0,54.0,83361209.90498514,9.5,10.392304845413264,0.0,0.0,0.0,141.55,DDoS-SynonymousIP_Flood,1
0.0,54.0,6.0,64.0,2.56621053806136,2.56621053806136,0.0,0.0,0.0,0.0,0.0,0.0,0.0,0.0,0.0,0.0,0.0,0.0,0.0,0.0,0.0,0.0,0.0,0.0,0.0,0.0,1.0,0.0,0.0,0.0,0.0,1.0,1.0,567.0,54.0,54.0,54.0,0.0,54.0,83037681.65283689,9.5,10.392304845413264,0.0,0.0,0.0,141.55,DDoS-TCP_Flood,1
0.0464034128189086,8224.0,17.0,64.0,215418.29322128787,215418.29322128787,0.0,0.0,0.0,0.0,0.0,0.0,0.0,0.0,0.0,0.0,0.0,0.0,0.0,0.0,0.0,0.0,0.0,0.0,0.0,0.0,0.0,1.0,0.0,0.0,0.0,1.0,1.0,525.0,50.0,50.0,50.0,0.0,50.0,83098736.05854754,9.5,10.0,0.0,0.0,0.0,141.55,DDoS-UDP_Flood,1
0.0544941234588623,246.62,16.62,65.91,3.206434426553616,3.206434426553616,0.0,0.0,0.0,0.0,0.0,0.0,0.0,0.0,0.0,0.0,0.0,0.23,0.33,0.0,0.0,0.0,0.0,0.0,0.0,0.0,0.0,1.0,0.0,0.0,0.0,1.0,1.0,1934.34,167.72,229.52,184.1481772960012,15.30810395289206,183.47,83007022.65082447,9.5,19.188095218239624,21.674422399125987,1468.9571764714824,0.17,141.55,DoS-UDP_Flood,1
0.0003597807884216,54.58,6.0,64.0,58.5413596683093,58.5413596683093,0.0,0.0,1.0,0.0,0.0,0.0,0.0,0.0,0.0,0.89,0.12,0.0,0.01,0.0,0.0,0.0,0.0,0.0,0.0,0.0,1.0,0.0,0.0,0.0,0.0,1.0,1.0,567.08,54.0,54.08,54.00410526315789,0.0176496730178587,54.04,82972528.46237765,9.5,10.392709609373885,0.0252631578947368,0.0159556786703601,0.02,141.55,DoS-SYN_Flood,1
0.0,0.0,1.0,64.0,25.945057868007734,25.945057868007734,0.0,0.0,0.0,0.0,0.0,0.0,0.0,0.0,0.0,0.0,0.0,0.0,0.0,0.0,0.0,0.0,0.0,0.0,0.0,0.0,0.0,0.0,0.0,0.0,1.0,1.0,1.0,441.0,42.0,42.0,42.0,0.0,42.0,83149703.05823001,9.5,9.16515138991168,0.0,0.0,0.0,141.55,DDoS-ICMP_Flood,1
0.0,0.0,1.0,64.0,75.41302101846256,75.41302101846256,0.0,0.0,0.0,0.0,0.0,0.0,0.0,0.0,0.0,0.0,0.0,0.0,0.0,0.0,0.0,0.0,0.0,0.0,0.0,0.0,0.0,0.0,0.0,0.0,1.0,1.0,1.0,441.0,42.0,42.0,42.0,0.0,42.0,83124820.05551375,9.5,9.16515138991168,0.0,0.0,0.0,141.55,DDoS-ICMP_Flood,1
0.0,54.0,6.0,64.0,37.288999919986495,37.288999919986495,0.0,0.0,1.0,0.0,0.0,0.0,0.0,0.0,0.0,1.0,0.0,0.0,0.0,0.0,0.0,0.0,0.0,0.0,0.0,0.0,1.0,0.0,0.0,0.0,0.0,1.0,1.0,567.0,54.0,54.0,54.0,0.0,54.0,83089709.71353649,9.5,10.392304845413264,0.0,0.0,0.0,141.55,DDoS-SYN_Flood,1
0.5393206524848938,32923.0,17.0,64.0,2675.510558370036,2675.510558370036,0.0,0.0,0.0,0.0,0.0,0.0,0.0,0.0,0.0,0.0,0.0,0.0,0.0,0.0,0.0,0.0,0.0,0.0,0.0,0.0,0.0,1.0,0.0,0.0,0.0,1.0,1.0,525.0,50.0,50.0,50.0,0.0,50.0,83106670.3769436,9.5,10.0,0.0,0.0,0.0,141.55,DDoS-UDP_Flood,1
5.970974235534668,108.0,6.0,64.0,0.3349537586579278,0.3349537586579278,0.0,0.0,0.0,0.0,0.0,0.0,0.0,0.0,0.0,0.0,0.0,0.0,0.0,0.0,0.0,0.0,0.0,0.0,0.0,0.0,1.0,0.0,0.0,0.0,0.0,1.0,1.0,567.0,54.0,54.0,54.0,0.0,54.0,82947044.57401255,9.5,10.392304845413264,0.0,0.0,0.0,141.55,DoS-TCP_Flood,1
113.12077958583832,7622961.0,6.0,232.0,64.43113197861985,64.43113197861985,0.0,0.0,0.0,0.0,0.0,1.0,0.0,0.0,0.0,0.0,0.0,282.0,7288.5,0.0,1.0,0.0,0.0,0.0,0.0,0.0,1.0,0.0,0.0,0.0,0.0,1.0,1.0,363.0,66.0,66.0,66.0,0.0,66.0,0.0025516986846923,5.5,11.489125293076055,0.0,0.0,0.0,38.5,BenignTraffic,0
0.0,54.0,6.0,64.0,39.352097875853794,39.352097875853794,0.0,0.0,0.0,0.0,0.0,0.0,0.0,0.0,0.0,0.0,0.0,0.0,0.0,0.0,0.0,0.0,0.0,0.0,0.0,0.0,1.0,0.0,0.0,0.0,0.0,1.0,1.0,567.0,54.0,54.0,54.0,0.0,54.0,83033387.98732124,9.5,10.392304845413264,0.0,0.0,0.0,141.55,DDoS-TCP_Flood,1
0.1252031445503235,28514.0,17.0,64.0,7059.109737483058,7059.109737483058,0.0,0.0,0.0,0.0,0.0,0.0,0.0,0.0,0.0,0.0,0.0,0.0,0.0,0.0,0.0,0.0,0.0,0.0,0.0,0.0,0.0,1.0,0.0,0.0,0.0,1.0,1.0,525.0,50.0,50.0,50.0,0.0,50.0,83495231.38925584,9.5,10.0,0.0,0.0,0.0,141.55,DDoS-UDP_Flood,1
4.847376852035523,160.97,6.0,64.0,0.4299836282030329,0.4299836282030329,0.0,0.0,0.0,0.0,0.0,0.0,0.0,0.0,0.01,0.03,0.0,0.08,0.14,0.0,0.0,0.0,0.0,0.0,0.0,0.0,1.0,0.0,0.0,0.0,0.0,1.0,1.0,575.52,54.0,62.52,54.49157180942552,1.9838857653598232,55.42,82943162.50520964,9.5,10.438260074954544,2.8163858139915714,66.21281343403255,0.06,141.55,DoS-TCP_Flood,1
0.0,54.0,6.0,64.0,18.9182299160604,18.9182299160604,0.0,0.0,0.0,0.0,0.0,0.0,0.0,0.0,0.0,0.0,0.0,0.0,0.0,0.0,0.0,0.0,0.0,0.0,0.0,0.0,1.0,0.0,0.0,0.0,0.0,1.0,1.0,567.0,54.0,54.0,54.0,0.0,54.0,83037120.14881779,9.5,10.392304845413264,0.0,0.0,0.0,141.55,DDoS-TCP_Flood,1
5.219057552814483,108.0,6.0,64.0,0.3832109888923328,0.3832109888923328,0.0,0.0,0.0,0.0,0.0,0.0,0.0,0.0,0.0,0.0,0.0,0.0,0.0,1.0,0.0,0.0,0.0,0.0,0.0,0.0,1.0,0.0,0.0,0.0,0.0,1.0,1.0,567.0,54.0,54.0,54.0,0.0,54.0,82926054.24563168,9.5,10.392304845413264,0.0,0.0,0.0,141.55,DoS-TCP_Flood,1
0.0,54.0,6.0,64.0,2.51907923936837,2.51907923936837,0.0,0.0,0.0,0.0,0.0,0.0,0.0,0.0,0.0,0.0,0.0,0.0,0.0,0.0,0.0,0.0,0.0,0.0,0.0,0.0,1.0,0.0,0.0,0.0,0.0,1.0,1.0,567.0,54.0,54.0,54.0,0.0,54.0,82951230.05761698,9.5,10.392304845413264,0.0,0.0,0.0,141.55,DoS-TCP_Flood,1
0.0,0.0,1.0,64.0,10.757142536555024,10.757142536555024,0.0,0.0,0.0,0.0,0.0,0.0,0.0,0.0,0.0,0.0,0.0,0.0,0.0,0.0,0.0,0.0,0.0,0.0,0.0,0.0,0.0,0.0,0.0,0.0,1.0,1.0,1.0,441.0,42.0,42.0,42.0,0.0,42.0,83149690.05952965,9.5,9.16515138991168,0.0,0.0,0.0,141.55,DDoS-ICMP_Flood,1
0.0,54.0,6.0,64.0,0.9507642284679068,0.9507642284679068,0.0,0.0,0.0,0.0,0.0,0.0,0.0,0.0,0.0,0.0,0.0,0.0,0.0,0.0,0.0,0.0,0.0,0.0,0.0,0.0,1.0,0.0,0.0,0.0,0.0,1.0,1.0,567.0,54.0,54.0,54.0,0.0,54.0,83072027.64623007,9.5,10.392304845413264,0.0,0.0,0.0,141.55,DDoS-TCP_Flood,1
0.0,54.0,6.0,64.0,0.0,0.0,0.0,1.0,0.0,1.0,0.0,0.0,0.0,0.0,1.0,0.0,1.0,0.0,0.0,0.0,0.0,0.0,0.0,0.0,0.0,0.0,1.0,0.0,0.0,0.0,0.0,1.0,1.0,567.0,54.0,54.0,54.0,0.0,54.0,83348613.15804176,9.5,10.392304845413264,0.0,0.0,0.0,141.55,DDoS-RSTFINFlood,1
0.0,54.0,6.0,64.0,2.7687666502882218,2.7687666502882218,0.0,0.0,0.0,0.0,1.0,1.0,0.0,0.0,0.0,0.0,0.0,1.0,1.0,0.0,0.0,0.0,0.0,0.0,0.0,0.0,1.0,0.0,0.0,0.0,0.0,1.0,1.0,567.0,54.0,54.0,54.0,0.0,54.0,83331133.55499947,9.5,10.392304845413264,0.0,0.0,0.0,141.55,DDoS-PSHACK_Flood,1
0.0,54.0,6.0,64.0,1.7239733216996174,1.7239733216996174,0.0,0.0,0.0,0.0,0.0,0.0,0.0,0.0,0.0,0.0,0.0,0.0,0.0,0.0,0.0,0.0,0.0,0.0,0.0,0.0,1.0,0.0,0.0,0.0,0.0,1.0,1.0,567.0,54.0,54.0,54.0,0.0,54.0,83067508.05310571,9.5,10.392304845413264,0.0,0.0,0.0,141.55,DDoS-TCP_Flood,1
311.5724715709686,22208.8,10.4,189.3,4.37849046818352,4.37849046818352,0.0,0.0,0.0,0.0,0.0,1.0,0.0,0.0,0.0,0.6,0.0,67.9,118.2,0.0,0.0,0.0,0.0,0.0,0.0,0.0,1.0,0.0,0.0,0.0,0.0,1.0,1.0,2142.2,58.8,268.4,136.64025839571508,61.808311558244064,164.0,166516594.61354473,13.5,16.54603003041027,87.32804791318475,3914.920067127922,1.0,244.6,BenignTraffic,0
0.0,54.0,6.0,64.0,22.094296934467287,22.094296934467287,0.0,1.0,0.0,1.0,0.0,0.0,0.0,0.0,1.0,0.0,1.0,0.0,0.0,0.0,0.0,0.0,0.0,0.0,0.0,0.0,1.0,0.0,0.0,0.0,0.0,1.0,1.0,567.0,54.0,54.0,54.0,0.0,54.0,83343802.74602024,9.5,10.392304845413264,0.0,0.0,0.0,141.55,DDoS-RSTFINFlood,1
0.1036507320404052,24863.5,16.83,63.36,4710.510454297688,4710.510454297688,0.0,0.0,0.0,0.0,0.0,0.0,0.0,0.0,0.0,0.0,0.0,0.0,0.0,0.0,0.0,0.0,0.0,0.0,0.0,0.0,0.0,1.0,0.0,0.0,0.0,1.0,1.0,525.5,50.0,50.5,50.027951066391466,0.1147658825876917,50.1,83098531.84920058,9.5,10.002813471120666,0.1630603450068081,0.2661491992915278,0.05,141.55,DDoS-UDP_Flood,1
0.0033735394477844,7.37,1.48,64.0,30.7889117218157,30.7889117218157,0.0,0.0,0.0,0.0,0.0,0.0,0.0,0.0,0.0,0.0,0.0,0.0,0.0,0.0,0.0,0.0,0.0,0.0,0.0,0.0,0.0,0.0,0.0,0.0,1.0,1.0,1.0,453.62,42.0,48.32,42.75583075713416,1.7035210398335583,43.84,83149582.30652183,9.5,9.243819246321808,2.414993979717879,36.47118406816024,0.08,141.55,DDoS-ICMP_Flood,1
0.0,0.0,1.0,64.0,42.207469798286255,42.207469798286255,0.0,0.0,0.0,0.0,0.0,0.0,0.0,0.0,0.0,0.0,0.0,0.0,0.0,0.0,0.0,0.0,0.0,0.0,0.0,0.0,0.0,0.0,0.0,0.0,1.0,1.0,1.0,441.0,42.0,42.0,42.0,0.0,42.0,83124824.75276977,9.5,9.16515138991168,0.0,0.0,0.0,141.55,DDoS-ICMP_Flood,1
68.71479122638702,714409.8,7.1,166.4,47.88337907289798,47.88337907289798,0.0,0.0,0.0,0.0,0.0,1.0,0.0,0.0,0.0,1.0,0.0,245.5,1062.3,0.0,1.0,0.0,0.0,0.0,0.0,0.0,1.0,0.0,0.0,0.0,0.0,1.0,1.0,17684.4,210.8,1999.0,1178.5719935985069,586.8083066099055,247.4,166525350.5742861,13.5,48.47174591391125,828.8182046888253,373906.37525121553,1.0,244.6,BenignTraffic,0
0.0,54.0,6.0,64.0,2.2375767210727204,2.2375767210727204,0.0,0.0,0.0,0.0,0.0,0.0,0.0,0.0,0.0,0.0,0.0,0.0,0.0,0.0,0.0,0.0,0.0,0.0,0.0,0.0,1.0,0.0,0.0,0.0,0.0,1.0,1.0,567.0,54.0,54.0,54.0,0.0,54.0,83033934.11427894,9.5,10.392304845413264,0.0,0.0,0.0,141.55,DDoS-TCP_Flood,1
0.0,81.0,6.0,64.0,9.153619957198908,9.153619957198908,0.0,0.0,0.0,0.0,0.0,0.0,0.0,0.0,0.0,0.0,0.0,0.0,0.0,0.0,0.0,0.0,0.0,0.0,0.0,0.0,1.0,0.0,0.0,0.0,0.0,1.0,1.0,567.0,54.0,54.0,54.0,0.0,54.0,82925791.68041943,9.5,10.392304845413264,0.0,0.0,0.0,141.55,DoS-TCP_Flood,1
38.49171144962311,3757825.9,5.4,57.6,86.92600725720142,86.92600725720142,0.0,0.0,0.0,0.0,0.0,1.0,0.0,0.0,0.0,1.8,0.0,110.7,3345.3,0.0,1.0,0.0,0.0,0.0,0.0,0.0,1.0,0.0,0.0,0.0,0.0,1.0,1.0,9334.6,60.0,2816.6,1367.2127777777778,888.2624308144975,2237.4,0.002862000465393,5.5,49.87336586990949,1256.1927766043552,1040238.7425418872,0.9,38.5,BenignTraffic,0
0.001911461353302,57.24,6.0,64.0,63.58047432146294,63.58047432146294,0.0,0.0,0.0,0.0,1.0,1.0,0.0,0.0,0.0,0.0,0.06,1.0,1.0,1.0,0.0,0.0,0.0,0.0,0.0,0.0,1.0,0.0,0.0,0.0,0.0,1.0,1.0,567.0,54.0,54.0,54.0,0.0,54.0,83314871.28890812,9.5,10.392304845413264,0.0,0.0,0.0,141.55,DDoS-PSHACK_Flood,1
0.0318250203132629,33225.0,17.0,64.0,20874.5657884518,20874.5657884518,0.0,0.0,0.0,0.0,0.0,0.0,0.0,0.0,0.0,0.0,0.0,0.0,0.0,0.0,0.0,0.0,0.0,0.0,0.0,0.0,0.0,1.0,0.0,0.0,0.0,1.0,1.0,525.0,50.0,50.0,50.0,0.0,50.0,83028454.70435403,9.5,10.0,0.0,0.0,0.0,141.55,DoS-UDP_Flood,1
0.0648980998992919,263.52,6.0,64.0,20.17892261737888,20.17892261737888,0.0,0.0,1.0,0.0,0.0,0.0,0.0,0.0,0.0,0.99,0.0,0.0,0.37,1.0,0.0,0.0,0.0,0.0,0.0,0.0,1.0,0.0,0.0,0.0,0.0,1.0,1.0,568.8,54.0,55.8,54.157728758857246,0.4983084320097471,54.12,83090061.84616745,9.5,10.407428550245642,0.7056227956173473,1.705270589068769,0.15,141.55,DDoS-SYN_Flood,1
5.279571771621704,108.0,6.0,64.0,0.3788187076761051,0.3788187076761051,0.0,0.0,0.0,0.0,0.0,0.0,0.0,0.0,0.0,0.0,0.0,0.0,0.0,0.0,0.0,0.0,0.0,0.0,0.0,0.0,1.0,0.0,0.0,0.0,0.0,1.0,1.0,567.0,54.0,54.0,54.0,0.0,54.0,82946397.13521297,9.5,10.392304845413264,0.0,0.0,0.0,141.55,DoS-TCP_Flood,1
0.0934983730316162,20330.0,17.0,64.0,6622.363196943537,6622.363196943537,0.0,0.0,0.0,0.0,0.0,0.0,0.0,0.0,0.0,0.0,0.0,0.0,0.0,0.0,0.0,0.0,0.0,0.0,0.0,0.0,0.0,1.0,0.0,0.0,0.0,1.0,1.0,525.0,50.0,50.0,50.0,0.0,50.0,83101936.4396515,9.5,10.0,0.0,0.0,0.0,141.55,DDoS-UDP_Flood,1
0.0420843434333801,57.78,6.0,64.0,3.3282175823211744,3.3282175823211744,0.0,0.0,1.0,0.0,0.0,0.0,0.0,0.0,0.0,1.0,0.07,0.0,0.0,0.0,0.0,0.0,0.0,0.0,0.0,0.0,1.0,0.0,0.0,0.0,0.0,1.0,1.0,567.0,54.0,54.0,54.0,0.0,54.0,82985393.7342282,9.5,10.392304845413264,0.0,0.0,0.0,141.55,DoS-SYN_Flood,1
0.0,54.0,6.0,64.0,4.707898009671034,4.707898009671034,0.0,0.0,0.0,0.0,0.0,0.0,0.0,0.0,0.0,0.0,0.0,0.0,0.0,0.0,0.0,0.0,0.0,0.0,0.0,0.0,1.0,0.0,0.0,0.0,0.0,1.0,1.0,567.0,54.0,54.0,54.0,0.0,54.0,83076031.73728374,9.5,10.392304845413264,0.0,0.0,0.0,141.55,DDoS-TCP_Flood,1
0.0,54.0,6.0,64.0,0.8854917706852322,0.8854917706852322,0.0,1.0,0.0,1.0,0.0,0.0,0.0,0.0,1.0,0.0,1.0,0.0,0.0,0.0,0.0,0.0,0.0,0.0,0.0,0.0,1.0,0.0,0.0,0.0,0.0,1.0,1.0,567.0,54.0,54.0,54.0,0.0,54.0,83348620.03509277,9.5,10.392304845413264,0.0,0.0,0.0,141.55,DDoS-RSTFINFlood,1
0.0,54.0,6.0,64.0,2.2095736334192853,2.2095736334192853,0.0,1.0,0.0,1.0,0.0,0.0,0.0,0.0,1.0,0.0,1.0,0.0,0.0,0.0,0.0,0.0,0.0,0.0,0.0,0.0,1.0,0.0,0.0,0.0,0.0,1.0,1.0,567.0,54.0,54.0,54.0,0.0,54.0,83348276.84245591,9.5,10.392304845413264,0.0,0.0,0.0,141.55,DDoS-RSTFINFlood,1
0.0,54.0,6.0,64.0,2.124150028561089,2.124150028561089,0.0,0.0,1.0,0.0,0.0,0.0,0.0,0.0,0.0,1.0,0.0,0.0,0.0,0.0,0.0,0.0,0.0,0.0,0.0,0.0,1.0,0.0,0.0,0.0,0.0,1.0,1.0,567.0,54.0,54.0,54.0,0.0,54.0,82985382.16851158,9.5,10.392304845413264,0.0,0.0,0.0,141.55,DoS-SYN_Flood,1
0.0,54.0,6.0,64.0,2.023091671630776,2.023091671630776,0.0,1.0,0.0,1.0,0.0,0.0,0.0,0.0,1.0,0.0,1.0,0.0,0.0,0.0,0.0,0.0,0.0,0.0,0.0,0.0,1.0,0.0,0.0,0.0,0.0,1.0,1.0,567.0,54.0,54.0,54.0,0.0,54.0,83348601.20190142,9.5,10.392304845413264,0.0,0.0,0.0,141.55,DDoS-RSTFINFlood,1
0.0101923608779907,1.74,1.05,63.77,2.3431135756361567,2.3431135756361567,0.0,0.0,0.0,0.0,0.0,0.0,0.0,0.0,0.0,0.03,0.0,0.0,0.02,0.0,0.0,0.0,0.0,0.0,0.0,0.0,0.0,0.0,0.0,0.0,1.0,1.0,1.0,443.56,42.0,44.56,42.242305011809655,0.7284112426796631,42.16,83150101.40882745,9.5,9.191354738689178,1.031340062148341,3.441192158344478,0.16,141.55,DDoS-ICMP_Flood,1
0.0,0.0,1.0,64.0,2.540064278226492,2.540064278226492,0.0,0.0,0.0,0.0,0.0,0.0,0.0,0.0,0.0,0.0,0.0,0.0,0.0,0.0,0.0,0.0,0.0,0.0,0.0,0.0,0.0,0.0,0.0,0.0,1.0,1.0,1.0,441.0,42.0,42.0,42.0,0.0,42.0,83132188.664737,9.5,9.16515138991168,0.0,0.0,0.0,141.55,DDoS-ICMP_Flood,1
0.0,162.0,17.0,64.0,35.45506669532686,35.45506669532686,0.0,0.0,0.0,0.0,0.0,0.0,0.0,0.0,0.0,0.0,0.0,0.0,0.0,0.0,0.0,0.0,0.0,0.0,0.0,0.0,0.0,1.0,0.0,0.0,0.0,1.0,1.0,1701.0,162.0,162.0,162.0,0.0,162.0,83007939.31658107,9.5,18.0,0.0,0.0,0.0,141.55,DoS-UDP_Flood,1
1.1051309323310852,124.2,6.0,64.0,1.9479189248064768,1.9479189248064768,0.0,0.0,1.0,0.0,0.0,0.0,0.0,0.0,0.0,2.3,0.0,0.0,0.0,0.0,1.0,0.0,0.0,0.0,0.0,0.0,1.0,0.0,0.0,0.0,0.0,1.0,1.0,567.0,54.0,54.0,54.0,0.0,54.0,83362385.64013466,9.5,10.392304845413264,0.0,0.0,0.0,141.55,DDoS-SynonymousIP_Flood,1
0.0,54.0,6.0,64.0,0.0,0.0,0.0,0.0,0.0,0.0,0.0,0.0,0.0,0.0,0.0,0.0,0.0,0.0,0.0,0.0,0.0,0.0,0.0,0.0,0.0,0.0,1.0,0.0,0.0,0.0,0.0,1.0,1.0,567.0,54.0,54.0,54.0,0.0,54.0,83072304.68678898,9.5,10.392304845413264,0.0,0.0,0.0,141.55,DDoS-TCP_Flood,1
0.0,54.0,6.0,64.0,31.760112674349912,31.760112674349912,0.0,0.0,0.0,0.0,0.0,0.0,0.0,0.0,0.0,0.0,0.0,0.0,0.0,0.0,0.0,0.0,0.0,0.0,0.0,0.0,1.0,0.0,0.0,0.0,0.0,1.0,1.0,567.0,54.0,54.0,54.0,0.0,54.0,83067441.19511059,9.5,10.392304845413264,0.0,0.0,0.0,141.55,DDoS-TCP_Flood,1
1.2435120582580566,688.0,6.0,97.9,27.789610195968866,27.789610195968866,0.0,0.0,0.0,0.0,0.0,1.0,0.0,0.0,0.0,0.0,0.0,1.5,3.1,0.0,0.0,0.0,0.0,0.0,0.0,0.0,1.0,0.0,0.0,0.0,0.0,1.0,1.0,482.8,66.0,138.9,84.00150793650793,26.661051056654102,106.5,0.0063252925872802,5.5,12.933207269009566,37.70441999144177,1015.2760090073068,0.9,38.5,BenignTraffic,0
0.1156641292572021,26909.0,17.0,64.0,37287.65636857412,37287.65636857412,0.0,0.0,0.0,0.0,0.0,0.0,0.0,0.0,0.0,0.0,0.0,0.0,0.0,0.0,0.0,0.0,0.0,0.0,0.0,0.0,0.0,1.0,0.0,0.0,0.0,1.0,1.0,525.0,50.0,50.0,50.0,0.0,50.0,83123494.48772378,9.5,10.0,0.0,0.0,0.0,141.55,DDoS-UDP_Flood,1
0.0321648025512695,7405.0,17.0,64.0,4216.225582525946,4216.225582525946,0.0,0.0,0.0,0.0,0.0,0.0,0.0,0.0,0.0,0.0,0.0,0.0,0.0,0.0,0.0,0.0,0.0,0.0,0.0,0.0,0.0,1.0,0.0,0.0,0.0,1.0,1.0,525.0,50.0,50.0,50.0,0.0,50.0,83098359.10196023,9.5,10.0,0.0,0.0,0.0,141.55,DDoS-UDP_Flood,1
0.0,54.0,6.0,64.0,14.425957963452758,14.425957963452758,0.0,1.0,0.0,1.0,0.0,0.0,0.0,0.0,1.0,0.0,1.0,0.0,0.0,1.0,0.0,0.0,0.0,0.0,0.0,0.0,1.0,0.0,0.0,0.0,0.0,1.0,1.0,567.0,54.0,54.0,54.0,0.0,54.0,83345048.58198689,9.5,10.392304845413264,0.0,0.0,0.0,141.55,DDoS-RSTFINFlood,1
68.09837996959686,2274.7,6.0,113.7,117.55425949008573,117.55425949008573,0.0,0.0,0.0,0.0,0.0,1.0,0.0,0.0,0.4,1.0,0.7,1.8,5.7,0.0,0.0,0.0,0.0,0.0,0.0,0.0,1.0,0.0,0.0,0.0,0.0,1.0,1.0,325.4,55.2,66.0,59.74539682539684,4.214187201596242,59.2,0.0025537014007568,5.5,10.929446607068904,5.9597606948765245,19.99283043587805,0.9,38.5,Other_Attack,1
0.0,0.0,1.0,64.0,0.8718962514504563,0.8718962514504563,0.0,0.0,0.0,0.0,0.0,0.0,0.0,0.0,0.0,0.0,0.0,0.0,0.0,0.0,0.0,0.0,0.0,0.0,0.0,0.0,0.0,0.0,0.0,0.0,1.0,1.0,1.0,441.0,42.0,42.0,42.0,0.0,42.0,83150041.84753229,9.5,9.16515138991168,0.0,0.0,0.0,141.55,DDoS-ICMP_Flood,1
0.0,54.0,6.0,64.0,0.4001025081050898,0.4001025081050898,0.0,0.0,1.0,0.0,0.0,0.0,0.0,0.0,0.0,1.0,0.0,0.0,0.0,0.0,0.0,0.0,0.0,0.0,0.0,0.0,1.0,0.0,0.0,0.0,0.0,1.0,1.0,567.0,54.0,54.0,54.0,0.0,54.0,83093157.66244169,9.5,10.392304845413264,0.0,0.0,0.0,141.55,DDoS-SYN_Flood,1
0.0,54.0,6.0,64.0,20.25261951591668,20.25261951591668,0.0,0.0,0.0,0.0,0.0,0.0,0.0,0.0,0.0,0.0,0.0,0.0,0.0,0.0,0.0,0.0,0.0,0.0,0.0,0.0,1.0,0.0,0.0,0.0,0.0,1.0,1.0,567.0,54.0,54.0,54.0,0.0,54.0,83067261.53237304,9.5,10.392304845413264,0.0,0.0,0.0,141.55,DDoS-TCP_Flood,1
0.0,53.46,5.94,63.36,11.642387543492717,11.642387543492717,0.0,1.0,0.0,1.0,0.0,0.0,0.0,0.0,0.99,0.0,0.99,0.0,0.0,0.0,0.0,0.0,0.0,0.0,0.0,0.0,1.0,0.0,0.0,0.0,0.0,1.0,1.0,568.08,54.0,55.08,54.12586437942862,0.3274192493658687,54.06,83348286.24633633,9.5,10.40437644929932,0.4634948694473756,0.6314176472671922,0.18,141.55,DDoS-RSTFINFlood,1
0.7322372913360595,48895.8,6.0,244.0,61.672719499606025,61.672719499606025,0.0,0.0,0.0,0.0,1.0,1.0,0.0,0.0,0.0,2.0,0.0,19.7,44.2,0.0,1.0,0.0,0.0,0.0,0.0,0.0,1.0,0.0,0.0,0.0,0.0,1.0,1.0,12786.6,1636.8,2922.0,2373.693333333333,630.3735486804974,2350.8,0.0002011060714721,5.5,68.84339921940384,891.4828219052157,441739.4542222222,0.9,38.5,Other_Attack,1
0.0,55.09,6.22,64.42,1.9952254110691785,1.9952254110691785,0.0,0.0,0.0,0.0,0.0,0.0,0.0,0.0,0.0,0.0,0.0,0.0,0.0,0.0,0.0,0.0,0.0,0.0,0.0,0.0,1.0,0.0,0.0,0.0,0.0,1.0,1.0,576.37,54.0,59.85,54.59320325370364,1.6401577880004148,55.09,82951183.69177449,9.5,10.447972455503868,2.324982082580342,30.1201233546392,0.09,141.55,DoS-TCP_Flood,1
0.0,54.0,6.0,64.0,11.14630178632374,11.14630178632374,0.0,1.0,0.0,1.0,0.0,0.0,0.0,0.0,1.0,0.0,1.0,0.0,0.0,0.0,0.0,0.0,0.0,0.0,0.0,0.0,1.0,0.0,0.0,0.0,0.0,1.0,1.0,567.0,54.0,54.0,54.0,0.0,54.0,83344228.6537157,9.5,10.392304845413264,0.0,0.0,0.0,141.55,DDoS-RSTFINFlood,1
16.01205801963806,910684.5,6.0,197.6,95.40456202926448,95.40456202926448,0.0,0.0,0.0,0.0,0.0,1.0,0.0,0.0,0.0,1.8,0.0,31.2,850.0,0.0,1.0,0.0,0.0,0.0,0.0,0.0,1.0,0.0,0.0,0.0,0.0,1.0,1.0,13014.0,66.0,4410.0,867.7381410041626,1138.555248755764,221.2,166522544.81965,13.5,41.56898438979319,1613.1311004795225,1303736.2174692587,1.0,244.6,BenignTraffic,0
0.0,54.0,6.0,64.0,1.2780994778446604,1.2780994778446604,0.0,0.0,0.0,0.0,0.0,0.0,0.0,0.0,0.0,0.0,0.0,0.0,0.0,0.0,0.0,0.0,0.0,0.0,0.0,0.0,1.0,0.0,0.0,0.0,0.0,1.0,1.0,567.0,54.0,54.0,54.0,0.0,54.0,83037705.4142623,9.5,10.392304845413264,0.0,0.0,0.0,141.55,DDoS-TCP_Flood,1
28.60470070838928,33650.3,7.1,136.2,7.634131974127953,7.634131974127953,0.0,0.0,0.0,0.0,0.0,1.0,0.0,0.0,0.0,0.1,0.0,101.9,210.8,0.0,0.0,0.0,0.0,0.0,0.0,0.0,1.0,0.0,0.0,0.0,0.0,1.0,1.0,3512.4,54.0,1992.0,231.3800365462711,471.71174827046514,98.7,166517756.0960026,13.5,21.51236760054801,668.4726811425068,225014.190670206,1.0,244.6,BenignTraffic,0
0.0,54.12,6.0,64.0,0.0,0.0,0.0,0.0,1.0,0.0,0.0,0.0,0.0,0.0,0.01,0.99,0.0,0.0,0.01,0.0,0.0,0.0,0.0,0.0,0.0,0.0,1.0,0.0,0.0,0.0,0.0,1.0,1.0,567.36,54.0,54.36,54.01898245614035,0.0804363898910274,54.12,82977545.91504735,9.5,10.394156318767203,0.1146624863165125,0.2191566635887965,0.03,141.55,DoS-SYN_Flood,1
0.4034950518608093,108.0,6.0,64.0,5.252153483948319,5.252153483948319,0.0,0.0,1.0,0.0,0.0,0.0,0.0,0.0,0.0,2.0,0.0,0.0,0.0,0.0,0.0,0.0,0.0,0.0,0.0,0.0,1.0,0.0,0.0,0.0,0.0,1.0,1.0,567.0,54.0,54.0,54.0,0.0,54.0,83365595.10477182,9.5,10.392304845413264,0.0,0.0,0.0,141.55,DDoS-SynonymousIP_Flood,1
3.972779040336609,106.92,5.94,63.36,0.4983986155095383,0.4983986155095383,0.0,0.0,1.0,0.0,0.0,0.0,0.0,0.0,0.0,1.98,0.0,0.0,0.0,0.0,0.0,0.0,0.0,0.0,0.0,0.0,1.0,0.0,0.0,0.0,0.0,1.0,1.0,568.02,54.0,55.02,54.10586437942861,0.2991349781184067,54.06,82977523.18661852,9.5,10.402469445310864,0.4234948694473756,0.5514176472671923,0.17,141.55,DoS-SYN_Flood,1
0.0302729678153991,36675.0,17.0,64.0,24343.53989051585,24343.53989051585,0.0,0.0,0.0,0.0,0.0,0.0,0.0,0.0,0.0,0.0,0.0,0.0,0.0,0.0,0.0,0.0,0.0,0.0,0.0,0.0,0.0,1.0,0.0,0.0,0.0,1.0,1.0,525.0,50.0,50.0,50.0,0.0,50.0,83015394.39095597,9.5,10.0,0.0,0.0,0.0,141.55,DoS-UDP_Flood,1
0.0,54.0,6.0,64.0,1119.2272181454302,1119.2272181454302,0.0,0.0,1.0,0.0,0.0,0.0,0.0,0.0,0.0,1.0,0.0,0.0,0.0,0.0,0.0,0.0,0.0,0.0,0.0,0.0,1.0,0.0,0.0,0.0,0.0,1.0,1.0,567.0,54.0,54.0,54.0,0.0,54.0,83093512.69076271,9.5,10.392304845413264,0.0,0.0,0.0,141.55,DDoS-SYN_Flood,1
0.0001197886466979,54.94,6.0,64.0,910.2588974181512,910.2588974181512,0.0,0.0,1.0,0.0,0.0,0.0,0.0,0.0,0.0,1.01,0.0,0.0,0.01,0.0,0.0,0.0,0.0,0.0,0.0,0.0,1.0,0.0,0.0,0.0,0.0,1.0,1.0,569.4,54.0,56.4,54.17597650285731,0.6198492501005944,54.2,82972881.01513381,9.5,10.409167715606532,0.8781129708262055,3.254011273490345,0.12,141.55,DoS-SYN_Flood,1
0.0,58.54,6.22,66.55,0.0,0.0,0.0,0.0,1.0,0.0,0.0,0.0,0.0,0.0,0.0,0.98,0.0,0.0,0.0,0.0,0.0,0.0,0.0,0.0,0.0,0.0,1.0,0.0,0.0,0.0,0.0,1.0,1.0,577.42,54.0,64.42,54.5450701754386,2.319403467813426,58.54,83362347.56603608,9.5,10.43489055591705,2.809230914754557,131.54878731917515,0.03,141.55,DDoS-SynonymousIP_Flood,1
0.0553357529640197,14395.0,17.0,64.0,6300.664501896561,6300.664501896561,0.0,0.0,0.0,0.0,0.0,0.0,0.0,0.0,0.0,0.0,0.0,0.0,0.0,0.0,0.0,0.0,0.0,0.0,0.0,0.0,0.0,1.0,0.0,0.0,0.0,1.0,1.0,525.0,50.0,50.0,50.0,0.0,50.0,83106683.78841208,9.5,10.0,0.0,0.0,0.0,141.55,DDoS-UDP_Flood,1
0.0412507224082946,35375.0,17.0,64.0,17145.242880473998,17145.242880473998,0.0,0.0,0.0,0.0,0.0,0.0,0.0,0.0,0.0,0.0,0.0,0.0,0.0,0.0,0.0,0.0,0.0,0.0,0.0,0.0,0.0,1.0,0.0,0.0,0.0,1.0,1.0,525.0,50.0,50.0,50.0,0.0,50.0,83011737.41180396,9.5,10.0,0.0,0.0,0.0,141.55,DoS-UDP_Flood,1
0.0,54.2,6.0,63.86,1.3120831724109372,1.3120831724109372,0.0,0.0,1.0,0.0,0.0,0.0,0.0,0.0,0.0,1.0,0.0,0.0,0.01,0.0,0.0,0.0,0.0,0.0,0.0,0.0,1.0,0.0,0.0,0.0,0.0,1.0,1.0,570.4,54.0,57.4,54.35288126476208,0.9971165937280224,54.2,82977205.99566606,9.5,10.425904455821328,1.4116495648245853,6.126862747413247,0.17,141.55,DoS-SYN_Flood,1
0.2041084051132202,298430.2,6.0,87.6,919.086202868301,919.086202868301,0.0,0.0,0.0,0.0,0.0,1.0,0.0,0.0,0.0,0.0,0.0,1.8,186.3,1.0,0.0,0.0,0.0,0.0,0.0,0.0,1.0,0.0,0.0,0.0,0.0,1.0,1.0,23638.2,66.0,4254.0,1514.3844633522654,1568.3986656665809,1741.2,166517699.1392493,13.5,54.89635352131696,2219.651462841161,2464402.5189321823,1.0,244.6,BenignTraffic,0
0.0,0.0,1.0,64.0,24.02935103684234,24.02935103684234,0.0,0.0,0.0,0.0,0.0,0.0,0.0,0.0,0.0,0.0,0.0,0.0,0.0,0.0,0.0,0.0,0.0,0.0,0.0,0.0,0.0,0.0,0.0,0.0,1.0,1.0,1.0,441.0,42.0,42.0,42.0,0.0,42.0,83149756.04618841,9.5,9.16515138991168,0.0,0.0,0.0,141.55,DDoS-ICMP_Flood,1
0.0,54.0,6.0,64.0,34.44773054858594,34.44773054858594,0.0,0.0,0.0,0.0,1.0,1.0,0.0,0.0,0.0,0.0,0.0,1.0,1.0,0.0,0.0,0.0,0.0,0.0,0.0,0.0,1.0,0.0,0.0,0.0,0.0,1.0,1.0,567.0,54.0,54.0,54.0,0.0,54.0,83331677.8640565,9.5,10.392304845413264,0.0,0.0,0.0,141.55,DDoS-PSHACK_Flood,1
0.0,54.0,6.0,64.0,68.24556208203842,68.24556208203842,0.0,0.0,1.0,0.0,0.0,0.0,0.0,0.0,0.0,1.0,0.0,0.0,0.0,0.0,0.0,0.0,0.0,0.0,0.0,0.0,1.0,0.0,0.0,0.0,0.0,1.0,1.0,567.0,54.0,54.0,54.0,0.0,54.0,82985576.3018293,9.5,10.392304845413264,0.0,0.0,0.0,141.55,DoS-SYN_Flood,1
0.0,162.0,17.0,64.0,19.990804451611364,19.990804451611364,0.0,0.0,0.0,0.0,0.0,0.0,0.0,0.0,0.0,0.0,0.0,0.0,0.0,0.0,0.0,0.0,0.0,0.0,0.0,0.0,0.0,1.0,0.0,0.0,0.0,1.0,1.0,1701.0,162.0,162.0,162.0,0.0,162.0,83007685.576929,9.5,18.0,0.0,0.0,0.0,141.55,DoS-UDP_Flood,1
0.0899899792671203,28512.0,16.84,65.91,6332.670142638039,6332.670142638039,0.0,0.0,0.0,0.0,0.0,0.0,0.0,0.0,0.0,0.0,0.0,0.0,0.0,0.0,0.0,0.0,0.0,0.0,0.0,0.0,0.0,1.0,0.0,0.0,0.0,1.0,1.0,527.2,50.0,52.2,50.15375428063509,0.5569953139951236,50.2,83028506.75954984,9.5,10.015316436962175,0.7892240819373167,2.858949545095283,0.11,141.55,DoS-UDP_Flood,1
0.1157195401191711,38775.0,17.0,64.0,6699.714251037303,6699.714251037303,0.0,0.0,0.0,0.0,0.0,0.0,0.0,0.0,0.0,0.0,0.0,0.0,0.0,0.0,0.0,0.0,0.0,0.0,0.0,0.0,0.0,1.0,0.0,0.0,0.0,1.0,1.0,525.0,50.0,50.0,50.0,0.0,50.0,83123814.71831937,9.5,10.0,0.0,0.0,0.0,141.55,DDoS-UDP_Flood,1
0.0,2.84,45.35,66.54,0.0,0.0,0.0,0.0,0.0,0.0,0.0,0.0,0.0,0.0,0.0,0.0,0.0,0.0,0.01,0.0,0.0,0.0,0.0,0.0,0.0,0.0,0.0,0.0,0.0,0.0,0.0,1.0,1.0,6008.16,546.62,578.0,574.7017576539388,8.99741296916211,558.92,83573869.74576077,9.5,33.906774444289624,11.178586479785588,1268.4948738871271,0.05,141.55,Other_Attack,1
0.0265311861038208,178.06,6.0,64.0,5.293855077547981,5.293855077547981,0.0,0.0,1.0,0.0,0.0,0.0,0.0,0.0,0.0,1.07,0.0,0.0,0.07,0.0,0.0,0.0,0.0,0.0,0.0,0.0,1.0,0.0,0.0,0.0,0.0,1.0,1.0,1745.8,158.92,174.0,168.41772616736552,7.08905004657054,165.88,83089456.77738903,9.5,18.33104786314788,10.03430048997139,390.95347457725126,0.13,141.55,DDoS-SYN_Flood,1
0.0,0.0,1.0,64.0,29.320340298215324,29.320340298215324,0.0,0.0,0.0,0.0,0.0,0.0,0.0,0.0,0.0,0.0,0.0,0.0,0.0,0.0,0.0,0.0,0.0,0.0,0.0,0.0,0.0,0.0,0.0,0.0,1.0,1.0,1.0,441.0,42.0,42.0,42.0,0.0,42.0,83149819.21401592,9.5,9.16515138991168,0.0,0.0,0.0,141.55,DDoS-ICMP_Flood,1
0.0,54.0,6.0,64.0,3.959940841223451,3.959940841223451,0.0,0.0,0.0,0.0,0.0,0.0,0.0,0.0,0.0,0.0,0.0,0.0,0.0,0.0,0.0,0.0,0.0,0.0,0.0,0.0,1.0,0.0,0.0,0.0,0.0,1.0,1.0,567.0,54.0,54.0,54.0,0.0,54.0,83075972.12907174,9.5,10.392304845413264,0.0,0.0,0.0,141.55,DDoS-TCP_Flood,1
0.0001706194877624,55.02,6.11,64.0,78.87631587309133,78.87631587309133,0.0,0.0,0.0,0.0,0.0,0.0,0.0,0.0,0.0,0.0,0.0,0.0,0.0,0.0,0.0,0.0,0.0,0.0,0.0,0.0,1.0,0.0,0.0,0.0,0.0,1.0,1.0,568.12,54.0,55.12,54.06681694432158,0.2647427245569125,54.16,83076187.27801128,9.5,10.39874596074278,0.3756137553737122,1.010426757442547,0.07,141.55,DDoS-TCP_Flood,1
0.7885550117492676,188.7,6.0,65.72,5.213749933458794,5.213749933458794,0.0,0.0,0.0,1.0,0.0,0.0,0.0,0.0,0.0,2.18,1.19,0.02,1.21,0.0,0.0,0.0,0.0,0.0,0.0,0.0,1.0,0.0,0.0,0.0,0.0,1.0,1.0,574.74,54.0,61.74,54.90202805257179,2.3465046204553923,54.43,82972392.56951657,9.5,10.4765788050014,3.3217132310395248,32.430311938806625,0.18,141.55,DoS-SYN_Flood,1
0.0,54.0,6.0,64.0,20.099069634826275,20.099069634826275,0.0,0.0,0.0,0.0,1.0,1.0,0.0,0.0,0.0,0.0,0.0,1.0,1.0,0.0,1.0,0.0,0.0,0.0,0.0,0.0,1.0,0.0,0.0,0.0,0.0,1.0,1.0,567.0,54.0,54.0,54.0,0.0,54.0,83332143.7908703,9.5,10.392304845413264,0.0,0.0,0.0,141.55,DDoS-PSHACK_Flood,1
0.0,54.0,6.0,64.0,2.0013021888829163,2.0013021888829163,0.0,0.0,0.0,0.0,0.0,0.0,0.0,0.0,0.0,0.0,0.0,0.0,0.0,0.0,0.0,0.0,0.0,0.0,0.0,0.0,1.0,0.0,0.0,0.0,0.0,1.0,1.0,567.0,54.0,54.0,54.0,0.0,54.0,83076187.96033394,9.5,10.392304845413264,0.0,0.0,0.0,141.55,DDoS-TCP_Flood,1
1.664284598827362,2437323.0,17.0,64.0,2643.4564681785896,2643.4564681785896,0.0,0.0,0.0,0.0,0.0,0.0,0.0,0.0,0.0,0.0,0.0,0.0,0.0,0.0,0.0,0.0,0.0,0.0,0.0,0.0,0.0,1.0,0.0,0.0,0.0,1.0,1.0,5817.0,554.0,554.0,554.0,0.0,554.0,83767504.22750475,9.5,33.28663395418648,0.0,0.0,0.0,141.55,Other_Attack,1
0.0,54.0,6.0,64.0,77.93351790259942,77.93351790259942,0.0,0.0,0.0,0.0,0.0,0.0,0.0,0.0,0.0,0.0,0.0,0.0,0.0,0.0,0.0,0.0,0.0,0.0,0.0,0.0,1.0,0.0,0.0,0.0,0.0,1.0,1.0,567.0,54.0,54.0,54.0,0.0,54.0,83076185.44303383,9.5,10.392304845413264,0.0,0.0,0.0,141.55,DDoS-TCP_Flood,1
4.041514730453491,108.0,6.0,64.0,0.4948639754199046,0.4948639754199046,0.0,0.0,1.0,0.0,0.0,0.0,0.0,0.0,0.0,2.0,0.0,0.0,0.0,1.0,0.0,0.0,0.0,0.0,0.0,0.0,1.0,0.0,0.0,0.0,0.0,1.0,1.0,567.0,54.0,54.0,54.0,0.0,54.0,82981619.88553813,9.5,10.392304845413264,0.0,0.0,0.0,141.55,DoS-SYN_Flood,1
0.0,54.0,6.0,64.0,1.466291974765804,1.466291974765804,0.0,0.0,1.0,0.0,0.0,0.0,0.0,0.0,0.0,1.0,0.0,0.0,0.0,0.0,0.0,0.0,0.0,0.0,0.0,0.0,1.0,0.0,0.0,0.0,0.0,1.0,1.0,567.0,54.0,54.0,54.0,0.0,54.0,83361828.95751083,9.5,10.392304845413264,0.0,0.0,0.0,141.55,DDoS-SynonymousIP_Flood,1
0.1561748695373535,822.96,5.88,62.72,1.316150523633553,1.316150523633553,0.0,0.0,0.0,0.0,0.0,0.0,0.0,0.0,0.0,0.0,0.1,0.0,0.54,0.0,0.0,0.0,0.0,0.0,0.0,0.0,1.0,0.0,0.0,0.0,0.0,1.0,1.0,8615.34,355.6,1338.92,834.5510848166282,470.4826991137356,837.32,83340036.72126888,9.5,39.02512716463532,665.5251287538406,264426.64584853395,0.86,141.55,Other_Attack,1
0.1717208695411682,23407.98,16.89,64.0,5675.080068356835,5675.080068356835,0.0,0.0,0.0,0.0,0.0,0.0,0.0,0.0,0.01,0.05,0.0,0.02,0.1,0.0,0.0,0.0,0.0,0.0,0.0,0.0,0.0,1.0,0.0,0.0,0.0,1.0,1.0,525.64,50.0,50.64,50.03472170622635,0.1448955786782326,50.16,83098757.42497252,9.5,10.003498939818384,0.2061242962603763,0.5313419501863111,0.04,141.55,DDoS-UDP_Flood,1
0.0882123827934265,16224.5,16.68,67.82,4146.351004022848,4146.351004022848,0.0,0.0,0.0,0.0,0.0,0.0,0.0,0.0,0.0,0.0,0.0,0.0,0.0,0.0,0.0,0.0,0.0,0.0,0.0,0.0,0.0,1.0,0.0,0.0,0.0,1.0,1.0,532.8,50.4,54.0,51.23909586285747,1.4032638898103422,50.4,83101866.173122,9.5,10.118102073082866,1.9864642345130383,11.260036656480136,0.18,141.55,DDoS-UDP_Flood,1
0.6974882125854492,1782475.2,6.0,99.4,2479.104330211944,2479.104330211944,0.0,0.0,0.0,0.0,0.0,1.0,0.0,0.0,0.0,0.0,0.0,400.9,1729.2,1.0,0.0,0.0,0.0,0.0,0.0,0.0,1.0,0.0,0.0,0.0,0.0,1.0,1.0,7203.4,624.4,2439.2,1371.3153968253969,676.985740407632,1322.4,0.0001070976257324,5.5,52.23432041167597,957.4024156176644,675494.1374177374,0.7,38.5,BenignTraffic,0
0.0,0.0,1.0,64.0,10.955142196702893,10.955142196702893,0.0,0.0,0.0,0.0,0.0,0.0,0.0,0.0,0.0,0.0,0.0,0.0,0.0,0.0,0.0,0.0,0.0,0.0,0.0,0.0,0.0,0.0,0.0,0.0,1.0,1.0,1.0,441.0,42.0,42.0,42.0,0.0,42.0,83127992.01895496,9.5,9.16515138991168,0.0,0.0,0.0,141.55,DDoS-ICMP_Flood,1
0.0,54.0,6.0,64.0,0.8835339865243803,0.8835339865243803,0.0,1.0,0.0,1.0,0.0,0.0,0.0,0.0,1.0,0.0,1.0,0.0,0.0,0.0,0.0,0.0,0.0,0.0,0.0,0.0,1.0,0.0,0.0,0.0,0.0,1.0,1.0,567.0,54.0,54.0,54.0,0.0,54.0,83344259.69598393,9.5,10.392304845413264,0.0,0.0,0.0,141.55,DDoS-RSTFINFlood,1
3.0743166279792784,75.6,6.0,64.0,0.2603299287144607,0.2603299287144607,0.0,0.0,0.0,0.0,1.0,1.0,0.0,0.0,0.0,0.0,0.0,1.4,1.4,0.0,0.0,0.0,0.0,0.0,0.0,0.0,1.0,0.0,0.0,0.0,0.0,1.0,1.0,567.0,54.0,54.0,54.0,0.0,54.0,83314427.30685641,9.5,10.392304845413264,0.0,0.0,0.0,141.55,DDoS-PSHACK_Flood,1
0.0,54.0,6.0,64.0,5.940797459551257,5.940797459551257,0.0,0.0,0.0,0.0,0.0,0.0,0.0,0.0,0.0,0.0,0.0,0.0,0.0,0.0,0.0,0.0,0.0,0.0,0.0,0.0,1.0,0.0,0.0,0.0,0.0,1.0,1.0,567.0,54.0,54.0,54.0,0.0,54.0,82943152.9750444,9.5,10.392304845413264,0.0,0.0,0.0,141.55,DoS-TCP_Flood,1
0.2933026170730591,232944.04,16.66,62.72,525.1135669148905,525.1135669148905,0.0,0.0,0.0,0.0,0.0,0.0,0.0,0.0,0.0,0.0,0.0,0.0,0.0,0.0,0.0,0.0,0.0,0.0,0.0,0.0,0.0,0.0,0.0,0.0,0.0,1.0,1.0,9486.06,298.58,1453.38,864.9700669668309,552.6618717526427,920.44,83370917.13642658,9.5,41.330723005030976,781.3256702105388,321817.4916151417,0.95,141.55,Other_Attack,1
0.0,0.0,1.0,64.0,2.542810729835029,2.542810729835029,0.0,0.0,0.0,0.0,0.0,0.0,0.0,0.0,0.0,0.0,0.0,0.0,0.0,0.0,0.0,0.0,0.0,0.0,0.0,0.0,0.0,0.0,0.0,0.0,1.0,1.0,1.0,441.0,42.0,42.0,42.0,0.0,42.0,83132295.26367544,9.5,9.16515138991168,0.0,0.0,0.0,141.55,DDoS-ICMP_Flood,1
0.0,0.0,1.0,64.0,0.7195280142268891,0.7195280142268891,0.0,0.0,0.0,0.0,0.0,0.0,0.0,0.0,0.0,0.0,0.0,0.0,0.0,0.0,0.0,0.0,0.0,0.0,0.0,0.0,0.0,0.0,0.0,0.0,1.0,1.0,1.0,441.0,42.0,42.0,42.0,0.0,42.0,83150162.37848325,9.5,9.16515138991168,0.0,0.0,0.0,141.55,DDoS-ICMP_Flood,1
0.1965991735458374,13012.7,7.1,133.6,111.71057441082012,111.71057441082012,0.0,0.0,0.0,0.0,0.0,1.0,0.0,0.0,0.2,1.7,0.0,10.1,20.8,0.0,1.0,0.0,0.0,0.0,0.0,0.0,1.0,0.0,0.0,0.0,0.0,1.0,1.0,7062.5,66.0,2030.0,468.953399094026,646.6382501584897,84.6,166848175.0894872,13.5,30.59331741921876,916.0396362975874,421074.6635617766,1.0,244.6,Other_Attack,1
4.540545060634613,105.84,5.89,63.36,0.4316711135632134,0.4316711135632134,0.0,0.0,1.0,0.0,0.0,0.0,0.0,0.0,0.0,1.96,0.0,0.0,0.0,0.0,0.0,0.0,0.0,0.0,0.0,0.0,1.0,0.0,0.0,0.0,0.0,1.0,1.0,572.94,54.0,59.28,54.4332745904766,1.362142470019383,54.5,82973002.77350403,9.5,10.433411790944582,1.9296423741091744,15.707525676669247,0.12,141.55,DoS-SYN_Flood,1
0.0,54.0,6.0,64.0,2.739360331050627,2.739360331050627,0.0,0.0,0.0,0.0,0.0,0.0,0.0,0.0,0.0,0.0,0.0,0.0,0.0,0.0,0.0,0.0,0.0,0.0,0.0,0.0,1.0,0.0,0.0,0.0,0.0,1.0,1.0,567.0,54.0,54.0,54.0,0.0,54.0,83033939.89913534,9.5,10.392304845413264,0.0,0.0,0.0,141.55,DDoS-TCP_Flood,1
0.0,0.0,1.0,64.0,2.2309063062948056,2.2309063062948056,0.0,0.0,0.0,0.0,0.0,0.0,0.0,0.0,0.0,0.0,0.0,0.0,0.0,0.0,0.0,0.0,0.0,0.0,0.0,0.0,0.0,0.0,0.0,0.0,1.0,1.0,1.0,441.0,42.0,42.0,42.0,0.0,42.0,83149411.17510927,9.5,9.16515138991168,0.0,0.0,0.0,141.55,DDoS-ICMP_Flood,1
0.0,54.0,6.0,64.0,11.128426638365616,11.128426638365616,0.0,1.0,0.0,1.0,0.0,0.0,0.0,0.0,1.0,0.0,1.0,0.0,0.0,0.0,0.0,0.0,0.0,0.0,0.0,0.0,1.0,0.0,0.0,0.0,0.0,1.0,1.0,567.0,54.0,54.0,54.0,0.0,54.0,83344540.32905342,9.5,10.392304845413264,0.0,0.0,0.0,141.55,DDoS-RSTFINFlood,1
0.0159002494812011,110.25,6.0,63.89,10.650131503881708,10.650131503881708,0.0,0.0,1.0,0.0,0.0,0.0,0.0,0.0,0.0,1.02,0.0,0.02,0.1,0.0,0.0,0.0,0.0,0.0,0.0,0.0,1.0,0.0,0.0,0.0,0.0,1.0,1.0,575.4,54.0,62.4,54.44292397660819,1.8768490974573069,56.8,83089821.93291567,9.5,10.432979418207172,2.675458014051959,119.31862795390036,0.03,141.55,DDoS-SYN_Flood,1
0.0,54.0,6.0,64.0,80.3495599567709,80.3495599567709,0.0,1.0,0.0,1.0,0.0,0.0,0.0,0.0,1.0,0.0,1.0,0.0,0.0,0.0,0.0,0.0,0.0,0.0,0.0,0.0,1.0,0.0,0.0,0.0,0.0,1.0,1.0,567.0,54.0,54.0,54.0,0.0,54.0,83344005.30003272,9.5,10.392304845413264,0.0,0.0,0.0,141.55,DDoS-RSTFINFlood,1
0.0252145290374755,25875.0,17.0,64.0,20519.55622887824,20519.55622887824,0.0,0.0,0.0,0.0,0.0,0.0,0.0,0.0,0.0,0.0,0.0,0.0,0.0,0.0,0.0,0.0,0.0,0.0,0.0,0.0,0.0,1.0,0.0,0.0,0.0,1.0,1.0,525.0,50.0,50.0,50.0,0.0,50.0,83016679.85307555,9.5,10.0,0.0,0.0,0.0,141.55,DoS-UDP_Flood,1
0.0,54.0,6.0,64.0,0.9998679335510284,0.9998679335510284,0.0,0.0,0.0,0.0,0.0,0.0,0.0,0.0,0.0,0.0,0.0,0.0,0.0,0.0,0.0,0.0,0.0,0.0,0.0,0.0,1.0,0.0,0.0,0.0,0.0,1.0,1.0,567.0,54.0,54.0,54.0,0.0,54.0,82946389.70851694,9.5,10.392304845413264,0.0,0.0,0.0,141.55,DoS-TCP_Flood,1
0.1491072058677673,14745.0,17.0,64.0,12825.307080929351,12825.307080929351,0.0,0.0,0.0,0.0,0.0,0.0,0.0,0.0,0.0,0.0,0.0,0.0,0.0,0.0,0.0,0.0,0.0,0.0,0.0,0.0,0.0,1.0,0.0,0.0,0.0,1.0,1.0,525.0,50.0,50.0,50.0,0.0,50.0,83123565.6904861,9.5,10.0,0.0,0.0,0.0,141.55,DDoS-UDP_Flood,1
2.7799606323242188e-06,4.54,45.33,63.82,6403.355868784073,6403.355868784073,0.0,0.0,0.0,0.0,0.0,0.0,0.0,0.0,0.0,0.0,0.0,0.0,0.0,0.0,0.0,0.0,0.0,0.0,0.0,0.0,0.0,0.0,0.0,0.0,0.0,1.0,1.0,6014.06,506.86,592.0,579.365678161192,27.85014416010431,566.64,83677441.8114177,9.5,34.02253068034943,39.48150768231008,5139.835889072889,0.16,141.55,Other_Attack,1
1.6199901366233826,111.24,6.0,64.0,1.3659683326027747,1.3659683326027747,0.0,0.0,1.0,0.0,0.0,0.0,0.0,0.0,0.0,2.06,0.0,0.0,0.0,0.0,1.0,0.0,0.0,0.0,0.0,0.0,1.0,0.0,0.0,0.0,0.0,1.0,1.0,567.0,54.0,54.0,54.0,0.0,54.0,83362399.67945199,9.5,10.392304845413264,0.0,0.0,0.0,141.55,DDoS-SynonymousIP_Flood,1
0.0,54.0,6.0,64.0,9.116972010924792,9.116972010924792,0.0,1.0,0.0,1.0,0.0,0.0,0.0,0.0,1.0,0.0,1.0,0.0,0.0,0.0,0.0,0.0,0.0,0.0,0.0,0.0,1.0,0.0,0.0,0.0,0.0,1.0,1.0,567.0,54.0,54.0,54.0,0.0,54.0,83348433.08779582,9.5,10.392304845413264,0.0,0.0,0.0,141.55,DDoS-RSTFINFlood,1
10.594719004631042,635870.1,7.1,83.1,64.43774405550077,64.43774405550077,0.0,0.0,0.0,0.0,0.0,1.0,0.0,0.0,0.0,0.0,0.0,35.1,686.7,0.0,1.0,0.0,0.0,0.0,0.0,0.0,1.0,0.0,0.0,0.0,0.0,1.0,1.0,9787.2,54.0,2700.2,595.6542694384218,748.1483956997597,1528.8,166518378.92525062,13.5,33.75930900617978,1058.8997263062042,608979.4705292094,1.0,244.6,BenignTraffic,0
0.1057869815826416,191.4,6.0,64.0,5.675795304650517,5.675795304650517,0.0,0.0,1.0,0.0,0.0,0.0,0.0,0.0,0.0,1.3,0.0,0.0,0.3,0.0,0.0,0.0,0.0,0.0,0.0,0.0,1.0,0.0,0.0,0.0,0.0,1.0,1.0,1418.68,78.88,150.8,133.2390473425783,27.70467827878648,139.2,83089440.87262057,9.5,16.058571451053048,39.0317134519118,1268.4905421345688,0.62,141.55,DDoS-SYN_Flood,1
0.0,0.0,1.0,64.0,24.05004615852155,24.05004615852155,0.0,0.0,0.0,0.0,0.0,0.0,0.0,0.0,0.0,0.0,0.0,0.0,0.0,0.0,0.0,0.0,0.0,0.0,0.0,0.0,0.0,0.0,0.0,0.0,1.0,1.0,1.0,441.0,42.0,42.0,42.0,0.0,42.0,83124001.57138298,9.5,9.16515138991168,0.0,0.0,0.0,141.55,DDoS-ICMP_Flood,1
0.3422595191001892,62925.0,17.0,64.0,3676.828224210976,3676.828224210976,0.0,0.0,0.0,0.0,0.0,0.0,0.0,0.0,0.0,0.0,0.0,0.0,0.0,0.0,0.0,0.0,0.0,0.0,0.0,0.0,0.0,1.0,0.0,0.0,0.0,1.0,1.0,525.0,50.0,50.0,50.0,0.0,50.0,83015715.59138222,9.5,10.0,0.0,0.0,0.0,141.55,DoS-UDP_Flood,1
0.0,0.0,1.0,64.0,8.765863202374415,8.765863202374415,0.0,0.0,0.0,0.0,0.0,0.0,0.0,0.0,0.0,0.0,0.0,0.0,0.0,0.0,0.0,0.0,0.0,0.0,0.0,0.0,0.0,0.0,0.0,0.0,1.0,1.0,1.0,441.0,42.0,42.0,42.0,0.0,42.0,83150128.72085981,9.5,9.16515138991168,0.0,0.0,0.0,141.55,DDoS-ICMP_Flood,1
10.926145195961,28231.2,8.2,81.4,36.97719174066678,36.97719174066678,0.0,0.0,0.0,0.0,0.0,1.0,0.0,0.0,0.2,0.6,0.1,82.7,174.4,0.0,1.0,0.0,0.0,0.0,0.0,0.0,1.0,0.0,0.0,0.0,0.0,1.0,1.0,2211.2,58.8,583.0,144.81568561297664,173.02951158244664,136.3,166520924.39295512,13.5,17.02449247650071,245.174001680488,30242.74876535833,1.0,244.6,BenignTraffic,0
4.122532031536102,166.32,6.0,64.0,0.7264484384851628,0.7264484384851628,0.0,0.0,1.0,0.0,0.0,0.0,0.0,0.0,0.0,3.08,0.0,0.0,0.0,0.0,0.0,0.0,0.0,0.0,0.0,0.0,1.0,0.0,0.0,0.0,0.0,1.0,1.0,567.0,54.0,54.0,54.0,0.0,54.0,83362486.65269887,9.5,10.392304845413264,0.0,0.0,0.0,141.55,DDoS-SynonymousIP_Flood,1
44.24165539741516,2878127.5,5.4,57.6,62.38717567491708,62.38717567491708,0.0,0.0,0.0,0.0,0.0,1.0,0.0,0.0,0.0,0.0,0.0,134.1,2700.9,0.0,1.0,0.0,0.0,0.0,0.0,0.0,1.0,0.0,0.0,0.0,0.0,1.0,1.0,19442.5,64.8,3975.6,1239.3129466285347,1051.3620251799905,1454.7,166523549.8642037,13.5,49.82413847504601,1487.0917958705802,1119225.8557540132,1.0,244.6,BenignTraffic,0
0.0,0.0,1.0,64.0,16.030514628599825,16.030514628599825,0.0,0.0,0.0,0.0,0.0,0.0,0.0,0.0,0.0,0.0,0.0,0.0,0.0,0.0,0.0,0.0,0.0,0.0,0.0,0.0,0.0,0.0,0.0,0.0,1.0,1.0,1.0,441.0,42.0,42.0,42.0,0.0,42.0,83132066.85779284,9.5,9.16515138991168,0.0,0.0,0.0,141.55,DDoS-ICMP_Flood,1
1.900710816383362,108.0,6.0,64.0,1.3037519434887537,1.3037519434887537,0.0,0.0,1.0,0.0,0.0,0.0,0.0,0.0,0.0,2.0,0.0,0.0,0.0,0.0,0.0,0.0,0.0,0.0,0.0,0.0,1.0,0.0,0.0,0.0,0.0,1.0,1.0,567.0,54.0,54.0,54.0,0.0,54.0,83362504.87374038,9.5,10.392304845413264,0.0,0.0,0.0,141.55,DDoS-SynonymousIP_Flood,1
5.114945666790009,212.76,6.0,64.0,0.7882435923770876,0.7882435923770876,0.0,0.0,1.0,0.0,0.0,0.0,0.0,0.0,0.0,3.94,0.0,0.0,0.0,0.0,0.0,0.0,0.0,0.0,0.0,0.0,1.0,0.0,0.0,0.0,0.0,1.0,1.0,567.0,54.0,54.0,54.0,0.0,54.0,83365582.2092906,9.5,10.392304845413264,0.0,0.0,0.0,141.55,DDoS-SynonymousIP_Flood,1
0.0,54.0,6.0,64.0,4.354574099740965,4.354574099740965,0.0,0.0,0.0,0.0,0.0,0.0,0.0,0.0,0.0,0.0,0.0,0.0,0.0,1.0,0.0,0.0,0.0,0.0,0.0,0.0,1.0,0.0,0.0,0.0,0.0,1.0,1.0,567.0,54.0,54.0,54.0,0.0,54.0,82926050.7860522,9.5,10.392304845413264,0.0,0.0,0.0,141.55,DoS-TCP_Flood,1
4.393519501686097,108.0,6.0,64.0,0.4552159843745899,0.4552159843745899,0.0,0.0,0.0,0.0,0.0,0.0,0.0,0.0,0.0,0.0,0.0,0.0,0.0,0.0,0.0,0.0,0.0,0.0,0.0,0.0,1.0,0.0,0.0,0.0,0.0,1.0,1.0,567.0,54.0,54.0,54.0,0.0,54.0,82950856.86058882,9.5,10.392304845413264,0.0,0.0,0.0,141.55,DoS-TCP_Flood,1
0.0,54.0,6.0,64.0,9.927370242296432,9.927370242296432,0.0,0.0,1.0,0.0,0.0,0.0,0.0,0.0,0.0,1.0,0.0,0.0,0.0,0.0,1.0,0.0,0.0,0.0,0.0,0.0,1.0,0.0,0.0,0.0,0.0,1.0,1.0,567.0,54.0,54.0,54.0,0.0,54.0,82985953.69876172,9.5,10.392304845413264,0.0,0.0,0.0,141.55,DoS-SYN_Flood,1
7.112438192367554,108.0,6.0,64.0,0.2811975269196569,0.2811975269196569,0.0,0.0,0.0,0.0,0.0,0.0,0.0,0.0,0.0,0.0,0.0,0.0,0.0,0.0,0.0,0.0,0.0,0.0,0.0,0.0,1.0,0.0,0.0,0.0,0.0,1.0,1.0,567.0,54.0,54.0,54.0,0.0,54.0,82955736.98965766,9.5,10.392304845413264,0.0,0.0,0.0,141.55,DoS-TCP_Flood,1
0.0,54.0,6.0,64.0,2.3024853401491616,2.3024853401491616,0.0,0.0,1.0,0.0,0.0,0.0,0.0,0.0,0.0,1.0,0.0,0.0,0.0,0.0,0.0,0.0,0.0,0.0,0.0,0.0,1.0,0.0,0.0,0.0,0.0,1.0,1.0,567.0,54.0,54.0,54.0,0.0,54.0,83089133.31907062,9.5,10.392304845413264,0.0,0.0,0.0,141.55,DDoS-SYN_Flood,1
1.9805440664291385,6739830.6,6.0,118.9,2656.088250177087,2656.088250177087,0.0,0.0,0.0,0.0,0.0,1.0,0.0,0.0,0.0,0.0,0.0,1553.6,5260.5,0.0,1.0,0.0,0.0,0.0,0.0,0.0,1.0,0.0,0.0,0.0,0.0,1.0,1.0,2076.6,66.0,922.8,250.84666666666664,344.0669447265711,922.8,0.000148582458496,5.5,18.99047901647238,486.5841395965908,401486.3782222223,0.3,38.5,Other_Attack,1
0.0,54.0,6.0,64.0,973.269288780601,973.269288780601,0.0,0.0,0.0,0.0,1.0,1.0,0.0,0.0,0.0,0.0,0.01,0.99,0.99,0.0,0.0,0.0,0.0,0.0,0.0,0.0,1.0,0.0,0.0,0.0,0.0,1.0,1.0,567.0,54.0,54.0,54.0,0.0,54.0,83313877.23243333,9.5,10.392304845413264,0.0,0.0,0.0,141.55,DDoS-PSHACK_Flood,1
0.0065956211090087,4775.0,17.0,64.0,314933.5782442265,314933.5782442265,0.0,0.0,0.0,0.0,0.0,0.0,0.0,0.0,0.0,0.0,0.0,0.0,0.0,0.0,0.0,0.0,0.0,0.0,0.0,0.0,0.0,1.0,0.0,0.0,0.0,1.0,1.0,525.0,50.0,50.0,50.0,0.0,50.0,83015485.80481976,9.5,10.0,0.0,0.0,0.0,141.55,DoS-UDP_Flood,1
0.2540424513816833,22809.0,17.0,64.0,11733.73647654393,11733.73647654393,0.0,0.0,0.0,0.0,0.0,0.0,0.0,0.0,0.0,0.0,0.0,0.0,0.0,0.0,0.0,0.0,0.0,0.0,0.0,0.0,0.0,1.0,0.0,0.0,0.0,1.0,1.0,525.0,50.0,50.0,50.0,0.0,50.0,83098703.61742574,9.5,10.0,0.0,0.0,0.0,141.55,DDoS-UDP_Flood,1
0.0,54.0,6.0,64.0,20.049989085004707,20.049989085004707,0.0,0.0,0.0,0.0,0.0,0.0,0.0,0.0,0.0,0.0,0.0,0.0,0.0,0.0,1.0,0.0,0.0,0.0,0.0,0.0,1.0,0.0,0.0,0.0,0.0,1.0,1.0,567.0,54.0,54.0,54.0,0.0,54.0,82956236.34690678,9.5,10.392304845413264,0.0,0.0,0.0,141.55,DoS-TCP_Flood,1
0.0,54.0,6.0,64.0,1.5184853319662883,1.5184853319662883,0.0,0.0,0.0,0.0,1.0,1.0,0.0,0.0,0.0,0.0,0.0,1.0,1.0,0.0,0.0,0.0,0.0,0.0,0.0,0.0,1.0,0.0,0.0,0.0,0.0,1.0,1.0,567.0,54.0,54.0,54.0,0.0,54.0,83318166.79522824,9.5,10.392304845413264,0.0,0.0,0.0,141.55,DDoS-PSHACK_Flood,1
0.5468341827392578,1769010.6,6.0,93.5,3531.355957661324,3531.355957661324,0.0,0.0,0.0,0.0,0.0,1.0,0.0,0.0,0.0,0.0,0.0,307.7,1931.1,1.0,0.0,0.0,0.0,0.0,0.0,0.0,1.0,0.0,0.0,0.0,0.0,1.0,1.0,12981.8,94.0,2858.0,841.5106247124049,869.9811380408131,917.6,166517698.7150845,13.5,41.095098768441005,1231.3383832950983,759372.8215793387,1.0,244.6,BenignTraffic,0
0.0,54.0,6.0,64.0,93.3270437452717,93.3270437452717,0.0,0.0,0.0,0.0,1.0,1.0,0.0,0.0,0.0,0.0,0.0,1.0,1.0,0.0,0.0,0.0,0.0,0.0,0.0,0.0,1.0,0.0,0.0,0.0,0.0,1.0,1.0,567.0,54.0,54.0,54.0,0.0,54.0,83313734.3693933,9.5,10.392304845413264,0.0,0.0,0.0,141.55,DDoS-PSHACK_Flood,1
5.347371869087219,587492.16,15.97,64.54,70.43923895208542,70.43923895208542,0.0,0.0,0.0,0.0,0.0,0.0,0.0,0.0,0.0,0.0,0.0,0.04,0.09,0.0,0.0,0.0,0.0,0.0,0.0,0.0,0.0,0.0,0.0,0.0,0.0,1.0,1.0,9052.66,288.86,1456.4,837.2860148108686,536.9504523005711,892.1,83370273.2048061,9.5,40.72213885601053,759.2056360012353,304262.5264969421,0.95,141.55,Other_Attack,1
0.0074624896049499,61.18,6.0,65.74,7.625689291005163,7.625689291005163,0.0,0.0,1.0,0.0,0.0,0.0,0.0,0.0,0.0,0.98,0.01,0.05,0.07,0.0,0.0,0.0,0.0,0.0,0.0,0.0,1.0,0.0,0.0,0.0,0.0,1.0,1.0,571.32,54.0,58.32,54.50345751771449,1.3096769974634748,54.24,83093132.25221206,9.5,10.439962286690712,1.8539794777895025,10.102682356275077,0.18,141.55,DDoS-SYN_Flood,1
1.0773690724372864,240722.96,15.77,67.92,175.8560987708384,175.8560987708384,0.0,0.0,0.0,0.0,0.0,0.0,0.0,0.0,0.0,0.0,0.0,0.81,1.13,0.0,0.0,0.0,0.0,0.0,0.0,0.0,0.0,0.0,0.0,0.0,0.0,1.0,1.0,8963.39,310.36,1435.94,852.1832743933484,532.2589933050067,861.81,83366543.36377712,9.5,40.52615202664173,752.4556114335599,308535.0438580611,0.95,141.55,Other_Attack,1
0.0,54.0,6.0,64.0,3.6145318813823177,3.6145318813823177,0.0,1.0,0.0,1.0,0.0,0.0,0.0,0.0,1.0,0.0,1.0,0.0,0.0,0.0,1.0,0.0,0.0,0.0,0.0,0.0,1.0,0.0,0.0,0.0,0.0,1.0,1.0,567.0,54.0,54.0,54.0,0.0,54.0,83348160.86003657,9.5,10.392304845413264,0.0,0.0,0.0,141.55,DDoS-RSTFINFlood,1
0.0,54.67,6.22,64.0,2.242881546310356,2.242881546310356,0.0,0.0,0.0,0.0,1.0,1.0,0.0,0.0,0.0,0.0,0.0,0.98,0.98,0.0,0.0,0.0,0.0,0.0,0.0,0.0,1.0,0.0,0.0,0.0,0.0,1.0,1.0,573.4,54.0,57.7,54.4208041128548,1.1167832212524451,54.67,83330869.6814217,9.5,10.432180247752264,1.58266013613959,12.578984488193337,0.1,141.55,DDoS-PSHACK_Flood,1
13.097938895225523,18928.2,6.0,96.2,18.980618912461463,18.980618912461463,0.0,0.0,0.0,0.0,0.0,1.0,0.0,0.0,0.0,1.0,0.0,62.2,129.3,0.0,1.0,0.0,0.0,0.0,0.0,0.0,1.0,0.0,0.0,0.0,0.0,1.0,1.0,5337.3,495.9,1879.5,1111.7295238095237,547.5312661488017,723.9,0.0106087923049926,5.5,46.757551887395365,774.326142410948,429307.8271485261,0.8,38.5,BenignTraffic,0
0.0500136804580688,58.38,6.22,66.55,13.046238129698086,13.046238129698086,0.0,0.0,0.0,0.0,0.0,0.0,0.0,0.0,0.0,0.0,0.0,0.0,0.0,0.0,0.0,0.0,0.0,0.0,0.0,0.0,1.0,0.0,0.0,0.0,0.0,1.0,1.0,606.2,54.0,87.44,59.243298486858855,10.346523145275697,56.08,83064145.38222955,9.5,10.828449708616224,14.645313267575926,599.6778809491431,0.19,141.55,DDoS-TCP_Flood,1
0.0317441797256469,15225.0,17.0,64.0,9573.795172627382,9573.795172627382,0.0,0.0,0.0,0.0,0.0,0.0,0.0,0.0,0.0,0.0,0.0,0.0,0.0,0.0,0.0,0.0,0.0,0.0,0.0,0.0,0.0,1.0,0.0,0.0,0.0,1.0,1.0,525.0,50.0,50.0,50.0,0.0,50.0,83097845.59436016,9.5,10.0,0.0,0.0,0.0,141.55,DDoS-UDP_Flood,1
1.7154484987258911,173295.36,38.39,102.43,60.49389339992793,60.49389339992793,0.0,0.0,0.0,0.0,0.0,0.0,0.0,0.0,0.0,0.42,0.0,55.74,102.9,0.0,0.0,0.0,0.0,0.0,0.0,0.0,0.0,0.0,0.0,0.0,0.0,1.0,1.0,9439.72,605.48,1961.76,901.3683019019164,473.5937545153328,870.32,83647332.3992639,9.5,41.76254727859893,670.2358787786297,372446.8807686788,0.69,141.55,Other_Attack,1
0.0,54.0,6.0,64.0,3.713123976950909,3.713123976950909,0.0,1.0,0.0,1.0,0.0,0.0,0.0,0.0,1.0,0.0,1.0,0.0,0.0,0.0,0.0,0.0,0.0,0.0,0.0,0.0,1.0,0.0,0.0,0.0,0.0,1.0,1.0,567.0,54.0,54.0,54.0,0.0,54.0,83340862.09478326,9.5,10.392304845413264,0.0,0.0,0.0,141.55,DDoS-RSTFINFlood,1
0.0,54.0,6.0,64.0,0.5337666141906318,0.5337666141906318,0.0,0.0,1.0,0.0,0.0,0.0,0.0,0.0,0.0,1.0,0.0,0.0,0.0,0.0,0.0,0.0,0.0,0.0,0.0,0.0,1.0,0.0,0.0,0.0,0.0,1.0,1.0,567.0,54.0,54.0,54.0,0.0,54.0,83089051.92587613,9.5,10.392304845413264,0.0,0.0,0.0,141.55,DDoS-SYN_Flood,1
0.5150293350219727,122.86,6.11,64.64,5.263755108865329,5.263755108865329,0.0,0.0,1.0,0.0,0.0,1.0,0.0,0.0,0.0,2.08,0.05,0.0,1.09,0.0,0.0,0.0,0.0,0.0,0.0,0.0,1.0,0.0,0.0,0.0,0.0,1.0,1.0,649.6,58.0,98.6,61.328445005716674,10.961687584443991,60.9,82972401.43171713,9.5,11.051446298162425,15.524116691671177,879.1198370880797,0.14,141.55,DoS-SYN_Flood,1
0.6719324469566346,951.64,6.0,64.0,0.7097040379875397,0.7097040379875397,0.0,0.0,0.0,0.0,0.0,0.0,0.0,0.0,0.0,0.0,0.24,0.0,0.62,0.0,0.0,0.0,0.0,0.0,0.0,0.0,1.0,0.0,0.0,0.0,0.0,1.0,1.0,8170.6,342.8,1222.0,809.3052505114424,432.3395500335297,730.4,83340026.22695284,9.5,37.7847838670554,611.2985309714016,245953.85178023248,0.76,141.55,Other_Attack,1
0.0,54.0,6.0,64.0,19.211620309892027,19.211620309892027,0.0,0.0,0.0,0.0,0.0,0.0,0.0,0.0,0.0,0.0,0.0,0.0,0.0,0.0,0.0,0.0,0.0,0.0,0.0,0.0,1.0,0.0,0.0,0.0,0.0,1.0,1.0,567.0,54.0,54.0,54.0,0.0,54.0,83067368.62965533,9.5,10.392304845413264,0.0,0.0,0.0,141.55,DDoS-TCP_Flood,1
20.08776779174805,1046295.1,8.2,83.1,82.50105580006601,82.50105580006601,0.0,0.0,0.0,0.0,0.0,1.0,0.0,0.0,0.0,1.4,0.0,33.1,941.6,0.0,1.0,0.0,0.0,0.0,0.0,0.0,1.0,0.0,0.0,0.0,0.0,1.0,1.0,7567.0,324.0,2672.4,1390.8198015873018,762.1550555093779,1163.4,0.0011311054229736,5.5,52.55254882940617,1077.850016132581,660219.6398011937,0.9,38.5,BenignTraffic,0
0.0133031344413757,4004.81,16.62,66.55,16341.308364880448,16341.308364880448,0.0,0.0,0.0,0.0,0.0,0.0,0.0,0.0,0.02,0.03,0.0,0.02,0.08,0.0,0.0,0.0,0.0,0.0,0.0,0.0,0.0,1.0,0.0,0.0,0.0,1.0,1.0,537.84,50.6,57.76,51.97448005159615,2.383885620551756,51.16,83011430.7972791,9.5,10.182755364505528,3.3581613837255007,27.96039651649305,0.22,141.55,DoS-UDP_Flood,1
0.0,0.0,1.0,64.0,0.4942026419779634,0.4942026419779634,0.0,0.0,0.0,0.0,0.0,0.0,0.0,0.0,0.0,0.0,0.0,0.0,0.0,0.0,0.0,0.0,0.0,0.0,0.0,0.0,0.0,0.0,0.0,0.0,1.0,1.0,1.0,9561.0,362.0,1456.4,876.5622407314049,544.1388529349124,938.0,83248838.92043841,9.5,41.680603885690445,769.4720946711853,311678.81155949883,0.95,141.55,Other_Attack,1
0.0,0.0,0.99,63.36,52.56250587431782,52.56250587431782,0.0,0.0,0.0,0.0,0.0,0.0,0.0,0.0,0.0,0.0,0.0,0.0,0.0,0.0,0.0,0.0,0.0,0.0,0.0,0.0,0.0,0.0,0.0,0.0,1.0,1.0,1.0,441.9,42.0,42.9,42.05031191950464,0.2065785886578451,42.18,83150274.62823294,9.5,9.170659304768783,0.2935086210122546,0.8623234057045502,0.05,141.55,DDoS-ICMP_Flood,1
0.0,0.0,47.0,64.0,17.24124691959395,17.24124691959395,0.0,0.0,0.0,0.0,0.0,0.0,0.0,0.0,0.0,0.0,0.0,0.0,0.0,0.0,0.0,0.0,0.0,0.0,0.0,0.0,0.0,0.0,0.0,0.0,0.0,1.0,1.0,6216.0,592.0,592.0,592.0,0.0,592.0,83702638.72092839,9.5,34.409301068170514,0.0,0.0,0.0,141.55,Other_Attack,1
4.887620949745179,226703.6,7.1,180.0,37.12164636373906,37.12164636373906,0.0,0.0,0.0,0.0,1.0,1.0,0.0,0.0,0.0,0.3,0.0,88.5,181.5,0.0,1.0,0.0,0.0,0.0,0.0,0.0,1.0,0.0,0.0,0.0,0.0,1.0,1.0,4062.3,111.8,2134.4,635.5089682539683,739.7921716932856,805.1,0.0161421060562133,5.5,34.157134375806365,1046.2241225460898,773599.9233808895,0.9,38.5,Other_Attack,1
0.0392861032485961,29155.5,16.84,65.91,14844.555551687628,14844.555551687628,0.0,0.0,0.0,0.0,0.0,0.0,0.0,0.0,0.0,0.0,0.0,0.0,0.0,0.0,0.0,0.0,0.0,0.0,0.0,0.0,0.0,1.0,0.0,0.0,0.0,1.0,1.0,527.6,50.0,52.6,50.20097650285731,0.6859930328772093,50.2,83011772.49208595,9.5,10.019984009400144,0.971654405495554,3.691511273490344,0.13,141.55,DoS-UDP_Flood,1
0.2679665660858154,64.93,6.11,64.37,13.80619642962174,13.80619642962174,0.0,0.0,1.0,0.0,0.0,0.0,0.0,0.0,0.0,1.1,0.0,0.01,0.01,0.0,0.0,0.0,0.0,0.0,0.0,0.0,1.0,0.0,0.0,0.0,0.0,1.0,1.0,592.35,54.0,79.35,55.548228451502055,6.052943367833091,57.6,83365449.71934007,9.5,10.53184619475526,8.587402187794577,401.60856073977743,0.11,141.55,DDoS-SynonymousIP_Flood,1
0.0,52.92,5.89,63.36,32.064011252933646,32.064011252933646,0.0,0.0,0.0,0.0,0.0,0.0,0.0,0.0,0.0,0.0,0.0,0.0,0.0,0.0,0.0,0.0,0.0,0.0,0.0,0.0,1.0,0.0,0.0,0.0,0.0,1.0,1.0,574.06,54.0,60.22,54.58386982857184,1.6793406014094796,54.5,82947045.97319244,9.5,10.4474914600337,2.378228273480451,20.109209822549825,0.15,141.55,DoS-TCP_Flood,1
0.0,79.38,5.88,62.72,7.970153047106051,7.970153047106051,0.0,0.0,0.0,0.0,0.0,0.0,0.0,0.0,0.0,0.0,0.0,0.0,0.0,0.0,0.0,0.0,0.0,0.0,0.0,0.0,1.0,0.0,0.0,0.0,0.0,1.0,1.0,568.14,54.0,54.6,54.07479802292652,0.1970934765176831,54.12,82925820.47803476,9.5,10.399506906210428,0.279317090533019,0.3924100362133264,0.1,141.55,DoS-TCP_Flood,1
0.0691714096069335,81.55,46.7,65.91,3.1993939768152826,3.1993939768152826,0.0,0.0,0.0,0.0,0.0,0.0,0.0,0.0,0.0,0.0,0.0,0.0,0.0,0.0,0.0,0.0,0.0,0.0,0.0,0.0,0.0,0.0,0.0,0.0,0.0,1.0,1.0,6034.8,543.8,578.0,575.0031535817124,9.467860208185195,575.72,83574126.49345396,9.5,33.91078211879031,13.4068331167296,615.6026826538256,0.15,141.55,Other_Attack,1
0.0,182.0,17.0,64.0,2.645376802218911,2.645376802218911,0.0,0.0,0.0,0.0,0.0,0.0,0.0,0.0,0.0,0.0,0.0,0.0,0.0,0.0,0.0,0.0,0.0,0.0,0.0,0.0,0.0,1.0,0.0,0.0,0.0,1.0,1.0,1911.0,182.0,182.0,182.0,0.0,182.0,83007029.83097178,9.5,19.078784028338912,0.0,0.0,0.0,141.55,DoS-UDP_Flood,1
0.0,54.0,6.0,64.0,2.7666266895878544,2.7666266895878544,0.0,0.0,1.0,0.0,0.0,0.0,0.0,0.0,0.0,1.0,0.0,0.0,0.0,0.0,0.0,0.0,0.0,0.0,0.0,0.0,1.0,0.0,0.0,0.0,0.0,1.0,1.0,567.0,54.0,54.0,54.0,0.0,54.0,82981157.82757904,9.5,10.392304845413264,0.0,0.0,0.0,141.55,DoS-SYN_Flood,1
0.612459454536438,88.02,6.0,64.0,1.852771125062612,1.852771125062612,0.0,0.0,1.0,0.0,0.0,0.0,0.0,0.0,0.0,1.63,0.0,0.0,0.0,1.0,0.0,0.0,0.0,0.0,0.0,0.0,1.0,0.0,0.0,0.0,0.0,1.0,1.0,567.0,54.0,54.0,54.0,0.0,54.0,83362300.77757916,9.5,10.392304845413264,0.0,0.0,0.0,141.55,DDoS-SynonymousIP_Flood,1
0.0,0.0,0.99,63.36,45.66322275810264,45.66322275810264,0.0,0.0,0.0,0.0,0.0,0.0,0.0,0.0,0.0,0.0,0.0,0.0,0.0,0.0,0.0,0.0,0.0,0.0,0.0,0.0,0.0,0.0,0.0,0.0,1.0,1.0,1.0,442.8,42.0,43.8,42.12037885257157,0.4472957825956112,42.18,83127781.01384488,9.5,9.17824077101167,0.6339341413754378,2.02414913152718,0.1,141.55,DDoS-ICMP_Flood,1
0.0,54.0,6.0,64.0,10.76369483514176,10.76369483514176,0.0,0.0,0.0,0.0,0.0,0.0,0.0,0.0,0.0,0.0,0.0,0.0,0.0,0.0,0.0,0.0,0.0,0.0,0.0,0.0,1.0,0.0,0.0,0.0,0.0,1.0,1.0,567.0,54.0,54.0,54.0,0.0,54.0,83076133.36625554,9.5,10.392304845413264,0.0,0.0,0.0,141.55,DDoS-TCP_Flood,1
4.297682499885559,1057971.2,6.0,182.3,417.5658948795388,417.5658948795388,0.0,0.0,0.0,0.0,0.0,1.0,0.0,0.0,0.0,1.8,0.0,359.8,723.1,0.0,1.0,0.0,0.0,0.0,0.0,0.0,1.0,0.0,0.0,0.0,0.0,1.0,1.0,7077.8,66.0,2681.4,429.7510623165964,738.1033725451668,1233.4,166610480.1964983,13.5,28.49094890139684,1043.492895739171,601014.4272905022,1.0,244.6,Other_Attack,1
0.0,0.0,1.0,64.0,36.115051029508194,36.115051029508194,0.0,0.0,0.0,0.0,0.0,0.0,0.0,0.0,0.0,0.0,0.0,0.0,0.0,0.0,0.0,0.0,0.0,0.0,0.0,0.0,0.0,0.0,0.0,0.0,1.0,1.0,1.0,441.0,42.0,42.0,42.0,0.0,42.0,83124409.73788574,9.5,9.16515138991168,0.0,0.0,0.0,141.55,DDoS-ICMP_Flood,1
0.0,54.0,6.0,64.0,3.992759483187408,3.992759483187408,0.0,0.0,1.0,0.0,0.0,0.0,0.0,0.0,0.0,1.0,0.0,0.0,0.0,0.0,0.0,0.0,0.0,0.0,0.0,0.0,1.0,0.0,0.0,0.0,0.0,1.0,1.0,567.0,54.0,54.0,54.0,0.0,54.0,82985628.13814569,9.5,10.392304845413264,0.0,0.0,0.0,141.55,DoS-SYN_Flood,1
0.0195591235160827,13625.0,17.0,64.0,14901.68192347097,14901.68192347097,0.0,0.0,0.0,0.0,0.0,0.0,0.0,0.0,0.0,0.0,0.0,0.0,0.0,0.0,0.0,0.0,0.0,0.0,0.0,0.0,0.0,1.0,0.0,0.0,0.0,1.0,1.0,525.0,50.0,50.0,50.0,0.0,50.0,83123872.17313676,9.5,10.0,0.0,0.0,0.0,141.55,DDoS-UDP_Flood,1
0.0005130195617675,181.95,16.89,65.91,40.98919897830661,40.98919897830661,0.0,0.0,0.0,0.0,0.0,0.0,0.0,0.0,0.0,0.0,0.0,0.01,0.02,0.0,0.0,0.0,0.0,0.0,0.0,0.0,0.0,1.0,0.0,0.0,0.0,1.0,1.0,1903.33,174.33,182.0,181.4071193165709,2.0236794469877672,181.41,83006955.08145747,9.5,19.04741195500332,2.8663804962118844,32.12537685754972,0.13,141.55,DoS-UDP_Flood,1
0.0,54.0,6.0,64.0,2.9240281831533155,2.9240281831533155,0.0,0.0,1.0,0.0,0.0,0.0,0.0,0.0,0.0,1.0,0.0,0.0,0.0,0.0,0.0,0.0,0.0,0.0,0.0,0.0,1.0,0.0,0.0,0.0,0.0,1.0,1.0,567.0,54.0,54.0,54.0,0.0,54.0,82977526.57646668,9.5,10.392304845413264,0.0,0.0,0.0,141.55,DoS-SYN_Flood,1
3.920027072429657,110.56,6.0,64.0,0.5625493782949753,0.5625493782949753,0.0,0.0,1.0,0.0,0.0,1.0,0.0,0.0,0.0,2.0,0.0,0.0,0.64,0.0,0.0,0.0,0.0,0.0,0.0,0.0,1.0,0.0,0.0,0.0,0.0,1.0,1.0,594.04,56.04,56.92,56.53289231339695,0.4008438370379938,56.56,82985885.48597191,9.5,10.632031643960236,0.5669716222226335,0.743090702409169,0.22,141.55,DoS-SYN_Flood,1
0.0,54.0,6.0,64.0,20.19414633676618,20.19414633676618,0.0,0.0,0.0,0.0,0.0,0.0,0.0,0.0,0.0,0.0,0.0,0.0,0.0,0.0,0.0,0.0,0.0,0.0,0.0,0.0,1.0,0.0,0.0,0.0,0.0,1.0,1.0,567.0,54.0,54.0,54.0,0.0,54.0,82943401.93874511,9.5,10.392304845413264,0.0,0.0,0.0,141.55,DoS-TCP_Flood,1
1.9725340366363528,2777479.0,17.0,64.0,2541.6399369057654,2541.6399369057654,0.0,0.0,0.0,0.0,0.0,0.0,0.0,0.0,0.0,0.0,0.0,0.0,0.0,0.0,0.0,0.0,0.0,0.0,0.0,0.0,0.0,1.0,0.0,0.0,0.0,1.0,1.0,5817.0,554.0,554.0,554.0,0.0,554.0,83763049.09109281,9.5,33.28663395418648,0.0,0.0,0.0,141.55,Other_Attack,1
0.0,0.0,1.0,64.0,161.552392874338,161.552392874338,0.0,0.0,0.0,0.0,0.0,0.0,0.0,0.0,0.0,0.0,0.0,0.0,0.0,0.0,0.0,0.0,0.0,0.0,0.0,0.0,0.0,0.0,0.0,0.0,1.0,1.0,1.0,441.0,42.0,42.0,42.0,0.0,42.0,83123995.70660993,9.5,9.16515138991168,0.0,0.0,0.0,141.55,DDoS-ICMP_Flood,1
5.127364451885224,108.0,6.0,64.0,0.3900641058799468,0.3900641058799468,0.0,0.0,0.0,0.0,0.0,0.0,0.0,0.0,0.0,0.0,0.0,0.0,0.0,0.0,0.0,0.0,0.0,0.0,0.0,0.0,1.0,0.0,0.0,0.0,0.0,1.0,1.0,567.0,54.0,54.0,54.0,0.0,54.0,82950831.37926662,9.5,10.392304845413264,0.0,0.0,0.0,141.55,DoS-TCP_Flood,1
0.0,160.38,16.84,64.0,5.163587250062506,5.163587250062506,0.0,0.0,0.0,0.0,0.0,0.0,0.0,0.0,0.0,0.0,0.0,0.0,0.0,0.0,0.0,0.0,0.0,0.0,0.0,0.0,0.0,1.0,0.0,0.0,0.0,1.0,1.0,1695.24,156.24,162.0,161.63016812014953,1.406397940920053,161.36,83007872.51229781,9.5,17.979223526619812,1.9937910572056217,22.204119374833542,0.09,141.55,DoS-UDP_Flood,1
2.7047702145576475,108.0,6.0,64.0,0.9644269783983888,0.9644269783983888,0.0,0.0,1.0,0.0,0.0,0.0,0.0,0.0,0.0,2.0,0.0,0.0,0.0,0.0,0.0,0.0,0.0,0.0,0.0,0.0,1.0,0.0,0.0,0.0,0.0,1.0,1.0,567.0,54.0,54.0,54.0,0.0,54.0,83362614.671178,9.5,10.392304845413264,0.0,0.0,0.0,141.55,DDoS-SynonymousIP_Flood,1
0.0,0.0,1.0,64.0,0.9911657003068278,0.9911657003068278,0.0,0.0,0.0,0.0,0.0,0.0,0.0,0.0,0.0,0.0,0.0,0.0,0.0,0.0,0.0,0.0,0.0,0.0,0.0,0.0,0.0,0.0,0.0,0.0,1.0,1.0,1.0,441.0,42.0,42.0,42.0,0.0,42.0,83128862.51563047,9.5,9.16515138991168,0.0,0.0,0.0,141.55,DDoS-ICMP_Flood,1
0.0,54.0,6.0,64.0,0.488296262353719,0.488296262353719,0.0,0.0,0.0,0.0,1.0,1.0,0.0,0.0,0.0,0.0,0.0,1.0,1.0,0.0,0.0,0.0,0.0,0.0,0.0,0.0,1.0,0.0,0.0,0.0,0.0,1.0,1.0,567.0,54.0,54.0,54.0,0.0,54.0,83331836.71899004,9.5,10.392304845413264,0.0,0.0,0.0,141.55,DDoS-PSHACK_Flood,1
16.311223649978636,108.0,6.0,64.0,0.1226149578732647,0.1226149578732647,0.0,0.0,0.0,0.0,0.0,0.0,0.0,0.0,0.0,0.0,0.0,0.0,0.0,0.0,0.0,0.0,0.0,0.0,0.0,0.0,1.0,0.0,0.0,0.0,0.0,1.0,1.0,567.0,54.0,54.0,54.0,0.0,54.0,82942908.90885514,9.5,10.392304845413264,0.0,0.0,0.0,141.55,DoS-TCP_Flood,1
0.0,53.46,5.94,63.36,48.0924104086199,48.0924104086199,0.0,0.0,1.0,0.0,0.0,0.0,0.0,0.0,0.0,0.99,0.0,0.0,0.0,0.0,0.0,0.0,0.0,0.0,0.0,0.0,1.0,0.0,0.0,0.0,0.0,1.0,1.0,567.06,54.0,54.06,54.003,0.013076696830622,54.06,82985481.83321515,9.5,10.392304845413264,0.0,0.0,0.0,141.55,DoS-SYN_Flood,1
0.0,0.0,1.0,64.0,15.008850047852292,15.008850047852292,0.0,0.0,0.0,0.0,0.0,0.0,0.0,0.0,0.0,0.0,0.0,0.0,0.0,0.0,0.0,0.0,0.0,0.0,0.0,0.0,0.0,0.0,0.0,0.0,1.0,1.0,1.0,441.0,42.0,42.0,42.0,0.0,42.0,83128160.53969535,9.5,9.16515138991168,0.0,0.0,0.0,141.55,DDoS-ICMP_Flood,1
0.0,54.0,6.0,64.0,8.833372436971597,8.833372436971597,0.0,0.0,1.0,0.0,0.0,0.0,0.0,0.0,0.0,1.0,0.0,0.0,0.0,0.0,0.0,0.0,0.0,0.0,0.0,0.0,1.0,0.0,0.0,0.0,0.0,1.0,1.0,567.0,54.0,54.0,54.0,0.0,54.0,83093382.9710568,9.5,10.392304845413264,0.0,0.0,0.0,141.55,DDoS-SYN_Flood,1
0.0,54.0,6.0,64.0,3.497267662360528,3.497267662360528,0.0,0.0,1.0,0.0,0.0,0.0,0.0,0.0,0.0,1.0,0.0,0.0,0.0,0.0,0.0,0.0,0.0,0.0,0.0,0.0,1.0,0.0,0.0,0.0,0.0,1.0,1.0,567.0,54.0,54.0,54.0,0.0,54.0,83093355.85118237,9.5,10.392304845413264,0.0,0.0,0.0,141.55,DDoS-SYN_Flood,1
0.0016696405410766,55.75,6.05,63.36,13.284075530571268,13.284075530571268,0.0,0.0,0.0,0.0,0.0,0.0,0.0,0.0,0.0,0.0,0.0,0.0,0.0,0.0,0.0,0.0,0.0,0.0,0.0,0.0,1.0,0.0,0.0,0.0,0.0,1.0,1.0,568.11,54.0,55.11,54.06289103698159,0.256030365318776,54.27,83033919.254169,9.5,10.398403108669577,0.3641251838678067,0.8388206751835625,0.11,141.55,DDoS-TCP_Flood,1
3.697340111732483,108.0,6.0,64.0,0.5461706729190527,0.5461706729190527,0.0,0.0,1.0,0.0,0.0,0.0,0.0,0.0,0.0,2.0,0.0,0.0,0.0,0.0,0.0,0.0,0.0,0.0,0.0,0.0,1.0,0.0,0.0,0.0,0.0,1.0,1.0,567.0,54.0,54.0,54.0,0.0,54.0,83362098.08619387,9.5,10.392304845413264,0.0,0.0,0.0,141.55,DDoS-SynonymousIP_Flood,1
0.0264410948753356,7975.0,17.0,64.0,5993.546268718279,5993.546268718279,0.0,0.0,0.0,0.0,0.0,0.0,0.0,0.0,0.0,0.0,0.0,0.0,0.0,0.0,0.0,0.0,0.0,0.0,0.0,0.0,0.0,1.0,0.0,0.0,0.0,1.0,1.0,525.0,50.0,50.0,50.0,0.0,50.0,83011556.84005576,9.5,10.0,0.0,0.0,0.0,141.55,DoS-UDP_Flood,1
0.0381214189529418,55.23,6.0,65.91,3.313306359612982,3.313306359612982,0.0,0.0,0.0,0.0,0.0,0.0,0.0,0.0,0.0,0.0,0.0,0.01,0.02,1.0,0.0,0.0,0.0,0.0,0.0,0.0,1.0,0.0,0.0,0.0,0.0,1.0,1.0,573.21,54.0,60.21,54.39872499546377,1.516272780054433,54.69,82926052.44880724,9.5,10.430065887941648,2.149555983549812,25.80903621669495,0.09,141.55,DoS-TCP_Flood,1
0.0,54.0,6.0,64.0,0.6121111743871822,0.6121111743871822,0.0,0.0,0.0,0.0,0.0,0.0,0.0,0.0,0.0,0.0,0.0,0.0,0.0,0.0,0.0,0.0,0.0,0.0,0.0,0.0,1.0,0.0,0.0,0.0,0.0,1.0,1.0,567.0,54.0,54.0,54.0,0.0,54.0,83067285.07312931,9.5,10.392304845413264,0.0,0.0,0.0,141.55,DDoS-TCP_Flood,1
0.0,0.0,1.0,64.0,1.640370937007343,1.640370937007343,0.0,0.0,0.0,0.0,0.0,0.0,0.0,0.0,0.0,0.0,0.0,0.0,0.0,0.0,0.0,0.0,0.0,0.0,0.0,0.0,0.0,0.0,0.0,0.0,1.0,1.0,1.0,441.0,42.0,42.0,42.0,0.0,42.0,83132492.53711519,9.5,9.16515138991168,0.0,0.0,0.0,141.55,DDoS-ICMP_Flood,1
16.491603899002076,371269.0,7.1,168.1,42.44647891653814,42.44647891653814,0.0,0.0,0.0,0.0,0.0,1.0,0.0,0.0,0.0,1.5,0.0,55.9,412.0,0.0,1.0,0.0,0.0,0.0,0.0,0.0,1.0,0.0,0.0,0.0,0.0,1.0,1.0,1205.0,54.0,200.4,77.1894389605922,35.57089266239204,84.8,166523361.5052663,13.5,12.422746499491389,50.44863057512451,1351.0842849831663,1.0,244.6,BenignTraffic,0
0.0,0.0,0.99,63.36,24.0923184734596,24.0923184734596,0.0,0.0,0.0,0.0,0.0,0.0,0.0,0.0,0.0,0.0,0.0,0.0,0.0,0.0,0.0,0.0,0.0,0.0,0.0,0.0,0.0,0.0,0.0,0.0,1.0,1.0,1.0,441.36,42.0,42.36,42.01847368421052,0.0794235285803645,42.18,83483260.60792895,9.5,9.167207189086543,0.1136842105263157,0.3231024930747923,0.02,141.55,DDoS-ICMP_Flood,1
0.0,54.0,6.0,64.0,2.748899602310116,2.748899602310116,0.0,0.0,1.0,0.0,0.0,0.0,0.0,0.0,0.0,1.0,0.0,0.0,0.0,0.0,1.0,0.0,0.0,0.0,0.0,0.0,1.0,0.0,0.0,0.0,0.0,1.0,1.0,567.0,54.0,54.0,54.0,0.0,54.0,83094017.26380709,9.5,10.392304845413264,0.0,0.0,0.0,141.55,DDoS-SYN_Flood,1
90.69056138992308,48563.2,10.4,77.0,14.995888602873682,14.995888602873682,0.0,0.0,0.0,0.0,0.0,1.0,0.0,0.0,0.5,1.0,0.0,161.3,330.7,0.0,0.0,0.0,0.0,0.0,0.0,0.0,1.0,0.0,0.0,0.0,0.0,1.0,1.0,593.4,50.0,247.6,93.04384920634922,66.15314773035416,117.1,0.0028989791870117,5.5,13.431153935037836,93.5546787139378,7344.623534375789,0.9,38.5,Other_Attack,1
0.0,54.0,6.0,65.91,1.3871263319976377,1.3871263319976377,0.0,0.0,0.0,0.0,1.0,1.0,0.0,0.0,0.0,0.0,0.01,0.99,1.0,0.0,0.0,0.0,0.0,0.0,0.0,0.0,1.0,0.0,0.0,0.0,0.0,1.0,1.0,567.0,54.0,54.0,54.0,0.0,54.0,83314691.65006195,9.5,10.392304845413264,0.0,0.0,0.0,141.55,DDoS-PSHACK_Flood,1
0.0011430978775024,5.58,46.4,65.22,36.50856635942323,36.50856635942323,0.0,0.0,0.0,0.0,0.0,0.0,0.0,0.0,0.0,0.0,0.0,0.0,0.0,0.0,0.0,0.0,0.0,0.0,0.0,0.0,0.0,0.0,0.0,0.0,0.0,1.0,1.0,5946.0,455.0,578.0,566.6459157638028,34.50374734540725,569.8,83663867.78463358,9.5,33.65819593699929,48.85773139156285,4126.171682284734,0.3,141.55,Other_Attack,1
0.0,54.0,6.0,64.0,183.23339376597272,183.23339376597272,0.0,0.0,0.0,0.0,0.0,0.0,0.0,0.0,0.0,0.0,0.0,0.0,0.0,0.0,0.0,0.0,0.0,0.0,0.0,0.0,1.0,0.0,0.0,0.0,0.0,1.0,1.0,567.0,54.0,54.0,54.0,0.0,54.0,83033940.43549785,9.5,10.392304845413264,0.0,0.0,0.0,141.55,DDoS-TCP_Flood,1
0.133488655090332,40565.48,16.72,63.36,9389.477793617163,9389.477793617163,0.0,0.0,0.0,0.0,0.0,0.0,0.0,0.0,0.0,0.03,0.0,0.05,0.14,0.0,0.0,0.0,0.0,0.0,0.0,0.0,0.0,1.0,0.0,0.0,0.0,1.0,1.0,619.07,50.0,143.57,56.34749503820054,23.31338205177574,60.31,83016493.40807943,9.5,10.535083630129552,33.04725801193193,3834.3441507345888,0.17,141.55,DoS-UDP_Flood,1
0.0,54.04,6.0,65.91,0.0,0.0,0.0,0.0,0.0,0.0,1.0,1.0,0.0,0.0,0.0,0.01,0.0,0.99,0.99,0.0,0.0,0.0,0.0,0.0,0.0,0.0,1.0,0.0,0.0,0.0,0.0,1.0,1.0,567.08,54.0,54.08,54.00410526315789,0.0176496730178587,54.04,83313720.79017515,9.5,10.392709609373885,0.0252631578947368,0.0159556786703601,0.02,141.55,DDoS-PSHACK_Flood,1
0.6012394905090332,908294.2,6.0,81.7,986.5804670499116,986.5804670499116,0.0,0.0,0.0,0.0,0.0,1.0,0.0,0.0,0.0,0.0,0.0,7.7,593.1,1.0,0.0,0.0,0.0,0.0,0.0,0.0,1.0,0.0,0.0,0.0,0.0,1.0,1.0,14602.2,1462.0,4533.2,2752.1920634920634,944.3279687354636,2299.6,0.0001954078674316,5.5,74.08508115812346,1335.4814207139286,1513730.5527669438,0.6,38.5,BenignTraffic,0
0.0,0.0,1.0,64.0,3.238974846866438,3.238974846866438,0.0,0.0,0.0,0.0,0.0,0.0,0.0,0.0,0.0,0.0,0.0,0.0,0.0,0.0,0.0,0.0,0.0,0.0,0.0,0.0,0.0,0.0,0.0,0.0,1.0,1.0,1.0,441.0,42.0,42.0,42.0,0.0,42.0,83127773.62661634,9.5,9.16515138991168,0.0,0.0,0.0,141.55,DDoS-ICMP_Flood,1
111.4788809776306,7902.7,8.2,90.1,17.878801572828728,17.878801572828728,0.0,0.0,0.0,0.0,0.0,1.0,0.0,0.0,0.6,1.1,0.1,34.5,54.6,0.0,0.0,0.0,0.0,0.0,0.0,0.0,1.0,0.0,0.0,0.0,0.0,1.0,1.0,8303.8,62.4,4410.0,548.9929273177803,1088.7449600926157,160.5,166516744.9846614,13.5,33.11918859775883,1542.8770675947812,1197863.9502441972,1.0,244.6,BenignTraffic,0
0.0,54.0,6.0,64.0,59.31362955001837,59.31362955001837,0.0,0.0,1.0,0.0,0.0,0.0,0.0,0.0,0.0,1.0,0.0,0.0,0.0,0.0,0.0,0.0,0.0,0.0,0.0,0.0,1.0,0.0,0.0,0.0,0.0,1.0,1.0,567.0,54.0,54.0,54.0,0.0,54.0,83093356.9823093,9.5,10.392304845413264,0.0,0.0,0.0,141.55,DDoS-SYN_Flood,1
0.0,54.0,6.0,64.0,0.0,0.0,0.0,0.0,0.0,0.0,0.0,0.0,0.0,0.0,0.0,0.0,0.0,0.0,0.0,0.0,0.0,0.0,0.0,0.0,0.0,0.0,1.0,0.0,0.0,0.0,0.0,1.0,1.0,567.0,54.0,54.0,54.0,0.0,54.0,83075912.27395912,9.5,10.392304845413264,0.0,0.0,0.0,141.55,DDoS-TCP_Flood,1
0.0,54.0,6.0,64.0,52.31501484271709,52.31501484271709,0.0,0.0,0.0,0.0,1.0,1.0,0.0,0.0,0.0,0.0,0.0,1.0,1.0,0.0,0.0,0.0,0.0,0.0,0.0,0.0,1.0,0.0,0.0,0.0,0.0,1.0,1.0,567.0,54.0,54.0,54.0,0.0,54.0,83313935.80265826,9.5,10.392304845413264,0.0,0.0,0.0,141.55,DDoS-PSHACK_Flood,1
0.0,54.0,6.0,64.0,0.8932553460992909,0.8932553460992909,0.0,1.0,0.0,1.0,0.0,0.0,0.0,0.0,1.0,0.0,1.0,0.0,0.0,0.0,0.0,0.0,0.0,0.0,0.0,0.0,1.0,0.0,0.0,0.0,0.0,1.0,1.0,567.0,54.0,54.0,54.0,0.0,54.0,83349320.44532879,9.5,10.392304845413264,0.0,0.0,0.0,141.55,DDoS-RSTFINFlood,1
0.0476326441764831,62.5,6.0,64.0,8.70259529266124,8.70259529266124,0.0,0.0,1.0,0.0,0.0,0.0,0.0,0.0,0.0,1.05,0.1,0.0,0.1,0.0,0.0,0.0,0.0,0.0,0.0,0.0,1.0,0.0,0.0,0.0,0.0,1.0,1.0,567.0,54.0,54.0,54.0,0.0,54.0,82973125.57685328,9.5,10.392304845413264,0.0,0.0,0.0,141.55,DoS-SYN_Flood,1
0.0632840728759765,35875.0,17.0,64.0,11333.574149934817,11333.574149934817,0.0,0.0,0.0,0.0,0.0,0.0,0.0,0.0,0.0,0.0,0.0,0.0,0.0,0.0,0.0,0.0,0.0,0.0,0.0,0.0,0.0,1.0,0.0,0.0,0.0,1.0,1.0,525.0,50.0,50.0,50.0,0.0,50.0,83033275.49611181,9.5,10.0,0.0,0.0,0.0,141.55,DoS-UDP_Flood,1
4.944569535255432,156.18,5.95,64.54,1.8149617848580888,1.8149617848580888,0.0,0.0,1.0,0.0,0.0,0.0,0.0,0.0,0.0,2.28,0.57,0.0,0.57,0.0,0.0,0.0,0.0,0.0,0.0,0.0,1.0,0.0,0.0,0.0,0.0,1.0,1.0,570.52,54.0,57.52,54.217592750730525,0.8452890087361721,54.44,82972613.6443067,9.5,10.413089726170494,1.1987494406353392,9.01602690937228,0.08,141.55,DoS-SYN_Flood,1
1.8931705474853515,139.7,6.11,63.84,1.9574319030104468,1.9574319030104468,0.0,0.0,1.0,0.0,0.0,0.0,0.0,0.0,0.0,2.55,0.0,0.0,0.0,0.0,0.0,0.0,0.0,0.0,0.0,0.0,1.0,0.0,0.0,0.0,0.0,1.0,1.0,566.88,53.88,54.0,53.99367251461988,0.0268121299636758,53.96,83361203.82079063,9.5,10.391685237786948,0.0382208287721708,0.0243507403987551,0.03,141.55,DDoS-SynonymousIP_Flood,1
0.0009946393966674,54.98,6.0,65.66,19.087259913146923,19.087259913146923,0.0,0.0,0.0,0.0,0.0,0.0,0.0,0.0,0.0,0.02,0.0,0.0,0.01,0.0,0.0,0.0,0.0,0.0,0.0,0.0,1.0,0.0,0.0,0.0,0.0,1.0,1.0,568.8,54.0,55.8,54.11557246245327,0.4394993565375166,54.2,83071583.02248792,9.5,10.403408872989578,0.6230597053767569,2.1683710326985888,0.09,141.55,DDoS-TCP_Flood,1
2.604869174957275,4869057.0,6.0,247.0,1644.0376482955253,1644.0376482955253,0.0,0.0,0.0,0.0,1.0,1.0,0.0,0.0,0.0,0.0,0.0,1520.5,4282.5,0.0,1.0,0.0,0.0,0.0,0.0,0.0,1.0,0.0,0.0,0.0,0.0,1.0,1.0,42435.0,1494.0,2922.0,2730.998887253098,483.10755049832113,2922.0,166603811.57758388,13.5,73.89354953477928,684.6091287073181,235758.94917713944,1.0,244.6,Other_Attack,1
0.0556978559494018,29402.5,16.2,73.55,10549.37871604575,10549.37871604575,0.0,0.0,0.0,0.0,0.0,0.0,0.0,0.0,0.0,0.0,0.0,0.0,0.0,0.0,0.0,0.0,0.0,0.0,0.0,0.0,0.0,1.0,0.0,0.0,0.0,1.0,1.0,537.0,50.6,54.4,51.689170110075686,1.566162745277988,51.0,83012443.03509049,9.5,10.159213765953924,2.195335037088894,13.131747027293018,0.19,141.55,DoS-UDP_Flood,1
0.3666169118881225,151623.5,16.67,65.91,435.7708431267659,435.7708431267659,0.0,0.0,0.0,0.0,0.0,0.0,0.0,0.0,0.01,0.02,0.0,0.0,0.05,0.0,0.0,0.0,0.0,0.0,0.0,0.0,0.0,0.0,0.0,0.0,0.0,1.0,1.0,9848.91,376.71,1502.48,965.3254722536236,546.4264777945647,903.95,83370253.5733197,9.5,43.82791136518693,772.8193246812177,314455.8404056273,0.95,141.55,Other_Attack,1
0.0,54.0,6.0,64.0,1.946214471921874,1.946214471921874,0.0,0.0,0.0,0.0,1.0,1.0,0.0,0.0,0.0,0.0,0.0,1.0,1.0,0.0,0.0,0.0,0.0,0.0,0.0,0.0,1.0,0.0,0.0,0.0,0.0,1.0,1.0,567.0,54.0,54.0,54.0,0.0,54.0,83314517.5794776,9.5,10.392304845413264,0.0,0.0,0.0,141.55,DDoS-PSHACK_Flood,1
0.0,54.0,6.0,64.0,0.5219567779183238,0.5219567779183238,0.0,0.0,0.0,0.0,0.0,0.0,0.0,0.0,0.0,0.0,0.0,0.0,0.0,0.0,0.0,0.0,0.0,0.0,0.0,0.0,1.0,0.0,0.0,0.0,0.0,1.0,1.0,567.0,54.0,54.0,54.0,0.0,54.0,83075957.87203851,9.5,10.392304845413264,0.0,0.0,0.0,141.55,DDoS-TCP_Flood,1
4.900048491954803,105.84,5.89,63.36,0.3999978386412986,0.3999978386412986,0.0,0.0,0.0,0.0,1.0,1.0,0.0,0.0,0.0,0.0,0.0,1.96,1.96,0.0,0.0,0.0,0.0,0.0,0.0,0.0,1.0,0.0,0.0,0.0,0.0,1.0,1.0,573.72,54.0,60.72,54.584496677213394,1.8536054268958613,54.5,83331724.83609208,9.5,10.447578539618975,2.625178320772378,22.96231597448843,0.17,141.55,DDoS-PSHACK_Flood,1
0.0,54.0,6.0,64.0,3.807447729520922,3.807447729520922,0.0,0.0,0.0,0.0,0.0,0.0,0.0,0.0,0.0,0.0,0.0,0.0,0.0,0.0,0.0,0.0,0.0,0.0,0.0,0.0,1.0,0.0,0.0,0.0,0.0,1.0,1.0,567.0,54.0,54.0,54.0,0.0,54.0,82950672.9153161,9.5,10.392304845413264,0.0,0.0,0.0,141.55,DoS-TCP_Flood,1
0.0,54.0,6.0,64.0,2.522316129024498,2.522316129024498,0.0,0.0,1.0,0.0,0.0,0.0,0.0,0.0,0.0,1.0,0.0,0.0,0.0,1.0,0.0,0.0,0.0,0.0,0.0,0.0,1.0,0.0,0.0,0.0,0.0,1.0,1.0,567.0,54.0,54.0,54.0,0.0,54.0,83089231.34020922,9.5,10.392304845413264,0.0,0.0,0.0,141.55,DDoS-SYN_Flood,1
0.0,0.0,1.0,64.0,12.820834638809709,12.820834638809709,0.0,0.0,0.0,0.0,0.0,0.0,0.0,0.0,0.0,0.0,0.0,0.0,0.0,0.0,0.0,0.0,0.0,0.0,0.0,0.0,0.0,0.0,0.0,0.0,1.0,1.0,1.0,441.0,42.0,42.0,42.0,0.0,42.0,83128119.3814326,9.5,9.16515138991168,0.0,0.0,0.0,141.55,DDoS-ICMP_Flood,1
0.0,54.0,6.0,64.0,4.051011617080626,4.051011617080626,0.0,0.0,0.0,0.0,0.0,0.0,0.0,0.0,0.0,0.0,0.16,0.0,0.16,1.0,0.0,0.0,0.0,0.0,0.0,0.0,1.0,0.0,0.0,0.0,0.0,1.0,1.0,567.0,54.0,54.0,54.0,0.0,54.0,82925084.87332107,9.5,10.392304845413264,0.0,0.0,0.0,141.55,DoS-TCP_Flood,1
0.4140885329246521,53776.5,7.32,64.11,93.36238546926911,93.36238546926911,0.0,0.0,1.0,0.0,0.0,0.0,0.0,0.0,0.0,0.87,0.0,0.2,0.47,0.0,0.0,0.0,0.0,0.0,0.0,0.0,1.0,0.0,0.0,0.0,0.0,1.0,1.0,2146.8,54.0,509.88,201.4006452221669,194.44272912655816,214.68,83090108.73134592,9.5,17.16532031894763,274.6061453946901,112685.26360437108,0.42,141.55,DDoS-SYN_Flood,1
0.0,54.0,6.0,64.0,1.7274622466419367,1.7274622466419367,0.0,0.0,0.0,0.0,0.0,0.0,0.0,0.0,0.0,0.0,0.0,0.0,0.0,0.0,0.0,0.0,0.0,0.0,0.0,0.0,1.0,0.0,0.0,0.0,0.0,1.0,1.0,567.0,54.0,54.0,54.0,0.0,54.0,82955813.25209023,9.5,10.392304845413264,0.0,0.0,0.0,141.55,DoS-TCP_Flood,1
0.0,54.0,6.0,64.0,16.559426423675813,16.559426423675813,0.0,0.0,0.0,0.0,0.0,0.0,0.0,0.0,0.0,0.0,0.0,0.0,0.0,0.0,0.0,0.0,0.0,0.0,0.0,0.0,1.0,0.0,0.0,0.0,0.0,1.0,1.0,567.0,54.0,54.0,54.0,0.0,54.0,82950685.70002782,9.5,10.392304845413264,0.0,0.0,0.0,141.55,DoS-TCP_Flood,1
0.0833062148094177,23086.5,17.0,64.0,7890.060800180775,7890.060800180775,0.0,0.0,0.0,0.0,0.0,0.0,0.0,0.0,0.0,0.0,0.0,0.0,0.0,0.0,0.0,0.0,0.0,0.0,0.0,0.0,0.0,1.0,0.0,0.0,0.0,1.0,1.0,525.0,50.0,50.0,50.0,0.0,50.0,83102345.68452728,9.5,10.0,0.0,0.0,0.0,141.55,DDoS-UDP_Flood,1
0.0029749202728271,58.89,6.0,64.0,3.9561796255940873,3.9561796255940873,0.0,0.0,0.0,0.0,0.0,0.0,0.0,0.0,0.0,0.02,0.0,0.01,0.03,0.0,0.0,0.0,0.0,0.0,0.0,0.0,1.0,0.0,0.0,0.0,0.0,1.0,1.0,586.37,54.0,72.53,55.15764699975807,4.375508075259129,56.75,83067535.13605797,9.5,10.496917050471264,6.207670674267813,272.0671850179692,0.08,141.55,DDoS-TCP_Flood,1
0.0005189299583435,6.88,46.18,63.79,73.77182367294039,73.77182367294039,0.0,0.0,0.0,0.0,0.0,0.0,0.0,0.0,0.0,0.0,0.0,0.02,0.03,0.0,0.0,0.0,0.0,0.0,0.0,0.0,0.0,0.0,0.0,0.0,0.0,1.0,1.0,5996.86,509.88,578.0,572.5024768136491,17.975230661420955,572.09,83647378.28540117,9.5,33.83456264373269,25.459914746736043,2534.39120510187,0.13,141.55,Other_Attack,1
4.186473274230957,8817067.4,6.0,247.0,1689.8471095644804,1689.8471095644804,0.0,0.0,0.0,0.0,1.0,1.0,0.0,0.0,0.0,0.0,0.0,2827.1,7074.5,0.0,1.0,0.0,0.0,0.0,0.0,0.0,1.0,0.0,0.0,0.0,0.0,1.0,1.0,15197.4,86.0,2922.0,942.2250334598324,1120.5218122352203,2208.0,166603813.7915437,13.5,42.88711349016573,1578.9544691011256,1254457.221247168,1.0,244.6,Other_Attack,1
4.680650637149811,108.0,6.0,64.0,0.4272910511277347,0.4272910511277347,0.0,0.0,1.0,0.0,0.0,0.0,0.0,0.0,0.0,2.0,0.0,0.0,0.0,0.0,0.0,0.0,0.0,0.0,0.0,0.0,1.0,0.0,0.0,0.0,0.0,1.0,1.0,567.0,54.0,54.0,54.0,0.0,54.0,83361320.43097277,9.5,10.392304845413264,0.0,0.0,0.0,141.55,DDoS-SynonymousIP_Flood,1
0.0,54.0,6.0,64.0,5.306122345707905,5.306122345707905,0.0,0.0,0.0,0.0,0.0,0.0,0.0,0.0,0.0,0.0,0.0,0.0,0.0,0.0,0.0,0.0,0.0,0.0,0.0,0.0,1.0,0.0,0.0,0.0,0.0,1.0,1.0,567.0,54.0,54.0,54.0,0.0,54.0,83067509.91046952,9.5,10.392304845413264,0.0,0.0,0.0,141.55,DDoS-TCP_Flood,1
5.000650155544281,108.0,6.0,64.0,0.3999480565600337,0.3999480565600337,0.0,0.0,0.0,0.0,0.0,0.0,0.0,0.0,0.0,0.0,0.0,0.0,0.0,0.0,0.0,0.0,0.0,0.0,0.0,0.0,1.0,0.0,0.0,0.0,0.0,1.0,1.0,567.0,54.0,54.0,54.0,0.0,54.0,82943418.82952365,9.5,10.392304845413264,0.0,0.0,0.0,141.55,DoS-TCP_Flood,1
4.508051884174347,108.0,6.0,64.0,0.443650622510078,0.443650622510078,0.0,0.0,0.0,0.0,0.0,0.0,0.0,0.0,0.0,0.0,0.0,0.0,0.0,0.0,0.0,0.0,0.0,0.0,0.0,0.0,1.0,0.0,0.0,0.0,0.0,1.0,1.0,567.0,54.0,54.0,54.0,0.0,54.0,82955889.20382056,9.5,10.392304845413264,0.0,0.0,0.0,141.55,DoS-TCP_Flood,1
0.0,54.0,6.0,64.0,28.624677345482223,28.624677345482223,0.0,0.0,1.0,0.0,0.0,0.0,0.0,0.0,0.0,1.0,0.0,0.0,0.0,0.0,0.0,0.0,0.0,0.0,0.0,0.0,1.0,0.0,0.0,0.0,0.0,1.0,1.0,567.0,54.0,54.0,54.0,0.0,54.0,83093230.38363376,9.5,10.392304845413264,0.0,0.0,0.0,141.55,DDoS-SYN_Flood,1
0.0,54.0,6.0,64.0,6.183413220793085,6.183413220793085,0.0,0.0,1.0,0.0,0.0,0.0,0.0,0.0,0.0,1.0,0.0,0.0,0.0,0.0,0.0,0.0,0.0,0.0,0.0,0.0,1.0,0.0,0.0,0.0,0.0,1.0,1.0,567.0,54.0,54.0,54.0,0.0,54.0,82972715.85184082,9.5,10.392304845413264,0.0,0.0,0.0,141.55,DoS-SYN_Flood,1
0.0791768860816955,34232.0,16.83,63.36,9263.75034007353,9263.75034007353,0.0,0.0,0.0,0.0,0.0,0.0,0.0,0.0,0.0,0.0,0.0,0.0,0.0,0.0,0.0,0.0,0.0,0.0,0.0,0.0,0.0,1.0,0.0,0.0,0.0,1.0,1.0,527.0,50.1,52.0,50.35977396571437,0.5956987489431146,50.1,83101913.09070492,9.5,10.035259567536588,0.8432021271976141,2.003937909075534,0.19,141.55,DDoS-UDP_Flood,1
0.0497994518280029,42325.0,17.0,64.0,16994.06980471422,16994.06980471422,0.0,0.0,0.0,0.0,0.0,0.0,0.0,0.0,0.0,0.0,0.0,0.0,0.0,0.0,0.0,0.0,0.0,0.0,0.0,0.0,0.0,1.0,0.0,0.0,0.0,1.0,1.0,525.0,50.0,50.0,50.0,0.0,50.0,83028642.67844512,9.5,10.0,0.0,0.0,0.0,141.55,DoS-UDP_Flood,1
0.0,0.0,1.0,64.0,25.689766793758707,25.689766793758707,0.0,0.0,0.0,0.0,0.0,0.0,0.0,0.0,0.0,0.0,0.0,0.0,0.0,0.0,0.0,0.0,0.0,0.0,0.0,0.0,0.0,0.0,0.0,0.0,1.0,1.0,1.0,441.0,42.0,42.0,42.0,0.0,42.0,83150127.4170642,9.5,9.16515138991168,0.0,0.0,0.0,141.55,DDoS-ICMP_Flood,1
0.0121619486808776,4.84,1.16,64.59,2.8731066973299404,2.8731066973299404,0.0,0.0,0.0,0.0,0.0,0.0,0.0,0.0,0.0,0.0,0.0,0.0,0.0,0.0,0.0,0.0,0.0,0.0,0.0,0.0,0.0,0.0,0.0,0.0,1.0,1.0,1.0,442.26,42.0,43.26,42.063,0.2746106334430624,43.26,83149433.990976,9.5,9.16515138991168,0.0,0.0,0.0,141.55,DDoS-ICMP_Flood,1
17.58130326271057,777821.4,8.2,146.7,39.63638758468913,39.63638758468913,0.0,0.0,0.0,0.0,0.0,1.0,0.0,0.0,0.0,0.0,0.0,75.2,788.5,0.0,1.0,0.0,0.0,0.0,0.0,0.0,1.0,0.0,0.0,0.0,0.0,1.0,1.0,12001.9,66.0,1474.0,791.1482065848668,688.2189765433977,488.6,166612310.212731,13.5,39.782041405030114,973.9811419687746,474366.95807666855,1.0,244.6,Other_Attack,1
0.0,54.0,6.0,64.0,4.836178542829189,4.836178542829189,0.0,0.0,0.0,0.0,0.0,0.0,0.0,0.0,0.0,0.0,0.0,0.0,0.0,0.0,0.0,0.0,0.0,0.0,0.0,0.0,1.0,0.0,0.0,0.0,0.0,1.0,1.0,567.0,54.0,54.0,54.0,0.0,54.0,82951159.7871025,9.5,10.392304845413264,0.0,0.0,0.0,141.55,DoS-TCP_Flood,1
0.0,54.0,6.0,64.0,932067.5555555556,932067.5555555556,0.0,1.0,0.0,1.0,0.0,0.0,0.0,0.0,1.0,0.0,1.0,0.0,0.0,0.0,0.0,0.0,0.0,0.0,0.0,0.0,1.0,0.0,0.0,0.0,0.0,1.0,1.0,567.0,54.0,54.0,54.0,0.0,54.0,83349150.57195868,9.5,10.392304845413264,0.0,0.0,0.0,141.55,DDoS-RSTFINFlood,1
0.0,54.0,6.0,64.0,0.6708287877607729,0.6708287877607729,0.0,0.0,1.0,0.0,0.0,0.0,0.0,0.0,0.0,1.0,0.0,0.0,0.0,0.0,0.0,0.0,0.0,0.0,0.0,0.0,1.0,0.0,0.0,0.0,0.0,1.0,1.0,567.0,54.0,54.0,54.0,0.0,54.0,83487480.09407587,9.5,10.392304845413264,0.0,0.0,0.0,141.55,DDoS-SYN_Flood,1
4.122587594985962,108.0,6.0,64.0,0.4851322188021358,0.4851322188021358,0.0,0.0,0.0,0.0,0.0,0.0,0.0,0.0,0.0,0.0,0.0,0.0,0.0,0.0,0.0,0.0,0.0,0.0,0.0,0.0,1.0,0.0,0.0,0.0,0.0,1.0,1.0,567.0,54.0,54.0,54.0,0.0,54.0,82951101.11649027,9.5,10.392304845413264,0.0,0.0,0.0,141.55,DoS-TCP_Flood,1
0.0,81.0,6.0,64.0,7.036016500896526,7.036016500896526,0.0,0.0,0.0,0.0,0.0,0.0,0.0,0.0,0.0,0.0,0.0,0.0,0.0,0.0,0.0,0.0,0.0,0.0,0.0,0.0,1.0,0.0,0.0,0.0,0.0,1.0,1.0,567.0,54.0,54.0,54.0,0.0,54.0,82925794.75004357,9.5,10.392304845413264,0.0,0.0,0.0,141.55,DoS-TCP_Flood,1
0.25126629114151,178.72,1.6,68.29,4.652995814470552,4.652995814470552,0.0,0.0,0.0,0.0,0.0,0.0,0.0,0.0,0.07,0.08,0.0,0.43,0.84,0.0,0.0,0.0,0.0,0.0,0.0,0.0,0.0,0.0,0.0,0.0,1.0,1.0,1.0,8628.2,258.57,1417.82,811.9526944088334,525.1116010363065,853.37,83249014.62868334,9.5,39.35705819199548,742.8602966694723,306144.4577000775,0.95,141.55,Other_Attack,1
0.0,55.6,6.11,65.91,36.83705570827589,36.83705570827589,0.0,0.0,0.0,0.0,0.0,0.0,0.0,0.0,0.0,0.0,0.0,0.0,0.0,0.0,0.0,0.0,0.0,0.0,0.0,0.0,1.0,0.0,0.0,0.0,0.0,1.0,1.0,573.4,54.0,60.4,54.347217062263496,1.4489557867823266,55.6,83037680.85501842,9.5,10.424844824965746,2.0612429626037634,53.13419501863111,0.04,141.55,DDoS-TCP_Flood,1
0.0,54.0,6.0,64.0,4.16560816674136,4.16560816674136,0.0,0.0,1.0,0.0,0.0,0.0,0.0,0.0,0.0,1.0,0.0,0.0,0.0,0.0,0.0,0.0,0.0,0.0,0.0,0.0,1.0,0.0,0.0,0.0,0.0,1.0,1.0,567.0,54.0,54.0,54.0,0.0,54.0,83089740.1602019,9.5,10.392304845413264,0.0,0.0,0.0,141.55,DDoS-SYN_Flood,1
0.0,0.0,1.0,64.0,34.95034893652479,34.95034893652479,0.0,0.0,0.0,0.0,0.0,0.0,0.0,0.0,0.0,0.0,0.0,0.0,0.0,0.0,0.0,0.0,0.0,0.0,0.0,0.0,0.0,0.0,0.0,0.0,1.0,1.0,1.0,441.0,42.0,42.0,42.0,0.0,42.0,83149506.8344488,9.5,9.16515138991168,0.0,0.0,0.0,141.55,DDoS-ICMP_Flood,1
0.0,54.0,6.0,64.0,39.844736487115526,39.844736487115526,0.0,0.0,0.0,0.0,0.0,0.0,0.0,0.0,0.0,0.0,0.0,0.0,0.0,0.0,0.0,0.0,0.0,0.0,0.0,0.0,1.0,0.0,0.0,0.0,0.0,1.0,1.0,567.0,54.0,54.0,54.0,0.0,54.0,83034136.90909858,9.5,10.392304845413264,0.0,0.0,0.0,141.55,DDoS-TCP_Flood,1
0.0,0.0,1.0,64.0,1.9932131591481268,1.9932131591481268,0.0,0.0,0.0,0.0,0.0,0.0,0.0,0.0,0.0,0.0,0.0,0.0,0.0,0.0,0.0,0.0,0.0,0.0,0.0,0.0,0.0,0.0,0.0,0.0,1.0,1.0,1.0,441.0,42.0,42.0,42.0,0.0,42.0,83128973.17033778,9.5,9.16515138991168,0.0,0.0,0.0,141.55,DDoS-ICMP_Flood,1
0.269891185760498,16075.0,17.0,64.0,1645.8536048818542,1645.8536048818542,0.0,0.0,0.0,0.0,0.0,0.0,0.0,0.0,0.0,0.0,0.0,0.0,0.0,0.0,0.0,0.0,0.0,0.0,0.0,0.0,0.0,1.0,0.0,0.0,0.0,1.0,1.0,525.0,50.0,50.0,50.0,0.0,50.0,83123623.41532102,9.5,10.0,0.0,0.0,0.0,141.55,DDoS-UDP_Flood,1
0.0,54.0,6.0,64.0,26.651738369303803,26.651738369303803,0.0,0.0,0.0,0.0,0.0,0.0,0.0,0.0,0.0,0.0,0.0,0.0,0.0,0.0,0.0,0.0,0.0,0.0,0.0,0.0,1.0,0.0,0.0,0.0,0.0,1.0,1.0,567.0,54.0,54.0,54.0,0.0,54.0,82946361.12641406,9.5,10.392304845413264,0.0,0.0,0.0,141.55,DoS-TCP_Flood,1
0.0,0.0,1.0,64.0,262.4720901126408,262.4720901126408,0.0,0.0,0.0,0.0,0.0,0.0,0.0,0.0,0.0,0.0,0.0,0.0,0.0,0.0,0.0,0.0,0.0,0.0,0.0,0.0,0.0,0.0,0.0,0.0,1.0,1.0,1.0,441.0,42.0,42.0,42.0,0.0,42.0,83149343.53926963,9.5,9.16515138991168,0.0,0.0,0.0,141.55,DDoS-ICMP_Flood,1
0.0627460074424743,58.98,6.0,64.0,1.9131476405106456,1.9131476405106456,0.0,0.0,1.0,0.0,0.0,0.0,0.0,0.0,0.0,1.03,0.06,0.0,0.06,0.0,0.0,0.0,0.0,0.0,0.0,0.0,1.0,0.0,0.0,0.0,0.0,1.0,1.0,567.0,54.0,54.0,54.0,0.0,54.0,82985626.03814808,9.5,10.392304845413264,0.0,0.0,0.0,141.55,DoS-SYN_Flood,1
0.0,54.0,6.0,64.0,2.40343851310713,2.40343851310713,0.0,0.0,0.0,0.0,1.0,1.0,0.0,0.0,0.0,0.0,0.0,1.0,1.0,0.0,0.0,0.0,0.0,0.0,0.0,0.0,1.0,0.0,0.0,0.0,0.0,1.0,1.0,567.0,54.0,54.0,54.0,0.0,54.0,83331244.0512726,9.5,10.392304845413264,0.0,0.0,0.0,141.55,DDoS-PSHACK_Flood,1
0.0,54.0,6.0,64.0,3.025276248025341,3.025276248025341,0.0,0.0,0.0,0.0,1.0,1.0,0.0,0.0,0.0,0.0,0.0,1.0,1.0,0.0,0.0,0.0,0.0,0.0,0.0,0.0,1.0,0.0,0.0,0.0,0.0,1.0,1.0,567.0,54.0,54.0,54.0,0.0,54.0,83330866.92549016,9.5,10.392304845413264,0.0,0.0,0.0,141.55,DDoS-PSHACK_Flood,1
0.1927377438545227,35244.74,16.89,64.0,3657.869067798121,3657.869067798121,0.0,0.0,0.0,0.0,0.0,0.0,0.0,0.0,0.0,0.01,0.0,0.0,0.0,0.0,0.0,0.0,0.0,0.0,0.0,0.0,0.0,1.0,0.0,0.0,0.0,1.0,1.0,528.36,50.0,53.36,50.275457517714464,0.9071741449195028,50.24,83028603.5818649,9.5,10.027313474337037,1.2847544848279595,6.021082356275076,0.14,141.55,DoS-UDP_Flood,1
0.0,54.0,6.0,64.0,0.397562852842264,0.397562852842264,0.0,0.0,1.0,0.0,0.0,0.0,0.0,0.0,0.0,1.0,0.0,0.0,0.0,0.0,0.0,0.0,0.0,0.0,0.0,0.0,1.0,0.0,0.0,0.0,0.0,1.0,1.0,567.0,54.0,54.0,54.0,0.0,54.0,83090088.71899334,9.5,10.392304845413264,0.0,0.0,0.0,141.55,DDoS-SYN_Flood,1
0.0,0.0,0.98,62.72,2.048469857771331,2.048469857771331,0.0,0.0,0.0,0.0,0.0,0.0,0.0,0.0,0.0,0.0,0.0,0.0,0.0,0.0,0.0,0.0,0.0,0.0,0.0,0.0,0.0,0.0,0.0,0.0,1.0,1.0,1.0,443.34,42.0,43.26,42.13748098186643,0.3908780190305249,42.36,83483211.47211416,9.5,9.18007678470772,0.5545394647058424,2.2103098482557435,0.07,141.55,DDoS-ICMP_Flood,1
0.0,54.0,6.0,64.0,12.26768763244062,12.26768763244062,0.0,0.0,0.0,0.0,1.0,1.0,0.0,0.0,0.0,0.0,0.0,1.0,1.0,0.0,0.0,0.0,0.0,0.0,0.0,0.0,1.0,0.0,0.0,0.0,0.0,1.0,1.0,567.0,54.0,54.0,54.0,0.0,54.0,83331325.16826735,9.5,10.392304845413264,0.0,0.0,0.0,141.55,DDoS-PSHACK_Flood,1
0.0,54.0,6.0,64.0,7.824753422975504,7.824753422975504,0.0,0.0,1.0,0.0,0.0,0.0,0.0,0.0,0.0,1.0,0.0,0.0,0.0,0.0,0.0,0.0,0.0,0.0,0.0,0.0,1.0,0.0,0.0,0.0,0.0,1.0,1.0,567.0,54.0,54.0,54.0,0.0,54.0,82981003.56417236,9.5,10.392304845413264,0.0,0.0,0.0,141.55,DoS-SYN_Flood,1
0.0,54.0,6.0,64.0,3.869279373580107,3.869279373580107,0.0,0.0,0.0,0.0,1.0,1.0,0.0,0.0,0.0,0.0,0.0,1.0,1.0,0.0,0.0,0.0,0.0,0.0,0.0,0.0,1.0,0.0,0.0,0.0,0.0,1.0,1.0,567.0,54.0,54.0,54.0,0.0,54.0,83331185.13083811,9.5,10.392304845413264,0.0,0.0,0.0,141.55,DDoS-PSHACK_Flood,1
1.7838153839111328,6682.2,10.4,72.3,42.82958698054699,42.82958698054699,0.0,0.0,0.0,0.0,0.0,0.0,0.0,0.0,0.3,0.2,0.1,10.5,25.3,0.0,0.0,0.0,0.0,0.0,0.0,0.0,1.0,0.0,0.0,0.0,0.0,1.0,1.0,1088.6,50.0,134.6,69.55210707378278,20.46254045116898,87.4,166430776.1992057,13.5,11.799657690945692,29.009975704627248,538.9373931512912,1.0,244.6,Other_Attack,1
0.0,54.0,6.0,64.0,58.11740416658007,58.11740416658007,0.0,1.0,0.0,1.0,0.0,0.0,0.0,0.0,1.0,0.0,1.0,0.0,0.0,0.0,0.0,0.0,0.0,0.0,0.0,0.0,1.0,0.0,0.0,0.0,0.0,1.0,1.0,567.0,54.0,54.0,54.0,0.0,54.0,83344958.70732297,9.5,10.392304845413264,0.0,0.0,0.0,141.55,DDoS-RSTFINFlood,1
0.0,54.12,6.0,65.91,76.58101680679941,76.58101680679941,0.0,0.0,1.0,0.0,0.0,0.0,0.0,0.0,0.0,0.98,0.0,0.0,0.02,0.0,0.0,0.0,0.0,0.0,0.0,0.0,1.0,0.0,0.0,0.0,0.0,1.0,1.0,569.28,54.0,56.28,54.31172875885724,0.7148384987317374,54.12,82980886.35289027,9.5,10.42196229097196,1.0118425526371368,2.8856705890687686,0.19,141.55,DoS-SYN_Flood,1
0.0,54.0,6.0,64.0,40.4733188803901,40.4733188803901,0.0,0.0,0.0,0.0,1.0,1.0,0.0,0.0,0.0,0.0,0.0,1.0,1.0,0.0,0.0,0.0,0.0,0.0,0.0,0.0,1.0,0.0,0.0,0.0,0.0,1.0,1.0,567.0,54.0,54.0,54.0,0.0,54.0,83314305.55580623,9.5,10.392304845413264,0.0,0.0,0.0,141.55,DDoS-PSHACK_Flood,1
0.0,54.0,6.0,64.0,4.5435503593412685,4.5435503593412685,0.0,0.0,0.0,0.0,0.0,0.0,0.0,0.0,0.0,0.0,0.0,0.0,0.0,0.0,0.0,0.0,0.0,0.0,0.0,0.0,1.0,0.0,0.0,0.0,0.0,1.0,1.0,567.0,54.0,54.0,54.0,0.0,54.0,83033541.06668118,9.5,10.392304845413264,0.0,0.0,0.0,141.55,DDoS-TCP_Flood,1
31.77060735225677,685503.2,7.1,63.6,84.03697979998314,84.03697979998314,0.0,0.0,0.0,0.0,0.0,1.0,0.0,0.0,0.0,1.4,0.0,183.0,917.4,0.0,1.0,0.0,0.0,0.0,0.0,0.0,1.0,0.0,0.0,0.0,0.0,1.0,1.0,19872.0,66.0,2962.0,1284.327790288487,1057.911757096199,1142.7,166520330.0065663,13.5,50.78270759896963,1495.6916560293175,1124018.638691314,1.0,244.6,BenignTraffic,0
0.0,0.0,1.0,64.0,122.36139798121243,122.36139798121243,0.0,0.0,0.0,0.0,0.0,0.0,0.0,0.0,0.0,0.0,0.0,0.0,0.0,0.0,0.0,0.0,0.0,0.0,0.0,0.0,0.0,0.0,0.0,0.0,1.0,1.0,1.0,441.0,42.0,42.0,42.0,0.0,42.0,83149688.67772189,9.5,9.16515138991168,0.0,0.0,0.0,141.55,DDoS-ICMP_Flood,1
0.0,54.0,6.0,64.0,12.961796627536309,12.961796627536309,0.0,0.0,0.0,0.0,0.0,0.0,0.0,0.0,0.0,0.0,0.0,0.0,0.0,1.0,0.0,0.0,0.0,0.0,0.0,0.0,1.0,0.0,0.0,0.0,0.0,1.0,1.0,567.0,54.0,54.0,54.0,0.0,54.0,83068393.07635306,9.5,10.392304845413264,0.0,0.0,0.0,141.55,DDoS-TCP_Flood,1
0.0004819989204406,54.4,5.95,64.32,481.1299250745012,481.1299250745012,0.0,0.0,0.0,0.0,0.0,0.0,0.0,0.0,0.0,0.02,0.0,0.0,0.01,0.0,0.0,0.0,0.0,0.0,0.0,0.0,1.0,0.0,0.0,0.0,0.0,1.0,1.0,571.68,54.0,57.28,54.28265239267097,0.8335092689859797,54.64,82951092.93291882,9.5,10.41920497568058,1.1821733486719532,9.054672122871407,0.08,141.55,DoS-TCP_Flood,1
0.0,182.0,17.0,64.0,9.35065504195356,9.35065504195356,0.0,0.0,0.0,0.0,0.0,0.0,0.0,0.0,0.0,0.0,0.0,0.0,0.0,0.0,0.0,0.0,0.0,0.0,0.0,0.0,0.0,1.0,0.0,0.0,0.0,1.0,1.0,1911.0,182.0,182.0,182.0,0.0,182.0,83006950.74620841,9.5,19.078784028338912,0.0,0.0,0.0,141.55,DoS-UDP_Flood,1
0.0,54.0,6.0,64.0,0.6562923110825405,0.6562923110825405,0.0,0.0,1.0,0.0,0.0,0.0,0.0,0.0,0.0,1.0,0.0,0.0,0.0,0.0,0.0,0.0,0.0,0.0,0.0,0.0,1.0,0.0,0.0,0.0,0.0,1.0,1.0,567.0,54.0,54.0,54.0,0.0,54.0,83487481.66307877,9.5,10.392304845413264,0.0,0.0,0.0,141.55,DDoS-SYN_Flood,1
0.0,54.0,6.0,64.0,0.0,0.0,0.0,0.0,0.0,0.0,0.0,0.0,0.0,0.0,0.0,0.0,0.0,0.0,0.0,0.0,0.0,0.0,0.0,0.0,0.0,0.0,1.0,0.0,0.0,0.0,0.0,1.0,1.0,567.0,54.0,54.0,54.0,0.0,54.0,83033826.55806953,9.5,10.392304845413264,0.0,0.0,0.0,141.55,DDoS-TCP_Flood,1
0.1036334776878356,39.5,1.49,61.85,2.9347057719581726,2.9347057719581726,0.0,0.0,0.0,0.0,0.0,0.0,0.0,0.0,0.0,0.08,0.0,0.0,0.05,0.0,0.0,0.0,0.0,0.0,0.0,0.0,0.0,0.0,0.0,0.0,1.0,1.0,1.0,9352.35,313.1,1490.96,907.3360544378224,554.6339371867218,872.75,83245565.65885593,9.5,42.44731412580092,784.5748347612562,324430.8157424142,0.95,141.55,Other_Attack,1
0.0,54.0,6.0,64.0,2.0641437610806195,2.0641437610806195,0.0,1.0,0.0,1.0,0.0,0.0,0.0,0.0,1.0,0.0,1.0,0.0,0.0,0.0,0.0,0.0,0.0,0.0,0.0,0.0,1.0,0.0,0.0,0.0,0.0,1.0,1.0,567.0,54.0,54.0,54.0,0.0,54.0,83348455.66025312,9.5,10.392304845413264,0.0,0.0,0.0,141.55,DDoS-RSTFINFlood,1
0.0,54.0,6.0,64.0,34.07620687974263,34.07620687974263,0.0,0.0,0.0,0.0,0.0,0.0,0.0,0.0,0.0,0.0,0.0,0.0,0.0,0.0,0.0,0.0,0.0,0.0,0.0,0.0,1.0,0.0,0.0,0.0,0.0,1.0,1.0,567.0,54.0,54.0,54.0,0.0,54.0,83037113.81941815,9.5,10.392304845413264,0.0,0.0,0.0,141.55,DDoS-TCP_Flood,1
0.1645957469940185,16164.5,17.0,64.0,52539.86469508555,52539.86469508555,0.0,0.0,0.0,0.0,0.0,0.0,0.0,0.0,0.0,0.0,0.0,0.0,0.0,0.0,0.0,0.0,0.0,0.0,0.0,0.0,0.0,1.0,0.0,0.0,0.0,1.0,1.0,525.0,50.0,50.0,50.0,0.0,50.0,83101883.38674793,9.5,10.0,0.0,0.0,0.0,141.55,DDoS-UDP_Flood,1
0.0,81.0,6.0,64.0,12.691439964437716,12.691439964437716,0.0,0.0,0.0,0.0,0.0,0.0,0.0,0.0,0.0,0.0,0.0,0.0,0.0,0.0,0.0,0.0,0.0,0.0,0.0,0.0,1.0,0.0,0.0,0.0,0.0,1.0,1.0,567.0,54.0,54.0,54.0,0.0,54.0,82925822.20529509,9.5,10.392304845413264,0.0,0.0,0.0,141.55,DoS-TCP_Flood,1
0.0151775789260864,73.06,6.11,64.0,3.14798638585567,3.14798638585567,0.0,0.0,0.0,0.0,0.0,0.0,0.0,0.0,0.0,0.0,0.0,0.0,0.0,0.0,0.0,0.0,0.0,0.0,0.0,0.0,1.0,0.0,0.0,0.0,0.0,1.0,1.0,586.76,54.0,73.76,55.22148657796451,4.745145117223511,56.47,83076119.85968336,9.5,10.502982976093712,6.7293434508392895,284.12127361254824,0.08,141.55,DDoS-TCP_Flood,1
0.0312978601455688,55.44,6.0,64.0,7.4621733196175395,7.4621733196175395,0.0,0.0,0.0,0.0,0.0,0.0,0.0,0.0,0.0,0.0,0.0,0.0,0.03,1.0,0.0,0.0,0.0,0.0,0.0,0.0,1.0,0.0,0.0,0.0,0.0,1.0,1.0,569.04,54.0,56.04,54.21172875885724,0.5982699562368134,54.12,83068408.40749994,9.5,10.412560580236503,0.8469897388947512,2.205670589068769,0.17,141.55,DDoS-TCP_Flood,1
0.0,0.0,47.0,64.0,4.732304295349302,4.732304295349302,0.0,0.0,0.0,0.0,0.0,0.0,0.0,0.0,0.0,0.0,0.0,0.0,0.0,0.0,0.0,0.0,0.0,0.0,0.0,0.0,0.0,0.0,0.0,0.0,0.0,1.0,1.0,6069.0,578.0,578.0,578.0,0.0,578.0,83573708.05741793,9.5,34.0,0.0,0.0,0.0,141.55,Other_Attack,1
0.0,2.3,46.7,65.91,1.2907577258860408,1.2907577258860408,0.0,0.0,0.0,0.0,0.0,0.0,0.0,0.0,0.0,0.0,0.0,0.0,0.0,0.0,0.0,0.0,0.0,0.0,0.0,0.0,0.0,0.0,0.0,0.0,0.0,1.0,1.0,6055.08,564.08,578.0,577.2448028895769,3.1514788362515604,574.52,83574018.42415291,9.5,33.977329603107385,4.483203443663186,251.35795131001183,0.04,141.55,Other_Attack,1
0.0794038891792297,38082.5,16.66,62.72,9685.624838277356,9685.624838277356,0.0,0.0,0.0,0.0,0.0,0.0,0.0,0.0,0.0,0.0,0.0,0.0,0.0,0.0,0.0,0.0,0.0,0.0,0.0,0.0,0.0,1.0,0.0,0.0,0.0,1.0,1.0,525.9,50.0,50.5,50.04965213278294,0.1485413084366097,50.2,83123464.55400874,9.5,10.004991993268067,0.2110438379411125,0.4495310614419969,0.05,141.55,DDoS-UDP_Flood,1
0.0,54.0,6.0,64.0,0.9720673343074414,0.9720673343074414,0.0,0.0,0.0,0.0,0.0,0.0,0.0,0.0,0.0,0.0,0.0,0.0,0.0,1.0,0.0,0.0,0.0,0.0,0.0,0.0,1.0,0.0,0.0,0.0,0.0,1.0,1.0,567.0,54.0,54.0,54.0,0.0,54.0,83037236.81668071,9.5,10.392304845413264,0.0,0.0,0.0,141.55,DDoS-TCP_Flood,1
0.0,162.0,17.0,64.0,2.3863436673968765,2.3863436673968765,0.0,0.0,0.0,0.0,0.0,0.0,0.0,0.0,0.0,0.0,0.0,0.0,0.0,0.0,0.0,0.0,0.0,0.0,0.0,0.0,0.0,1.0,0.0,0.0,0.0,1.0,1.0,1701.0,162.0,162.0,162.0,0.0,162.0,83008111.33797339,9.5,18.0,0.0,0.0,0.0,141.55,DoS-UDP_Flood,1
2.781219713687897,108.0,6.0,64.0,0.7210269092638261,0.7210269092638261,0.0,0.0,1.0,0.0,0.0,0.0,0.0,0.0,0.0,2.0,0.0,0.0,0.0,0.0,0.0,0.0,0.0,0.0,0.0,0.0,1.0,0.0,0.0,0.0,0.0,1.0,1.0,567.0,54.0,54.0,54.0,0.0,54.0,83361800.47113171,9.5,10.392304845413264,0.0,0.0,0.0,141.55,DDoS-SynonymousIP_Flood,1
0.0,174.0,6.0,64.0,28.162595551714062,28.162595551714062,0.0,0.0,0.0,0.0,0.0,0.0,0.0,0.0,0.0,0.0,0.0,0.0,0.0,0.0,0.0,0.0,0.0,0.0,0.0,0.0,1.0,0.0,0.0,0.0,0.0,1.0,1.0,1827.0,174.0,174.0,174.0,0.0,174.0,83064046.08996306,9.5,18.65475810617764,0.0,0.0,0.0,141.55,DDoS-TCP_Flood,1
2.013838536739349,133.92,6.0,64.0,1.6281875586558203,1.6281875586558203,0.0,0.0,1.0,0.0,0.0,0.0,0.0,0.0,0.0,2.48,0.0,0.0,0.0,0.0,0.0,0.0,0.0,0.0,0.0,0.0,1.0,0.0,0.0,0.0,0.0,1.0,1.0,567.0,54.0,54.0,54.0,0.0,54.0,83362208.52762899,9.5,10.392304845413264,0.0,0.0,0.0,141.55,DDoS-SynonymousIP_Flood,1
1.0628868770599365,88.22,6.0,65.73,1.1382668666600302,1.1382668666600302,0.0,0.0,1.0,0.0,0.0,0.0,0.0,0.0,0.0,1.63,0.0,0.0,0.01,0.0,1.0,0.0,0.0,0.0,0.0,0.0,1.0,0.0,0.0,0.0,0.0,1.0,1.0,570.6,54.0,57.6,54.41954793142873,1.0913974978862289,54.2,83362400.15471788,9.5,10.432132818312915,1.5449828981579188,7.015751636302138,0.18,141.55,DDoS-SynonymousIP_Flood,1
0.0159141731262207,12025.0,17.0,64.0,15068.158012547772,15068.158012547772,0.0,0.0,0.0,0.0,0.0,0.0,0.0,0.0,0.0,0.0,0.0,0.0,0.0,0.0,0.0,0.0,0.0,0.0,0.0,0.0,0.0,1.0,0.0,0.0,0.0,1.0,1.0,525.0,50.0,50.0,50.0,0.0,50.0,83011801.5295705,9.5,10.0,0.0,0.0,0.0,141.55,DoS-UDP_Flood,1
0.0,54.0,6.0,64.0,0.0,0.0,0.0,0.0,1.0,0.0,0.0,0.0,0.0,0.0,0.0,1.0,0.0,0.0,0.0,0.0,0.0,0.0,0.0,0.0,0.0,0.0,1.0,0.0,0.0,0.0,0.0,1.0,1.0,567.0,54.0,54.0,54.0,0.0,54.0,83365389.02307335,9.5,10.392304845413264,0.0,0.0,0.0,141.55,DDoS-SynonymousIP_Flood,1
0.0813039827346801,45725.0,17.0,64.0,11245.533479189851,11245.533479189851,0.0,0.0,0.0,0.0,0.0,0.0,0.0,0.0,0.0,0.0,0.0,0.0,0.0,0.0,0.0,0.0,0.0,0.0,0.0,0.0,0.0,1.0,0.0,0.0,0.0,1.0,1.0,525.0,50.0,50.0,50.0,0.0,50.0,83098697.89539392,9.5,10.0,0.0,0.0,0.0,141.55,DDoS-UDP_Flood,1
1.5690240859985352,7851.3,6.0,64.0,20.691850815445665,20.691850815445665,0.0,0.0,0.0,0.0,0.0,1.0,0.0,0.0,0.0,1.6,0.0,6.5,15.6,0.0,1.0,0.0,0.0,0.0,0.0,0.0,1.0,0.0,0.0,0.0,0.0,1.0,1.0,437.1,66.0,129.9,80.77234126984128,24.743036235363043,79.7,0.0126163959503173,5.5,12.6911003520902,34.99193741833934,699.2409650258251,0.9,38.5,Other_Attack,1
0.045739300251007,111.17,6.0,65.83,19.42628730702099,19.42628730702099,0.0,0.0,1.0,0.0,0.0,0.0,0.0,0.0,0.0,0.99,0.0,0.07,0.11,0.0,0.0,0.0,0.0,0.0,0.0,0.0,1.0,0.0,0.0,0.0,0.0,1.0,1.0,644.7,54.0,131.7,60.36995509714743,20.9784021012635,59.55,83093212.79919821,9.5,10.907863646814205,29.70994746164656,3219.8678694299138,0.14,141.55,DDoS-SYN_Flood,1
14.721341347694397,23710.0,9.2,64.3,8.332507556681659,8.332507556681659,0.0,0.0,0.0,0.0,0.0,0.0,0.0,0.0,0.0,0.0,0.0,73.2,155.4,0.0,0.0,0.0,0.0,0.0,0.0,0.0,0.0,0.0,0.0,0.0,0.0,1.0,1.0,4940.6,56.4,2156.0,326.60216030701326,602.1474572043011,95.6,166524469.7086237,13.5,25.55040157512513,853.2211302214557,366266.0661004252,1.0,244.6,BenignTraffic,0
0.7125512862205505,115302.1,16.83,65.18,4239.502545246378,4239.502545246378,0.0,0.0,0.0,0.0,0.0,0.0,0.0,0.0,0.0,0.0,0.0,0.0,0.0,0.0,0.0,0.0,0.0,0.0,0.0,0.0,0.0,1.0,0.0,0.0,0.0,1.0,1.0,588.6,50.0,75.95,55.061531306670624,9.362964428919428,54.8,83015724.12995477,9.5,10.439503246647403,13.25792867849289,592.0141783183641,0.15,141.55,DoS-UDP_Flood,1
0.0196766781806945,59.66,6.22,63.85,10.201916554327491,10.201916554327491,0.0,0.0,1.0,0.0,0.0,0.0,0.0,0.0,0.0,0.98,0.0,0.0,0.0,0.0,0.0,0.0,0.0,0.0,0.0,0.0,1.0,0.0,0.0,0.0,0.0,1.0,1.0,573.04,54.0,60.04,54.383233789602215,1.464684611152243,54.85,83362451.84658521,9.5,10.42891700139664,2.0778102991960625,15.583922900851752,0.14,141.55,DDoS-SynonymousIP_Flood,1
0.0222898983955383,20496.62,16.89,64.0,71033.43523329242,71033.43523329242,0.0,0.0,0.0,0.0,0.0,0.0,0.0,0.0,0.0,0.0,0.03,0.0,0.0,0.0,0.0,0.0,0.0,0.0,0.0,0.0,0.0,1.0,0.0,0.0,0.0,1.0,1.0,525.72,50.0,50.72,50.08390958628574,0.2182794995772457,50.04,83098798.90115,9.5,10.00837401000603,0.3089965796315837,0.2806300654520854,0.18,141.55,DDoS-UDP_Flood,1
0.0037529969215393,68.28,6.0,63.57,13.858423966650347,13.858423966650347,0.0,0.0,1.0,0.0,0.0,0.0,0.0,0.0,0.01,1.03,0.0,0.02,0.09,0.0,0.0,0.0,0.0,0.0,0.0,0.0,1.0,0.0,0.0,0.0,0.0,1.0,1.0,640.98,54.0,123.78,62.64170999086053,21.00316339565983,58.11,82972714.22192656,9.5,11.070566962145824,29.731955079535417,2577.2354254132674,0.19,141.55,DoS-SYN_Flood,1
0.0,53.46,5.94,63.36,4.475620398922992,4.475620398922992,0.0,0.0,1.0,0.0,0.0,0.0,0.0,0.0,0.0,0.99,0.0,0.0,0.0,0.0,0.0,0.0,0.0,0.0,0.0,0.0,1.0,0.0,0.0,0.0,0.0,1.0,1.0,568.2,54.06,55.2,54.21586437942861,0.3574192493658686,54.06,82985562.06298488,9.5,10.412845646412398,0.5059212763185684,0.7214176472671923,0.19,141.55,DoS-SYN_Flood,1
0.0569802713394165,33513.8,17.0,64.0,11759.270643672016,11759.270643672016,0.0,0.0,0.0,0.0,0.0,0.0,0.0,0.0,0.0,0.0,0.0,0.0,0.0,0.0,0.0,0.0,0.0,0.0,0.0,0.0,0.0,1.0,0.0,0.0,0.0,1.0,1.0,546.6,50.0,71.6,51.583788525715775,5.578643250905349,51.8,83016680.74859856,9.5,10.14907459349222,7.903016737435849,263.57491315271784,0.12,141.55,DoS-UDP_Flood,1
0.0,54.0,6.0,64.0,38.6443576324906,38.6443576324906,0.0,0.0,0.0,0.0,1.0,1.0,0.0,0.0,0.0,0.0,0.0,1.0,1.0,0.0,0.0,0.0,0.0,0.0,0.0,0.0,1.0,0.0,0.0,0.0,0.0,1.0,1.0,567.0,54.0,54.0,54.0,0.0,54.0,83331676.33548364,9.5,10.392304845413264,0.0,0.0,0.0,141.55,DDoS-PSHACK_Flood,1
0.0,54.0,6.0,64.0,12.677291264138692,12.677291264138692,0.0,1.0,0.0,1.0,0.0,0.0,0.0,0.0,1.0,0.0,1.0,0.0,0.0,0.0,0.0,0.0,0.0,0.0,0.0,0.0,1.0,0.0,0.0,0.0,0.0,1.0,1.0,567.0,54.0,54.0,54.0,0.0,54.0,83344009.30621572,9.5,10.392304845413264,0.0,0.0,0.0,141.55,DDoS-RSTFINFlood,1
0.1228730916976928,38306.5,16.68,67.82,6422.633472832181,6422.633472832181,0.0,0.0,0.0,0.0,0.0,0.0,0.0,0.0,0.0,0.0,0.0,0.0,0.0,0.0,0.0,0.0,0.0,0.0,0.0,0.0,0.0,1.0,0.0,0.0,0.0,1.0,1.0,528.8,50.0,52.0,50.249326743088346,0.6569782550589437,50.4,83101927.37263739,9.5,10.0247225516751,0.9310569684433968,4.360111513481405,0.1,141.55,DDoS-UDP_Flood,1
4.0660993146896365,108.0,6.0,64.0,0.4918719078937653,0.4918719078937653,0.0,0.0,1.0,0.0,0.0,0.0,0.0,0.0,0.0,2.0,0.0,0.0,0.0,0.0,0.0,0.0,0.0,0.0,0.0,0.0,1.0,0.0,0.0,0.0,0.0,1.0,1.0,567.0,54.0,54.0,54.0,0.0,54.0,82985320.18435305,9.5,10.392304845413264,0.0,0.0,0.0,141.55,DoS-SYN_Flood,1
34.72223360538483,5117.86,7.28,100.36,12.17678142768167,12.17678142768167,0.0,0.0,0.0,0.0,0.0,1.0,0.0,0.0,0.0,1.99,0.0,6.78,14.27,0.0,1.0,0.0,0.0,0.0,0.0,0.0,1.0,0.0,0.0,0.0,0.0,1.0,1.0,2622.9,81.15,1040.32,268.4611096129962,297.0180476931979,244.57,83349315.6191849,9.5,22.33581223145454,420.404364453161,134157.13957322654,0.95,141.55,DDoS-RSTFINFlood,1
0.0950499391555786,21741.0,17.0,64.0,4538.286437952217,4538.286437952217,0.0,0.0,0.0,0.0,0.0,0.0,0.0,0.0,0.0,0.0,0.0,0.0,0.0,0.0,0.0,0.0,0.0,0.0,0.0,0.0,0.0,1.0,0.0,0.0,0.0,1.0,1.0,525.0,50.0,50.0,50.0,0.0,50.0,83098520.68191475,9.5,10.0,0.0,0.0,0.0,141.55,DDoS-UDP_Flood,1
0.0472500896453857,20741.36,17.0,64.64,9070.848101830765,9070.848101830765,0.0,0.0,0.0,0.0,0.0,0.0,0.0,0.0,0.0,0.0,0.0,0.0,0.0,0.0,0.0,0.0,0.0,0.0,0.0,0.0,0.0,1.0,0.0,0.0,0.0,1.0,1.0,527.52,50.0,52.52,50.15033812472357,0.5956711302530533,50.36,83033283.79473056,9.5,10.014966619479496,0.8451309495908527,5.115285459552895,0.07,141.55,DoS-UDP_Flood,1
0.0487266945838928,46280.5,16.66,62.72,19096.225158038127,19096.225158038127,0.0,0.0,0.0,0.0,0.0,0.0,0.0,0.0,0.0,0.0,0.0,0.0,0.0,0.0,0.0,0.0,0.0,0.0,0.0,0.0,0.0,1.0,0.0,0.0,0.0,1.0,1.0,528.2,50.0,53.2,50.30288126476207,0.9105140533495788,50.2,83015419.84736793,9.5,10.030170215320156,1.2891750776854265,2.688431373706623,0.32,141.55,DoS-UDP_Flood,1
0.0,54.0,6.0,64.0,29.491971860201023,29.491971860201023,0.0,0.0,0.0,0.0,0.0,0.0,0.0,0.0,0.0,0.0,0.0,0.0,0.0,0.0,0.0,0.0,0.0,0.0,0.0,0.0,1.0,0.0,0.0,0.0,0.0,1.0,1.0,567.0,54.0,54.0,54.0,0.0,54.0,83076116.51252086,9.5,10.392304845413264,0.0,0.0,0.0,141.55,DDoS-TCP_Flood,1
0.0,54.0,6.0,64.0,4.585189076146994,4.585189076146994,0.0,0.0,0.0,0.0,0.0,0.0,0.0,0.0,0.0,0.0,0.0,0.0,0.0,0.0,0.0,0.0,0.0,0.0,0.0,0.0,1.0,0.0,0.0,0.0,0.0,1.0,1.0,567.0,54.0,54.0,54.0,0.0,54.0,83067303.92660691,9.5,10.392304845413264,0.0,0.0,0.0,141.55,DDoS-TCP_Flood,1
4.033057913780213,108.0,6.0,64.0,0.4959017310019625,0.4959017310019625,0.0,0.0,0.0,0.0,0.0,0.0,0.0,0.0,0.0,0.0,0.0,0.0,0.0,0.0,0.0,0.0,0.0,0.0,0.0,0.0,1.0,0.0,0.0,0.0,0.0,1.0,1.0,567.0,54.0,54.0,54.0,0.0,54.0,82946741.90254697,9.5,10.392304845413264,0.0,0.0,0.0,141.55,DoS-TCP_Flood,1
0.0475058603286743,15405.0,16.83,63.36,6444.832366146335,6444.832366146335,0.0,0.0,0.0,0.0,0.0,0.0,0.0,0.0,0.0,0.0,0.0,0.0,0.0,0.0,0.0,0.0,0.0,0.0,0.0,0.0,0.0,1.0,0.0,0.0,0.0,1.0,1.0,527.0,50.1,52.0,50.35977396571437,0.5956987489431146,50.1,83106499.86753727,9.5,10.035259567536588,0.8432021271976141,2.003937909075534,0.19,141.55,DDoS-UDP_Flood,1
0.0004098486900329,55.02,6.11,64.64,26.776237087514048,26.776237087514048,0.0,0.0,0.0,0.0,0.0,0.0,0.0,0.0,0.0,0.0,0.0,0.0,0.0,0.0,0.0,0.0,0.0,0.0,0.0,0.0,1.0,0.0,0.0,0.0,0.0,1.0,1.0,571.16,54.0,58.16,54.32156240457169,1.097588852603535,54.32,83033822.04050739,9.5,10.422952166144183,1.5546470487928865,9.450268860135282,0.13,141.55,DDoS-TCP_Flood,1
5.421471428871155,299622.8,4.8,83.7,55.3887978994559,55.3887978994559,0.0,0.0,0.0,0.0,0.0,1.0,0.0,0.0,0.0,0.0,0.0,13.5,319.5,0.0,1.0,0.0,0.0,0.0,0.0,0.0,1.0,0.0,0.0,0.0,0.0,1.0,1.0,17669.6,63.0,7016.4,1084.8549472122306,1954.790211220282,2092.0,166518654.21797007,13.5,45.60020921909152,2772.700227538653,4296495.858232829,1.0,244.6,BenignTraffic,0
3.0455519795417785,114.72,6.0,64.0,0.6886673564649526,0.6886673564649526,0.0,0.0,1.0,0.0,0.0,0.0,0.0,0.0,0.0,2.06,0.06,0.0,0.06,0.0,0.0,0.0,0.0,0.0,0.0,0.0,1.0,0.0,0.0,0.0,0.0,1.0,1.0,567.0,54.0,54.0,54.0,0.0,54.0,82985273.59578165,9.5,10.392304845413264,0.0,0.0,0.0,141.55,DoS-SYN_Flood,1
0.0,54.0,6.0,64.0,1.2397678288688705,1.2397678288688705,0.0,0.0,1.0,0.0,0.0,0.0,0.0,0.0,0.0,1.0,0.0,0.0,0.0,0.0,0.0,0.0,0.0,0.0,0.0,0.0,1.0,0.0,0.0,0.0,0.0,1.0,1.0,567.0,54.0,54.0,54.0,0.0,54.0,83089110.9610854,9.5,10.392304845413264,0.0,0.0,0.0,141.55,DDoS-SYN_Flood,1
0.0,54.0,6.0,64.0,0.0,0.0,0.0,0.0,1.0,0.0,0.0,0.0,0.0,0.0,0.0,1.0,0.0,0.0,0.0,0.0,0.0,0.0,0.0,0.0,0.0,0.0,1.0,0.0,0.0,0.0,0.0,1.0,1.0,567.0,54.0,54.0,54.0,0.0,54.0,83365338.69714035,9.5,10.392304845413264,0.0,0.0,0.0,141.55,DDoS-SynonymousIP_Flood,1
0.0,42.0,17.0,64.0,3.209361412827755,3.209361412827755,0.0,0.0,0.0,0.0,0.0,0.0,0.0,0.0,0.0,0.0,0.0,0.0,0.0,0.0,0.0,0.0,0.0,0.0,0.0,0.0,0.0,1.0,0.0,0.0,0.0,1.0,1.0,441.0,42.0,42.0,42.0,0.0,42.0,83006882.1594405,9.5,9.16515138991168,0.0,0.0,0.0,141.55,DoS-UDP_Flood,1
0.0766848254203796,42619.5,16.84,65.91,11161.743867172694,11161.743867172694,0.0,0.0,0.0,0.0,0.0,0.0,0.0,0.0,0.0,0.0,0.0,0.0,0.0,0.0,0.0,0.0,0.0,0.0,0.0,0.0,0.0,1.0,0.0,0.0,0.0,1.0,1.0,527.6,50.0,52.6,50.20097650285731,0.6859930328772091,50.2,83016286.80427843,9.5,10.019984009400144,0.971654405495554,3.691511273490345,0.13,141.55,DoS-UDP_Flood,1
0.0009505486488342,54.94,6.0,64.0,18.94874340508168,18.94874340508168,0.0,0.0,0.0,0.0,0.0,0.0,0.0,0.0,0.0,0.02,0.0,0.0,0.01,0.0,1.0,0.0,0.0,0.0,0.0,0.0,1.0,0.0,0.0,0.0,0.0,1.0,1.0,568.0,54.0,55.0,54.05590213278294,0.2295317651753835,54.2,82956227.84882373,9.5,10.39770647329288,0.3261206900136162,1.0645967971661114,0.05,141.55,DoS-TCP_Flood,1
0.0618943953514099,19842.0,16.84,65.91,8677.923755873775,8677.923755873775,0.0,0.0,0.0,0.0,0.0,0.0,0.0,0.0,0.0,0.0,0.0,0.0,0.0,0.0,0.0,0.0,0.0,0.0,0.0,0.0,0.0,1.0,0.0,0.0,0.0,1.0,1.0,528.0,50.0,53.0,50.26288126476207,0.8305140533495787,50.2,83102454.25299588,9.5,10.026081017958704,1.1760379926955786,4.736862747413247,0.15,141.55,DDoS-UDP_Flood,1
0.0,54.0,6.0,64.0,1.2897812081981583,1.2897812081981583,0.0,0.0,0.0,0.0,1.0,1.0,0.0,0.0,0.0,0.0,0.0,1.0,1.0,0.0,0.0,0.0,0.0,0.0,0.0,0.0,1.0,0.0,0.0,0.0,0.0,1.0,1.0,567.0,54.0,54.0,54.0,0.0,54.0,83314421.09825869,9.5,10.392304845413264,0.0,0.0,0.0,141.55,DDoS-PSHACK_Flood,1
0.0,0.0,1.0,64.0,2.1151466097827267,2.1151466097827267,0.0,0.0,0.0,0.0,0.0,0.0,0.0,0.0,0.0,0.0,0.0,0.0,0.0,0.0,0.0,0.0,0.0,0.0,0.0,0.0,0.0,0.0,0.0,0.0,1.0,1.0,1.0,441.0,42.0,42.0,42.0,0.0,42.0,83150313.2500558,9.5,9.16515138991168,0.0,0.0,0.0,141.55,DDoS-ICMP_Flood,1
1.491607015132904,90946.91,16.89,65.24,2484.405210214368,2484.405210214368,0.0,0.0,0.0,0.0,0.0,0.0,0.0,0.0,0.01,0.02,0.0,0.02,0.07,0.0,0.0,0.0,0.0,0.0,0.0,0.0,0.0,1.0,0.0,0.0,0.0,1.0,1.0,956.64,56.51,214.83,103.15772260122918,62.74427441737676,87.99,83016496.13044584,9.5,12.94893460871928,88.07378231254923,19004.6862410442,0.22,141.55,DoS-UDP_Flood,1
85.18763961791993,1702464.8,6.0,62.4,49.73771346804649,49.73771346804649,0.0,0.0,0.0,0.0,0.0,1.0,0.0,0.0,0.0,1.2,0.0,402.5,2191.1,0.0,1.0,0.0,0.0,0.0,0.0,0.0,1.0,0.0,0.0,0.0,0.0,1.0,1.0,11802.3,54.0,2684.0,758.9513131983256,820.494841446118,764.1,166521494.8086889,13.5,38.86623684162937,1162.399552185591,675907.1303722945,1.0,244.6,BenignTraffic,0
0.1545361638069153,33005.0,17.0,64.0,4525.25794859535,4525.25794859535,0.0,0.0,0.0,0.0,0.0,0.0,0.0,0.0,0.0,0.0,0.0,0.0,0.0,0.0,0.0,0.0,0.0,0.0,0.0,0.0,0.0,1.0,0.0,0.0,0.0,1.0,1.0,525.0,50.0,50.0,50.0,0.0,50.0,83015707.88574573,9.5,10.0,0.0,0.0,0.0,141.55,DoS-UDP_Flood,1
0.0,54.0,6.0,64.0,100.07405993510214,100.07405993510214,0.0,0.0,0.0,0.0,1.0,1.0,0.0,0.0,0.0,0.0,0.0,1.0,1.0,0.0,0.0,0.0,0.0,0.0,0.0,0.0,1.0,0.0,0.0,0.0,0.0,1.0,1.0,567.0,54.0,54.0,54.0,0.0,54.0,83314427.80590318,9.5,10.392304845413264,0.0,0.0,0.0,141.55,DDoS-PSHACK_Flood,1
0.0,54.0,6.0,64.0,5.986818534897313,5.986818534897313,0.0,1.0,0.0,1.0,0.0,0.0,0.0,0.0,1.0,0.0,1.0,0.0,0.0,0.0,0.0,0.0,0.0,0.0,0.0,0.0,1.0,0.0,0.0,0.0,0.0,1.0,1.0,567.0,54.0,54.0,54.0,0.0,54.0,83349319.21693991,9.5,10.392304845413264,0.0,0.0,0.0,141.55,DDoS-RSTFINFlood,1
0.0,54.35,6.11,64.0,0.88681337071324,0.88681337071324,0.0,0.0,0.0,0.0,1.0,1.0,0.0,0.0,0.0,0.0,0.0,0.99,0.99,0.0,0.0,0.0,0.0,0.0,0.0,0.0,1.0,0.0,0.0,0.0,0.0,1.0,1.0,569.8,54.0,56.8,54.17308514262655,0.6723889842219549,54.35,83331239.66480902,9.5,10.408880425438982,0.9535506914144743,5.704872398750537,0.08,141.55,DDoS-PSHACK_Flood,1
0.0081139492988586,66.2,6.0,64.0,6.784950227794127,6.784950227794127,0.0,0.0,1.0,0.0,0.0,0.0,0.0,0.0,0.0,0.99,0.0,0.03,0.04,0.0,0.0,0.0,0.0,0.0,0.0,0.0,1.0,0.0,0.0,0.0,0.0,1.0,1.0,595.31,54.0,82.31,57.87063208914408,8.875911359252406,55.49,83089106.54340166,9.5,10.72287848032332,12.563711695244452,444.8942551938593,0.19,141.55,DDoS-SYN_Flood,1
0.0,54.37,6.11,64.0,0.0,0.0,0.0,1.0,0.0,1.0,0.0,0.0,0.0,0.0,0.99,0.0,0.99,0.0,0.0,0.0,0.0,0.0,0.0,0.0,0.0,0.0,1.0,0.0,0.0,0.0,0.0,1.0,1.0,572.92,54.0,59.92,54.56033033980982,1.6844509986967204,54.37,83344529.99477464,9.5,10.445307955367982,2.384973893718039,18.40231275302184,0.16,141.55,DDoS-RSTFINFlood,1
0.0,54.0,6.0,64.0,0.0,0.0,0.0,0.0,1.0,0.0,0.0,0.0,0.0,0.0,0.0,1.0,0.0,0.0,0.0,0.0,0.0,0.0,0.0,0.0,0.0,0.0,1.0,0.0,0.0,0.0,0.0,1.0,1.0,567.0,54.0,54.0,54.0,0.0,54.0,83361815.50533976,9.5,10.392304845413264,0.0,0.0,0.0,141.55,DDoS-SynonymousIP_Flood,1
0.0460669374465942,17420.04,16.67,63.54,8095.018689198818,8095.018689198818,0.0,0.0,0.0,0.0,0.0,0.0,0.0,0.0,0.01,0.06,0.0,0.02,0.09,0.0,0.0,0.0,0.0,0.0,0.0,0.0,0.0,1.0,0.0,0.0,0.0,1.0,1.0,534.9,50.0,54.3,51.18042347809569,1.5509655858698976,50.55,83033284.84430413,9.5,10.113867322072757,2.195413113898493,12.84303420326624,0.19,141.55,DoS-UDP_Flood,1
0.0010133004188537,55.22,6.11,64.0,22.08568595342431,22.08568595342431,0.0,0.0,0.0,0.0,0.0,0.0,0.0,0.0,0.0,0.01,0.0,0.0,0.0,0.0,0.0,0.0,0.0,0.0,0.0,0.0,1.0,0.0,0.0,0.0,0.0,1.0,1.0,569.92,54.0,56.92,54.21739755548889,0.7565917249486444,54.36,83076426.83179915,9.5,10.413160488149757,1.072707037074501,3.9468021322161055,0.15,141.55,DDoS-TCP_Flood,1
0.0023001289367675,54.62,6.0,65.73,7.51790707484713,7.51790707484713,0.0,0.0,1.0,0.0,0.0,0.0,0.0,0.0,0.0,1.01,0.0,0.0,0.01,0.0,0.0,0.0,0.0,0.0,0.0,0.0,1.0,0.0,0.0,0.0,0.0,1.0,1.0,567.52,54.0,54.52,54.04019530057147,0.1371986065754418,54.04,83362197.97588715,9.5,10.39617675646569,0.1943308810991108,0.1476604509396137,0.13,141.55,DDoS-SynonymousIP_Flood,1
6.7297086954116825,354062.5,7.1,180.9,37.44378999287814,37.44378999287814,0.0,0.0,0.0,0.0,0.0,1.0,0.0,0.0,0.0,0.3,0.0,15.6,324.5,0.0,1.0,0.0,0.0,0.0,0.0,0.0,1.0,0.0,0.0,0.0,0.0,1.0,1.0,1814.4,66.0,519.0,118.89286797610714,117.24158788739832,67.2,166525500.8720479,13.5,15.418254000655958,166.15066570596883,13877.647360106534,1.0,244.6,BenignTraffic,0
46.29911437034607,968429.4,5.5,162.2,58.755678635069465,58.755678635069465,0.0,0.0,0.0,0.0,0.0,1.0,0.0,0.0,0.0,1.2,0.0,254.7,1320.1,0.0,1.0,0.0,0.0,0.0,0.0,0.0,1.0,0.0,0.0,0.0,0.0,1.0,1.0,2424.1,50.0,1160.0,159.27574503025355,270.4627480196288,85.1,166524299.7897445,13.5,17.821695009621227,383.3620454039735,73987.83395460968,1.0,244.6,BenignTraffic,0
0.0,182.0,17.0,64.0,58.01260375623054,58.01260375623054,0.0,0.0,0.0,0.0,0.0,0.0,0.0,0.0,0.0,0.0,0.0,0.0,0.0,0.0,0.0,0.0,0.0,0.0,0.0,0.0,0.0,1.0,0.0,0.0,0.0,1.0,1.0,1911.0,182.0,182.0,182.0,0.0,182.0,83003729.45572533,9.5,19.078784028338912,0.0,0.0,0.0,141.55,DoS-UDP_Flood,1
0.0161381077766418,316.9,6.0,67.48,25.505965317941527,25.505965317941527,0.0,0.0,1.0,0.0,0.0,0.0,0.0,0.0,0.0,0.98,0.0,0.08,0.71,0.0,0.0,0.0,0.0,0.0,0.0,0.0,1.0,0.0,0.0,0.0,0.0,1.0,1.0,569.28,54.0,55.56,54.13319526758071,0.3964371267659908,54.36,83093119.3925656,9.5,10.405093750332464,0.5625331383335297,2.342064508014384,0.07,141.55,DDoS-SYN_Flood,1
0.0,54.0,6.0,64.0,4.637672954750915,4.637672954750915,0.0,1.0,0.0,1.0,0.0,0.0,0.0,0.0,1.0,0.0,1.0,0.0,0.0,0.0,0.0,0.0,0.0,0.0,0.0,0.0,1.0,0.0,0.0,0.0,0.0,1.0,1.0,567.0,54.0,54.0,54.0,0.0,54.0,83348119.98475996,9.5,10.392304845413264,0.0,0.0,0.0,141.55,DDoS-RSTFINFlood,1
0.0,0.0,1.0,64.0,77.42037286079689,77.42037286079689,0.0,0.0,0.0,0.0,0.0,0.0,0.0,0.0,0.0,0.0,0.0,0.0,0.0,0.0,0.0,0.0,0.0,0.0,0.0,0.0,0.0,0.0,0.0,0.0,1.0,1.0,1.0,441.0,42.0,42.0,42.0,0.0,42.0,83129041.98197185,9.5,9.16515138991168,0.0,0.0,0.0,141.55,DDoS-ICMP_Flood,1
0.0586087775230407,28313.0,17.0,64.0,13486.97635830925,13486.97635830925,0.0,0.0,0.0,0.0,0.0,0.0,0.0,0.0,0.0,0.0,0.0,0.0,0.0,0.0,0.0,0.0,0.0,0.0,0.0,0.0,0.0,1.0,0.0,0.0,0.0,1.0,1.0,525.0,50.0,50.0,50.0,0.0,50.0,83102211.9170548,9.5,10.0,0.0,0.0,0.0,141.55,DDoS-UDP_Flood,1
0.0,54.0,6.0,64.0,5.4359936753155855,5.4359936753155855,0.0,0.0,0.0,0.0,1.0,1.0,0.0,0.0,0.0,0.0,0.0,1.0,1.0,0.0,0.0,0.0,0.0,0.0,0.0,0.0,1.0,0.0,0.0,0.0,0.0,1.0,1.0,567.0,54.0,54.0,54.0,0.0,54.0,83331322.44095835,9.5,10.392304845413264,0.0,0.0,0.0,141.55,DDoS-PSHACK_Flood,1
0.111889066696167,14275.0,17.0,64.0,2546.728186250401,2546.728186250401,0.0,0.0,0.0,0.0,0.0,0.0,0.0,0.0,0.0,0.0,0.0,0.0,0.0,0.0,0.0,0.0,0.0,0.0,0.0,0.0,0.0,1.0,0.0,0.0,0.0,1.0,1.0,525.0,50.0,50.0,50.0,0.0,50.0,83098792.57894541,9.5,10.0,0.0,0.0,0.0,141.55,DDoS-UDP_Flood,1
0.0659252309799194,2511.83,15.6,68.95,16669.112431253063,16669.112431253063,0.0,0.0,0.0,0.0,0.0,0.0,0.0,0.0,0.0,0.12,0.04,0.02,0.12,0.0,0.0,0.0,0.0,0.0,0.0,0.0,0.0,1.0,0.0,0.0,0.0,1.0,1.0,561.88,50.44,57.68,53.24595662868264,3.0610155952465097,53.48,83011473.4369867,9.5,10.300231965436728,4.331129327023557,56.63947103479203,0.19,141.55,DoS-UDP_Flood,1
0.026976990699768,62.97,6.0,65.84,20.24253442915024,20.24253442915024,0.0,0.0,1.0,0.0,0.0,0.0,0.0,0.0,0.0,0.99,0.0,0.02,0.04,0.0,0.0,0.0,0.0,0.0,0.0,0.0,1.0,0.0,0.0,0.0,0.0,1.0,1.0,599.3,54.0,86.3,58.41615741714426,10.126878732032946,55.7,82985456.91216028,9.5,10.76454139972738,14.334436162359442,579.1380557228293,0.19,141.55,DoS-SYN_Flood,1
0.0,54.68,5.99,63.36,1.1983969959006784,1.1983969959006784,0.0,1.0,0.0,1.0,0.0,0.0,0.0,0.0,0.97,0.0,0.97,0.0,0.0,0.0,0.0,0.0,0.0,0.0,0.0,0.0,1.0,0.0,0.0,0.0,0.0,1.0,1.0,595.58,54.0,82.46,56.68828366447793,8.091322221801631,55.88,83344166.39182083,9.5,10.631643408711904,11.45676348801206,416.51197622876754,0.21,141.55,DDoS-RSTFINFlood,1
0.125343005657196,41263.18,17.0,63.37,7284.013161876564,7284.013161876564,0.0,0.0,0.0,0.0,0.0,0.0,0.0,0.0,0.0,0.0,0.0,0.0,0.0,0.0,0.0,0.0,0.0,0.0,0.0,0.0,0.0,1.0,0.0,0.0,0.0,1.0,1.0,533.4,50.0,58.4,50.46957791537668,1.9280668274732216,51.68,83103048.08073717,9.5,10.04533600043904,2.739413796114376,75.11795000804081,0.05,141.55,DDoS-UDP_Flood,1
0.0,54.0,6.0,64.0,0.5326306944351936,0.5326306944351936,0.0,0.0,0.0,0.0,1.0,1.0,0.0,0.0,0.0,0.0,0.0,1.0,1.0,1.0,0.0,0.0,0.0,0.0,0.0,0.0,1.0,0.0,0.0,0.0,0.0,1.0,1.0,567.0,54.0,54.0,54.0,0.0,54.0,83331070.8130263,9.5,10.392304845413264,0.0,0.0,0.0,141.55,DDoS-PSHACK_Flood,1
0.0,162.0,17.0,64.0,43.075052376453165,43.075052376453165,0.0,0.0,0.0,0.0,0.0,0.0,0.0,0.0,0.0,0.0,0.0,0.0,0.0,0.0,0.0,0.0,0.0,0.0,0.0,0.0,0.0,1.0,0.0,0.0,0.0,1.0,1.0,1701.0,162.0,162.0,162.0,0.0,162.0,83007928.77337009,9.5,18.0,0.0,0.0,0.0,141.55,DoS-UDP_Flood,1
1.5765280556678771,114.48,6.0,64.0,1.0528989234806303,1.0528989234806303,0.0,0.0,0.0,1.0,0.0,0.0,0.0,0.0,0.0,1.54,0.54,0.0,0.54,0.0,0.0,0.0,0.0,0.0,0.0,0.0,1.0,0.0,0.0,0.0,0.0,1.0,1.0,567.0,54.0,54.0,54.0,0.0,54.0,83089074.42271525,9.5,10.392304845413264,0.0,0.0,0.0,141.55,DDoS-SYN_Flood,1
0.0,54.0,6.0,64.0,2.009274857165714,2.009274857165714,0.0,0.0,1.0,0.0,0.0,0.0,0.0,0.0,0.0,1.0,0.0,0.0,0.0,0.0,0.0,0.0,0.0,0.0,0.0,0.0,1.0,0.0,0.0,0.0,0.0,1.0,1.0,567.0,54.0,54.0,54.0,0.0,54.0,82985559.31459421,9.5,10.392304845413264,0.0,0.0,0.0,141.55,DoS-SYN_Flood,1
0.0,54.0,6.0,64.0,2.495742253376476,2.495742253376476,0.0,0.0,0.0,0.0,1.0,1.0,0.0,0.0,0.0,0.0,0.0,1.0,1.0,0.0,0.0,0.0,0.0,0.0,0.0,0.0,1.0,0.0,0.0,0.0,0.0,1.0,1.0,567.0,54.0,54.0,54.0,0.0,54.0,83331241.52628674,9.5,10.392304845413264,0.0,0.0,0.0,141.55,DDoS-PSHACK_Flood,1
5.737537610530853,108.0,6.0,64.0,0.3485815946056996,0.3485815946056996,0.0,0.0,0.0,0.0,0.0,0.0,0.0,0.0,0.0,0.0,0.0,0.0,0.0,0.0,0.0,0.0,0.0,0.0,0.0,0.0,1.0,0.0,0.0,0.0,0.0,1.0,1.0,567.0,54.0,54.0,54.0,0.0,54.0,82955811.63938344,9.5,10.392304845413264,0.0,0.0,0.0,141.55,DoS-TCP_Flood,1
0.0,54.0,6.0,64.0,0.0,0.0,0.0,0.0,0.0,0.0,1.0,1.0,0.0,0.0,0.0,0.0,0.0,1.0,1.0,0.0,0.0,0.0,0.0,0.0,0.0,0.0,1.0,0.0,0.0,0.0,0.0,1.0,1.0,567.0,54.0,54.0,54.0,0.0,54.0,83314579.13996974,9.5,10.392304845413264,0.0,0.0,0.0,141.55,DDoS-PSHACK_Flood,1
0.0627566409111023,5.8,1.1,67.59,4.914001921000062,4.914001921000062,0.0,0.0,0.0,0.0,0.0,0.0,0.0,0.0,0.0,0.1,0.0,0.0,0.07,0.0,0.0,0.0,0.0,0.0,0.0,0.0,0.0,0.0,0.0,0.0,1.0,1.0,1.0,446.6,42.0,44.88,42.61794335695264,1.1226111118482738,42.32,83149648.95606826,9.5,9.231017906445604,1.589171387610431,7.206423460147289,0.18,141.55,DDoS-ICMP_Flood,1
0.0620320963859558,21755.0,17.0,64.0,121916.47465037162,121916.47465037162,0.0,0.0,0.0,0.0,0.0,0.0,0.0,0.0,0.0,0.0,0.0,0.0,0.0,0.0,0.0,0.0,0.0,0.0,0.0,0.0,0.0,1.0,0.0,0.0,0.0,1.0,1.0,525.0,50.0,50.0,50.0,0.0,50.0,83103059.87697834,9.5,10.0,0.0,0.0,0.0,141.55,DDoS-UDP_Flood,1
0.0,54.0,6.0,64.0,1.0003056267883133,1.0003056267883133,0.0,0.0,1.0,0.0,0.0,0.0,0.0,0.0,0.0,1.0,0.0,0.0,0.0,0.0,0.0,0.0,0.0,0.0,0.0,0.0,1.0,0.0,0.0,0.0,0.0,1.0,1.0,567.0,54.0,54.0,54.0,0.0,54.0,83089795.49875814,9.5,10.392304845413264,0.0,0.0,0.0,141.55,DDoS-SYN_Flood,1
0.1696102881431579,29075.0,17.0,64.0,7846.700187119079,7846.700187119079,0.0,0.0,0.0,0.0,0.0,0.0,0.0,0.0,0.0,0.0,0.0,0.0,0.0,0.0,0.0,0.0,0.0,0.0,0.0,0.0,0.0,1.0,0.0,0.0,0.0,1.0,1.0,525.0,50.0,50.0,50.0,0.0,50.0,83106929.4669487,9.5,10.0,0.0,0.0,0.0,141.55,DDoS-UDP_Flood,1
183.18707678318023,11357.8,8.2,167.1,33.15474246910826,33.15474246910826,0.0,0.0,0.0,0.0,0.0,1.0,0.0,0.0,0.0,1.5,0.0,5.4,12.6,0.0,1.0,0.0,0.0,0.0,0.0,0.0,1.0,0.0,0.0,0.0,0.0,1.0,1.0,4667.1,54.0,3025.0,308.8471449946682,729.2267770370815,112.5,166847120.24059027,13.5,24.8150780212256,1033.599698970183,537900.9173999755,1.0,244.6,Other_Attack,1
2.6522130751609803,133.92,6.0,64.0,0.9294975521108122,0.9294975521108122,0.0,0.0,1.0,0.0,0.0,0.0,0.0,0.0,0.0,2.48,0.0,0.0,0.0,0.0,0.0,0.0,0.0,0.0,0.0,0.0,1.0,0.0,0.0,0.0,0.0,1.0,1.0,567.0,54.0,54.0,54.0,0.0,54.0,83362481.96440105,9.5,10.392304845413264,0.0,0.0,0.0,141.55,DDoS-SynonymousIP_Flood,1
0.0257116222381591,27575.0,17.0,64.0,21470.92203269722,21470.92203269722,0.0,0.0,0.0,0.0,0.0,0.0,0.0,0.0,0.0,0.0,0.0,0.0,0.0,0.0,0.0,0.0,0.0,0.0,0.0,0.0,0.0,1.0,0.0,0.0,0.0,1.0,1.0,525.0,50.0,50.0,50.0,0.0,50.0,83016360.12064745,9.5,10.0,0.0,0.0,0.0,141.55,DoS-UDP_Flood,1
8.068444271087646,84.0,17.0,64.0,0.2478792669476814,0.2478792669476814,0.0,0.0,0.0,0.0,0.0,0.0,0.0,0.0,0.0,0.0,0.0,0.0,0.0,0.0,0.0,0.0,0.0,0.0,0.0,0.0,0.0,1.0,0.0,0.0,0.0,1.0,1.0,441.0,42.0,42.0,42.0,0.0,42.0,83006887.25220223,9.5,9.16515138991168,0.0,0.0,0.0,141.55,DoS-UDP_Flood,1
0.6445380783081055,406259.28,16.52,64.0,1138.9947221754371,1138.9947221754371,0.0,0.0,0.0,0.0,0.0,0.0,0.0,0.0,0.0,0.0,0.0,0.0,0.0,0.0,0.0,0.0,0.0,0.0,0.0,0.0,0.0,1.0,0.0,0.0,0.0,1.0,1.0,5821.2,554.0,555.68,554.235955624355,0.5756168526375636,554.84,83784632.52504076,9.5,33.29377532182486,0.8170430649049181,5.658463620001258,0.06,141.55,Other_Attack,1
0.0,54.0,6.0,64.0,0.6261529022039165,0.6261529022039165,0.0,0.0,0.0,0.0,1.0,1.0,0.0,0.0,0.0,0.0,0.0,1.0,1.0,0.0,0.0,0.0,0.0,0.0,0.0,0.0,1.0,0.0,0.0,0.0,0.0,1.0,1.0,567.0,54.0,54.0,54.0,0.0,54.0,83330968.15686588,9.5,10.392304845413264,0.0,0.0,0.0,141.55,DDoS-PSHACK_Flood,1
14.281506419181824,1285849.0,6.0,232.0,86.51046731303539,86.51046731303539,0.0,0.0,0.0,0.0,0.0,1.0,0.0,0.0,0.0,2.0,0.0,60.0,1234.5,0.0,1.0,0.0,0.0,0.0,0.0,0.0,1.0,0.0,0.0,0.0,0.0,1.0,1.0,1250.0,54.0,214.0,81.18111085208221,42.04385402887356,66.0,166519665.43953252,13.5,12.744872581594953,59.5822443909149,1786.435313880323,1.0,244.6,BenignTraffic,0
0.0693461036682129,28039.0,17.0,64.0,8141.920016010413,8141.920016010413,0.0,0.0,0.0,0.0,0.0,0.0,0.0,0.0,0.0,0.0,0.0,0.0,0.0,0.0,0.0,0.0,0.0,0.0,0.0,0.0,0.0,1.0,0.0,0.0,0.0,1.0,1.0,525.0,50.0,50.0,50.0,0.0,50.0,83123503.57872345,9.5,10.0,0.0,0.0,0.0,141.55,DDoS-UDP_Flood,1
0.0089619302749633,64.8,6.0,64.0,48.70647148058708,48.70647148058708,0.0,0.0,1.0,0.0,0.0,0.0,0.0,0.0,0.0,1.2,0.0,0.0,0.0,0.0,0.0,0.0,0.0,0.0,0.0,0.0,1.0,0.0,0.0,0.0,0.0,1.0,1.0,567.0,54.0,54.0,54.0,0.0,54.0,83362539.69402312,9.5,10.392304845413264,0.0,0.0,0.0,141.55,DDoS-SynonymousIP_Flood,1
0.0,0.0,47.0,64.0,0.7614367903801841,0.7614367903801841,0.0,0.0,0.0,0.0,0.0,0.0,0.0,0.0,0.0,0.0,0.0,0.0,0.0,0.0,0.0,0.0,0.0,0.0,0.0,0.0,0.0,0.0,0.0,0.0,0.0,1.0,1.0,6069.0,578.0,578.0,578.0,0.0,578.0,83586099.92639928,9.5,34.0,0.0,0.0,0.0,141.55,Other_Attack,1
8.875161957740783,95134.0,11.5,56.8,25.69514058063421,25.69514058063421,0.0,0.0,0.0,0.0,0.0,0.0,0.0,0.0,0.0,0.2,0.0,39.0,148.5,0.0,0.0,0.0,0.0,0.0,0.0,0.0,0.0,0.0,0.0,0.0,0.0,1.0,1.0,20254.7,219.8,2962.0,1347.350664870905,827.6853731968292,351.7,166523395.9037258,13.5,51.81067382568724,1171.8392371198718,698752.3351688066,1.0,244.6,BenignTraffic,0
5.705700466632843,108.0,6.0,64.0,0.3505267040571326,0.3505267040571326,0.0,0.0,1.0,0.0,0.0,0.0,0.0,0.0,0.0,2.0,0.0,0.0,0.0,0.0,1.0,0.0,0.0,0.0,0.0,0.0,1.0,0.0,0.0,0.0,0.0,1.0,1.0,567.0,54.0,54.0,54.0,0.0,54.0,82985959.3007699,9.5,10.392304845413264,0.0,0.0,0.0,141.55,DoS-SYN_Flood,1
0.5499974799156189,87.48,6.0,64.0,3.55439464884914,3.55439464884914,0.0,0.0,1.0,0.0,0.0,0.0,0.0,0.0,0.0,1.62,0.0,0.0,0.0,0.0,0.0,0.0,0.0,0.0,0.0,0.0,1.0,0.0,0.0,0.0,0.0,1.0,1.0,567.0,54.0,54.0,54.0,0.0,54.0,83361322.12663774,9.5,10.392304845413264,0.0,0.0,0.0,141.55,DDoS-SynonymousIP_Flood,1
0.1382588052749633,31327.5,17.0,64.0,4504.955015023159,4504.955015023159,0.0,0.0,0.0,0.0,0.0,0.0,0.0,0.0,0.0,0.0,0.0,0.0,0.0,0.0,0.0,0.0,0.0,0.0,0.0,0.0,0.0,1.0,0.0,0.0,0.0,1.0,1.0,525.0,50.0,50.0,50.0,0.0,50.0,83102030.63702743,9.5,10.0,0.0,0.0,0.0,141.55,DDoS-UDP_Flood,1
0.0,54.0,6.0,64.0,10.366486171958638,10.366486171958638,0.0,0.0,0.0,0.0,1.0,1.0,0.0,0.0,0.0,0.0,0.0,1.0,1.0,0.0,0.0,0.0,0.0,0.0,0.0,0.0,1.0,0.0,0.0,0.0,0.0,1.0,1.0,567.0,54.0,54.0,54.0,0.0,54.0,83331107.69789125,9.5,10.392304845413264,0.0,0.0,0.0,141.55,DDoS-PSHACK_Flood,1
40.04441454410553,2597903.7,6.0,114.1,52.69635548272468,52.69635548272468,0.0,0.0,0.0,0.0,0.0,1.0,0.0,0.0,0.0,0.6,0.0,95.1,2484.5,0.0,1.0,0.0,0.0,0.0,0.0,0.0,1.0,0.0,0.0,0.0,0.0,1.0,1.0,10365.8,66.0,1514.0,664.215168241631,705.9313614841599,657.8,166525492.92631704,13.5,36.49475930604243,998.6279980239658,498797.0843175888,1.0,244.6,BenignTraffic,0
0.0019496893882751,68.05,6.11,64.64,58.60027434548738,58.60027434548738,0.0,1.0,0.0,1.0,0.0,0.0,0.0,0.0,0.98,0.0,0.98,0.03,0.05,0.0,0.0,0.0,0.0,0.0,0.0,0.0,1.0,0.0,0.0,0.0,0.0,1.0,1.0,570.4,54.0,57.4,54.24453302442313,0.860547378705329,54.52,83344007.51642834,9.5,10.415798148081194,1.220933536268288,5.026157777733214,0.19,141.55,DDoS-RSTFINFlood,1
0.0,54.0,6.0,64.0,20.06972055633534,20.06972055633534,0.0,0.0,0.0,0.0,0.0,0.0,0.0,0.0,0.0,0.0,0.0,0.0,0.0,1.0,0.0,0.0,0.0,0.0,0.0,0.0,1.0,0.0,0.0,0.0,0.0,1.0,1.0,567.0,54.0,54.0,54.0,0.0,54.0,83068400.46819526,9.5,10.392304845413264,0.0,0.0,0.0,141.55,DDoS-TCP_Flood,1
0.0,54.0,6.0,64.0,3.7741156632219344,3.7741156632219344,0.0,1.0,0.0,1.0,0.0,0.0,0.0,0.0,1.0,0.0,1.0,0.0,0.0,0.0,0.0,0.0,0.0,0.0,0.0,0.0,1.0,0.0,0.0,0.0,0.0,1.0,1.0,567.0,54.0,54.0,54.0,0.0,54.0,83345110.3669439,9.5,10.392304845413264,0.0,0.0,0.0,141.55,DDoS-RSTFINFlood,1
0.0,0.0,1.0,64.0,22.97437368321724,22.97437368321724,0.0,0.0,0.0,0.0,0.0,0.0,0.0,0.0,0.0,0.0,0.0,0.0,0.0,0.0,0.0,0.0,0.0,0.0,0.0,0.0,0.0,0.0,0.0,0.0,1.0,1.0,1.0,441.0,42.0,42.0,42.0,0.0,42.0,83150257.72225013,9.5,9.16515138991168,0.0,0.0,0.0,141.55,DDoS-ICMP_Flood,1
5.537528762817383,134.94,6.11,64.24,1.2880847293796962,1.2880847293796962,0.0,0.0,1.0,0.0,0.0,0.0,0.0,0.0,0.04,1.98,0.0,0.05,0.21,0.0,0.0,0.0,0.0,0.0,0.0,0.0,1.0,0.0,0.0,0.0,0.0,1.0,1.0,579.65,54.0,66.05,54.666541279669765,2.686677285735336,58.43,82977025.37234253,9.5,10.450614297053976,3.729901383814281,227.04734475926048,0.04,141.55,DoS-SYN_Flood,1
58.51273658275604,1093749.6,7.1,182.3,58.11285200822586,58.11285200822586,0.0,0.0,0.0,0.0,0.0,1.0,0.0,0.0,0.0,1.2,0.0,354.2,1605.0,0.0,1.0,0.0,0.0,0.0,0.0,0.0,1.0,0.0,0.0,0.0,0.0,1.0,1.0,1091.8,66.0,116.8,69.63625386996904,12.24302195320432,91.4,166522377.99154592,13.5,11.799032063525615,17.445202223111714,419.9803017377719,0.4,244.6,BenignTraffic,0
0.0,54.0,6.0,64.0,3.500685229915084,3.500685229915084,0.0,0.0,0.0,0.0,0.0,0.0,0.0,0.0,0.0,0.0,0.0,0.0,0.0,0.0,0.0,0.0,0.0,0.0,0.0,0.0,1.0,0.0,0.0,0.0,0.0,1.0,1.0,567.0,54.0,54.0,54.0,0.0,54.0,83072029.7503695,9.5,10.392304845413264,0.0,0.0,0.0,141.55,DDoS-TCP_Flood,1
0.1766814041137695,252459.5,17.0,64.0,943.4098920284029,943.4098920284029,0.0,0.0,0.0,0.0,0.0,0.0,0.0,0.0,0.0,0.0,0.0,0.0,0.0,0.0,0.0,0.0,0.0,0.0,0.0,0.0,0.0,0.0,0.0,0.0,0.0,1.0,1.0,10137.0,419.6,1514.0,999.4377592685952,544.1388529349124,938.0,83369920.01920575,9.5,44.66693408895647,769.4720946711853,311678.81155949883,0.95,141.55,Other_Attack,1
0.0,54.12,6.0,64.0,0.5000049770373798,0.5000049770373798,0.0,0.0,1.0,0.0,0.0,0.0,0.0,0.0,0.01,0.99,0.0,0.0,0.01,0.0,0.0,0.0,0.0,0.0,0.0,0.0,1.0,0.0,0.0,0.0,0.0,1.0,1.0,569.4,54.12,56.4,54.43172875885725,0.7148384987317374,54.12,82985551.45870762,9.5,10.432930495448588,1.0118425526371368,2.8856705890687686,0.19,141.55,DoS-SYN_Flood,1
0.0,54.0,6.0,64.0,60.39525808780727,60.39525808780727,0.0,0.0,1.0,0.0,0.0,0.0,0.0,0.0,0.0,1.0,0.0,0.0,0.0,0.0,0.0,0.0,0.0,0.0,0.0,0.0,1.0,0.0,0.0,0.0,0.0,1.0,1.0,567.0,54.0,54.0,54.0,0.0,54.0,83362530.0297754,9.5,10.392304845413264,0.0,0.0,0.0,141.55,DDoS-SynonymousIP_Flood,1
0.0060195302963256,1.98,46.59,64.0,2.069806836859803,2.069806836859803,0.0,0.0,0.0,0.0,0.0,0.0,0.0,0.0,0.0,0.0,0.0,0.0,0.03,0.0,0.0,0.0,0.0,0.0,0.0,0.0,0.0,0.0,0.0,0.0,0.0,1.0,1.0,6033.16,542.16,578.0,575.8618577817092,8.471767185821202,572.88,83574167.2166173,9.5,33.93584143655825,12.019640171958793,1034.676999621168,0.07,141.55,Other_Attack,1
0.0,54.0,6.0,64.0,4.932330697387949,4.932330697387949,0.0,0.0,0.0,0.0,0.0,0.0,0.0,0.0,0.0,0.0,0.0,0.0,0.0,0.0,1.0,0.0,0.0,0.0,0.0,0.0,1.0,0.0,0.0,0.0,0.0,1.0,1.0,567.0,54.0,54.0,54.0,0.0,54.0,83076365.41086015,9.5,10.392304845413264,0.0,0.0,0.0,141.55,DDoS-TCP_Flood,1
4.572379403114319,107.78,6.11,64.64,0.4330361880635988,0.4330361880635988,0.0,0.0,0.0,0.0,0.0,0.0,0.0,0.0,0.0,0.0,0.0,0.0,0.0,1.0,0.0,0.0,0.0,0.0,0.0,0.0,1.0,0.0,0.0,0.0,0.0,1.0,1.0,570.2,54.0,57.2,54.21400684901613,0.7951925023921976,54.32,82943056.68097824,9.5,10.412770233444054,1.1269940291118896,6.397310835443923,0.1,141.55,DoS-TCP_Flood,1
0.0,0.0,1.0,64.0,1.277709866493718,1.277709866493718,0.0,0.0,0.0,0.0,0.0,0.0,0.0,0.0,0.0,0.0,0.0,0.0,0.0,0.0,0.0,0.0,0.0,0.0,0.0,0.0,0.0,0.0,0.0,0.0,1.0,1.0,1.0,441.0,42.0,42.0,42.0,0.0,42.0,83127724.90126625,9.5,9.16515138991168,0.0,0.0,0.0,141.55,DDoS-ICMP_Flood,1
4.843879516124725,108.0,6.0,64.0,0.4128921886262688,0.4128921886262688,0.0,0.0,0.0,0.0,0.0,0.0,0.0,0.0,0.0,0.0,0.0,0.0,0.0,0.0,0.0,0.0,0.0,0.0,0.0,0.0,1.0,0.0,0.0,0.0,0.0,1.0,1.0,567.0,54.0,54.0,54.0,0.0,54.0,82943175.84827788,9.5,10.392304845413264,0.0,0.0,0.0,141.55,DoS-TCP_Flood,1
0.0,54.0,6.0,64.0,26.229892029980206,26.229892029980206,0.0,0.0,0.0,0.0,0.0,0.0,0.0,0.0,0.0,0.0,0.0,0.0,0.0,0.0,0.0,0.0,0.0,0.0,0.0,0.0,1.0,0.0,0.0,0.0,0.0,1.0,1.0,567.0,54.0,54.0,54.0,0.0,54.0,83076428.6263464,9.5,10.392304845413264,0.0,0.0,0.0,141.55,DDoS-TCP_Flood,1
2.710171053409576,169.56,6.0,64.0,1.7306603434819463,1.7306603434819463,0.0,0.0,1.0,0.0,0.0,0.0,0.0,0.0,0.0,3.14,0.0,0.0,0.0,0.0,0.0,0.0,0.0,0.0,0.0,0.0,1.0,0.0,0.0,0.0,0.0,1.0,1.0,567.0,54.0,54.0,54.0,0.0,54.0,83362102.77386473,9.5,10.392304845413264,0.0,0.0,0.0,141.55,DDoS-SynonymousIP_Flood,1
0.0,162.0,17.0,64.0,3.0430284523820017,3.0430284523820017,0.0,0.0,0.0,0.0,0.0,0.0,0.0,0.0,0.0,0.0,0.0,0.0,0.0,0.0,0.0,0.0,0.0,0.0,0.0,0.0,0.0,1.0,0.0,0.0,0.0,1.0,1.0,1701.0,162.0,162.0,162.0,0.0,162.0,83007915.92385887,9.5,18.0,0.0,0.0,0.0,141.55,DoS-UDP_Flood,1
0.0,54.0,6.0,64.0,0.96963024102373,0.96963024102373,0.0,0.0,1.0,0.0,0.0,0.0,0.0,0.0,0.0,1.0,0.0,0.0,0.0,0.0,0.0,0.0,0.0,0.0,0.0,0.0,1.0,0.0,0.0,0.0,0.0,1.0,1.0,567.0,54.0,54.0,54.0,0.0,54.0,83093274.75310001,9.5,10.392304845413264,0.0,0.0,0.0,141.55,DDoS-SYN_Flood,1
4.263599953651428,108.4,6.05,63.36,1.3678288824136424,1.3678288824136424,0.0,0.0,1.0,0.0,0.0,0.0,0.0,0.0,0.0,1.96,0.01,0.0,0.01,0.0,0.0,0.0,0.0,0.0,0.0,0.0,1.0,0.0,0.0,0.0,0.0,1.0,1.0,573.26,54.0,58.7,54.59761846628603,1.3326081208699834,54.39,82972892.5980333,9.5,10.448829663349883,1.886713087046734,11.072422567720407,0.17,141.55,DoS-SYN_Flood,1
0.0526457238197326,21575.0,17.0,64.0,8097.782718966766,8097.782718966766,0.0,0.0,0.0,0.0,0.0,0.0,0.0,0.0,0.0,0.0,0.0,0.0,0.0,0.0,0.0,0.0,0.0,0.0,0.0,0.0,0.0,1.0,0.0,0.0,0.0,1.0,1.0,525.0,50.0,50.0,50.0,0.0,50.0,83102360.13979197,9.5,10.0,0.0,0.0,0.0,141.55,DDoS-UDP_Flood,1
0.0,54.0,6.0,64.0,292.18418669453155,292.18418669453155,0.0,0.0,0.0,0.0,1.0,1.0,0.0,0.0,0.0,0.0,0.0,1.0,1.0,0.0,0.0,0.0,0.0,0.0,0.0,0.0,1.0,0.0,0.0,0.0,0.0,1.0,1.0,567.0,54.0,54.0,54.0,0.0,54.0,83331091.10581894,9.5,10.392304845413264,0.0,0.0,0.0,141.55,DDoS-PSHACK_Flood,1
4.179544472694397,652405.5,5.4,207.9,144.2035375873249,144.2035375873249,0.0,0.0,0.0,0.0,0.0,1.0,0.0,0.0,0.0,1.8,0.0,21.6,602.1,0.0,1.0,0.0,0.0,0.0,0.0,0.0,1.0,0.0,0.0,0.0,0.0,1.0,1.0,20310.0,50.0,5858.0,1355.8594053044478,1786.3962303207634,65.4,166525268.5439543,13.5,51.96948021505675,2530.2889083892137,3206973.406587481,1.0,244.6,BenignTraffic,0
0.0,54.0,6.0,64.0,59.47595751620086,59.47595751620086,0.0,0.0,1.0,0.0,0.0,0.0,0.0,0.0,0.0,1.0,0.0,0.0,0.0,0.0,0.0,0.0,0.0,0.0,0.0,0.0,1.0,0.0,0.0,0.0,0.0,1.0,1.0,567.0,54.0,54.0,54.0,0.0,54.0,83093304.51224124,9.5,10.392304845413264,0.0,0.0,0.0,141.55,DDoS-SYN_Flood,1
0.0,54.0,6.0,64.0,7.703865337230908,7.703865337230908,0.0,0.0,0.0,0.0,1.0,1.0,0.0,0.0,0.0,0.0,0.0,1.0,1.0,0.0,0.0,0.0,0.0,0.0,0.0,0.0,1.0,0.0,0.0,0.0,0.0,1.0,1.0,567.0,54.0,54.0,54.0,0.0,54.0,83314390.63964683,9.5,10.392304845413264,0.0,0.0,0.0,141.55,DDoS-PSHACK_Flood,1
0.0419481682777404,718.4,6.0,65.7,15.46998041529463,15.46998041529463,0.0,0.0,0.0,0.0,0.0,0.0,0.0,0.0,0.0,0.0,0.0,0.05,0.72,0.0,0.0,0.0,0.0,0.0,0.0,0.0,1.0,0.0,0.0,0.0,0.0,1.0,1.0,757.76,54.0,244.76,68.73062818605543,50.308024766055226,68.72,82950669.21091105,9.5,11.41304808316705,71.25770326680328,19672.73419000181,0.21,141.55,DoS-TCP_Flood,1
0.0,54.0,6.0,64.0,202.2618507980904,202.2618507980904,0.0,1.0,0.0,1.0,0.0,0.0,0.0,0.0,1.0,0.0,1.0,0.0,0.0,0.0,0.0,0.0,0.0,0.0,0.0,0.0,1.0,0.0,0.0,0.0,0.0,1.0,1.0,567.0,54.0,54.0,54.0,0.0,54.0,83344119.44346178,9.5,10.392304845413264,0.0,0.0,0.0,141.55,DDoS-RSTFINFlood,1
6.187408292293549,225.84,6.0,64.0,0.6600488805911717,0.6600488805911717,0.0,0.0,0.0,1.0,0.0,0.0,0.0,0.0,0.0,3.11,0.99,0.0,1.11,0.0,0.0,0.0,0.0,0.0,0.0,0.0,1.0,0.0,0.0,0.0,0.0,1.0,1.0,570.12,54.0,54.48,54.1984375954283,0.2236385462311499,54.48,82972624.14463137,9.5,10.411157722952762,0.3164893241471749,0.4229425847594706,0.12,141.55,DoS-SYN_Flood,1
0.0,54.0,6.0,64.0,12.112533860077743,12.112533860077743,0.0,1.0,0.0,1.0,0.0,0.0,0.0,0.0,1.0,0.0,1.0,0.0,0.0,0.0,1.0,0.0,0.0,0.0,0.0,0.0,1.0,0.0,0.0,0.0,0.0,1.0,1.0,567.0,54.0,54.0,54.0,0.0,54.0,83340930.02005711,9.5,10.392304845413264,0.0,0.0,0.0,141.55,DDoS-RSTFINFlood,1
0.0837618851661682,18234.28,17.0,65.75,5995.995794730382,5995.995794730382,0.0,0.0,0.0,0.0,0.0,0.0,0.0,0.0,0.0,0.0,0.0,0.0,0.0,0.0,0.0,0.0,0.0,0.0,0.0,0.0,0.0,1.0,0.0,0.0,0.0,1.0,1.0,563.4,50.48,88.4,54.4528464182876,11.05398047507316,52.28,83101936.31456004,9.5,10.409033299006476,15.649945909717385,481.69661196557325,0.35,141.55,DDoS-UDP_Flood,1
0.0,0.0,1.0,64.0,2.249107554029901,2.249107554029901,0.0,0.0,0.0,0.0,0.0,0.0,0.0,0.0,0.0,0.0,0.0,0.0,0.0,0.0,0.0,0.0,0.0,0.0,0.0,0.0,0.0,0.0,0.0,0.0,1.0,1.0,1.0,441.0,42.0,42.0,42.0,0.0,42.0,83124710.73736584,9.5,9.16515138991168,0.0,0.0,0.0,141.55,DDoS-ICMP_Flood,1
0.0091217708587646,55.12,6.0,64.0,6.499704428261532,6.499704428261532,0.0,0.0,1.0,0.0,0.0,0.0,0.0,0.0,0.0,1.01,0.01,0.0,0.01,0.0,0.0,0.0,0.0,0.0,0.0,0.0,1.0,0.0,0.0,0.0,0.0,1.0,1.0,567.0,54.0,54.0,54.0,0.0,54.0,82973031.74848717,9.5,10.392304845413264,0.0,0.0,0.0,141.55,DoS-SYN_Flood,1
0.0280023002624511,11.34,45.99,65.11,309753.2483267335,309753.2483267335,0.0,0.0,0.0,0.0,0.0,0.0,0.0,0.0,0.0,0.0,0.0,0.02,0.04,0.0,0.0,0.0,0.0,0.0,0.0,0.0,0.0,0.0,0.0,0.0,0.0,1.0,1.0,5836.45,431.67,578.0,551.4523956937026,50.2906953757764,563.81,83663892.07233225,9.5,33.15593122839432,71.20336387601488,8761.252000882254,0.31,141.55,Other_Attack,1
27.26149680614472,360754.6,9.3,204.3,101.60506029488954,101.60506029488954,0.0,0.0,0.0,0.0,0.0,1.0,0.0,0.0,0.0,1.0,0.0,94.7,445.8,0.0,1.0,0.0,0.0,0.0,0.0,0.0,1.0,0.0,0.0,0.0,0.0,1.0,1.0,965.3,95.6,366.3,188.14694444444444,92.35570757208224,142.3,0.014028000831604,5.5,19.331708822617674,130.61069421100223,10686.299630180776,0.9,38.5,BenignTraffic,0
0.0,54.0,6.0,64.0,48.942845807370055,48.942845807370055,0.0,1.0,0.0,1.0,0.0,0.0,0.0,0.0,1.0,0.0,1.0,0.0,0.0,0.0,0.0,0.0,0.0,0.0,0.0,0.0,1.0,0.0,0.0,0.0,0.0,1.0,1.0,567.0,54.0,54.0,54.0,0.0,54.0,83344173.37113173,9.5,10.392304845413264,0.0,0.0,0.0,141.55,DDoS-RSTFINFlood,1
0.0,54.0,6.0,64.0,1.5737956870467311,1.5737956870467311,0.0,0.0,1.0,0.0,0.0,0.0,0.0,0.0,0.0,1.0,0.0,0.0,0.0,0.0,0.0,0.0,0.0,0.0,0.0,0.0,1.0,0.0,0.0,0.0,0.0,1.0,1.0,567.0,54.0,54.0,54.0,0.0,54.0,83089135.02745332,9.5,10.392304845413264,0.0,0.0,0.0,141.55,DDoS-SYN_Flood,1
0.0,0.0,1.0,64.0,8.75587309705601,8.75587309705601,0.0,0.0,0.0,0.0,0.0,0.0,0.0,0.0,0.0,0.0,0.0,0.0,0.0,0.0,0.0,0.0,0.0,0.0,0.0,0.0,0.0,0.0,0.0,0.0,1.0,1.0,1.0,441.0,42.0,42.0,42.0,0.0,42.0,83150275.49312514,9.5,9.16515138991168,0.0,0.0,0.0,141.55,DDoS-ICMP_Flood,1
0.2251078081130981,32245.0,17.0,64.0,2856.631004505011,2856.631004505011,0.0,0.0,0.0,0.0,0.0,0.0,0.0,0.0,0.0,0.0,0.0,0.0,0.0,0.0,0.0,0.0,0.0,0.0,0.0,0.0,0.0,1.0,0.0,0.0,0.0,1.0,1.0,525.0,50.0,50.0,50.0,0.0,50.0,83016510.81402613,9.5,10.0,0.0,0.0,0.0,141.55,DoS-UDP_Flood,1
0.0450629496574401,11585.32,16.89,65.91,13266.168899520317,13266.168899520317,0.0,0.0,0.0,0.0,0.0,0.0,0.0,0.0,0.0,0.04,0.0,0.0,0.02,0.0,0.0,0.0,0.0,0.0,0.0,0.0,0.0,1.0,0.0,0.0,0.0,1.0,1.0,525.32,50.0,50.32,50.01736085311317,0.0724477893391163,50.08,83011749.49951416,9.5,10.001753287140096,0.1030621481301881,0.1328354875465777,0.04,141.55,DoS-UDP_Flood,1
0.0045145893096923,10.18,1.15,63.85,3.802330301472352,3.802330301472352,0.0,0.0,0.0,0.0,0.0,0.0,0.0,0.0,0.0,0.04,0.0,0.02,0.06,0.0,0.0,0.0,0.0,0.0,0.0,0.0,0.0,0.0,0.0,0.0,1.0,1.0,1.0,9685.12,355.12,1490.96,934.4735864027612,548.830524276733,919.64,83283932.41346556,9.5,43.07794465682517,776.0585984196264,317191.27979942993,0.95,141.55,Other_Attack,1
0.0,54.0,6.0,64.0,2.009395903864992,2.009395903864992,0.0,0.0,1.0,0.0,0.0,0.0,0.0,0.0,0.0,1.0,0.0,0.0,0.0,0.0,0.0,0.0,0.0,0.0,0.0,0.0,1.0,0.0,0.0,0.0,0.0,1.0,1.0,567.0,54.0,54.0,54.0,0.0,54.0,82985576.26339424,9.5,10.392304845413264,0.0,0.0,0.0,141.55,DoS-SYN_Flood,1
7.064062428474426,2749084.0,6.0,64.0,361.35593013735024,361.35593013735024,0.0,0.0,0.0,0.0,0.0,1.0,0.0,0.0,0.0,0.0,0.0,0.0,2552.4,0.0,1.0,0.0,0.0,0.0,0.0,0.0,1.0,0.0,0.0,0.0,0.0,1.0,1.0,1019.0,58.0,70.0,65.73249143872982,2.2867463814739635,66.0,166612150.4265725,13.5,11.46572537132486,3.24118194186819,5.296558903624009,1.0,244.6,Other_Attack,1
